vol	scan_page	before	garbage	after	script	reading	conf
v1	84	and bruise	(paftcoi/>,	vibex, the	grc	(μώλωψ	96
v1	90	3. p. 87) that	n^isia	is applied	heb	מועדירם	73
v1	91	of the older versions	D^Vsa	is	heb	מעללים	88
v1	92	and the Rabbins, make	"p^n	a passive	heb	חמוץ	92
v1	93	LXX. sav &&IJTS xal	siaaxov^rjis	fiov. Vulg.	grc	εἰσακουσῆτε	69
v1	95	compensations. LXX. avTanodopa. Symm.	a(iot.fid<i)	• The	grc	ἀμοιβάς)	96
v1	103		n*>a*n	rvnnxs ,	heb	הלמים	86
v1	111		(tfp^-iStt	Targ. on	heb	אפריקא)	89
v1	114	word	^isrft,	as it	heb	לחפר	76
v1	118	sions (Sept.	Iff^vowtt	x«/ iG%vovGav.	grc	ἰσχύοντα	97
v1	118	idea here expressed by	^'sa	is	heb	פפיר	80
v1	121	(srttbri), the Septuagint	k^na.Uitu-9	the Vulgate	grc	ἐμπαίκται	90
v1	125	in giving to	^TOS	the sense	heb	גמול	91
v1	130	bracelets by the Septuagint	(t^'Mia)	and Ewald	grc	(ψέλλια)	89
v1	131	Vs. hoods) Henderson supposes	nie^s	to denote	heb	צנִיפות	83
v1	131	reads ^:«	^na	as two	heb	פתי	66
v1	136	event of moment. As	d^n	may be	heb	חלים	69
v1	143	Septuagint	(^eivi),	is entitled	grc	(ἔμεινε)	87
v1	143		n^ma	in the	heb	באשים	91
v1	149	The same application of	o-^nxE	occurs in	heb	מאחרים	71
v1	151	have been synonymous with	^>tB	to be	heb	שעל	79
v1	153	the Vulgate in rendering	tiiYi^n	bxin	heb	הקדוש	91
v1	154	sheep.—The Vulgate explains	D^n^ nis^n	to mean	heb	חרבות מְחִים	68
v1	154	25: 13. Hitzig supposes	n^n^	to denote	heb	מחים	89
v1	154	(Cappellus, Bauer) or	D^ns	(Durell, Seeker,	heb	גדרם	82
v1	155	(Bib. Soncin., 14 MSS.),	i^arc	for ibana	heb	כחבלי	92
v1	160	vovg 'Ptopaiovg dia rovrcav	{i'i|e),	the Babylonians	grc	ἤνιξε)	76
v1	169	text of which has	xarcmVt^o*,	I am	grc	κατανένυγμαι	81
v1	173	sometimes simply equivalent to	s<b,	or that	heb	לא	88
v1	173	(naQOipia.) ,	bq^vrag	py oQav	grc	ὁρῶντας	95
v1	181	explained, not by supplying	m^Va	(Jarchi) or	heb	מלכות	75
v1	185	forth), as identical with	X^EI	(i. q.	heb	רמלא	96
v1	199	gint ($;£(,	rt^srai)	is retained	grc	τέξεται)	89
v1	205	no need of making	nj<	a preposition	heb	את	97
v1	206	land (Barnes). By making	ri^p	denote the	heb	קצה	93
v1	207	away. The words iim	"f^n	are rejected	heb	במלך	90
v1	212	understand	E^n	itself as	heb	הרים	89
v1	215	Peshito make it imperative	(jjtd^ivgds	fjtoi noirfiov),	grc	(μάρτυράς	96
v1	219	its banks and overflowing	T^V	y\v 'Adtivgiav.	grc	τὴν	83
v1	223	that ama bears to	iK^n	and -piya	heb	תיראו	83
v1	224	that the preposition before	^xb	does not	heb	למדר	81
v1	233	a simple derivative of	n^t	with	heb	צלם	92
v1	234	in the English version.	"^sps	is not	heb	בקציר	92
v1	238	will certainly be burned	(ftB^irb	rwn).	heb	לשרפה)	90
v1	239	verb	fi^pi	may agree	heb	יקרא	70
v1	240	themselves is changed,	s^z	is either	heb	פכא	68
v1	241	re-unite the divided house	~of	Israel, although	grc	«οἵ	78
v1	241	verb is introduced before	KD=>	}a by	heb	כסא	87
v1	246	in the Masora, viz.	mia^n	nz-i tb—to	heb	המשרה	95
v1	247	motion. The Septuagint renders	^BU	came, the	heb	נפל	71
v1	248	sisb, by the Septuagint	(vi/^ij	%aQdfa)t	grc	(ὑψηλῇ	96
v1	250	verse). The suffix in	T^S	refers, not	heb	עליו	88
v1	252	A single manuscript reads	bs>	for is.	heb	על	89
v1	253		D^S	Kiiua, vide	heb	פנ"ם	81
v1	255	Henderson refers it to	"n^xa	as its	heb	מאשרר	78
v1	255	Calvin explains	ii^sa	12*1 as	heb	נבלה	92
v1	258	the Targum	(ms^p	^^) and	heb	קריביה)	91
v1	262	verb directly pxx/UVoyrfff XQIGIV	TTTCO^V).	This	grc	πτωχῶν)	84
v1	264	is merely a nar-.p	V'^j	or particle	heb	לשין	76
v1	265	verse with the next	(r^v ony^v	pov	grc	(τὴν ὀργὴν	95
v1	265	use of the word	^la	in application	heb	גור	73
v1	269	is the omission of	s^n	altogether. Luther,	heb	הלא	95
v1	272	some writers explain	t^w	as meaning	heb	רשבים	68
v1	272	past exploits. Clericus renders	b^n	by	heb	חיל	84
v1	273	sense is put upon	b^sm	by Luther	heb	לתגדל	87
v1	274	correspondence of Jpiia and	d^na.	The	heb	כהרים	67
v1	276	cognate but distinct form	(^itf).	According to	heb	(אור)	90
v1	277	Rosenmuller and August!, take	iVa^o	as a	heb	כרמלו	91
v1	278	ceius makes	bt>2	the nominative	heb	נסס	85
v1	278	bt>2 the nominative before	r^n,	Junius the	heb	היה	78
v1	278	it the infinitive of	ep^a	to melt,	heb	מסס	84
v1	286	both zs t and	^QX	to God's	heb	אפר	74
v1	286	Israel, and	^QK	to his	heb	אפר	76
v1	287	suffix in waa to	^rtuJx,	by which	grc	ΩΝ	67
v1	287	Lowth reads	fc^EStt)	on the	heb	שכמכם	69
v1	288	"jEtti, some give to	^as	its strict	heb	פנר	75
v1	292	and others render nwb	"n^pfi		heb	חקשיבי	85
v1	292	verb—cause Laishah to hear—but	^prt	always means	heb	הקשיב	91
v1	292	a proper name with	n^a	left out	heb	ב"ת	88
v1	294	For the same cause,	a^naa'	should not	heb	גבח"ם	68
v1	295	a mere suggestion, that	T^nx	is possibly	heb	אדיר	84
v1	297	seems to explain srjrn	n^n	as the	heb	רוח	79
v1	300	feits. Gataker understands	mninx^a	as denoting	heb	ביראתיהוה	90
v1	301	to stB'n the word	bi^a-w,	used by	heb	ארמילוס	87
v1	304	a hole or cavity,	STI^ISE	properly a	heb	מאגרה	82
v1	304	admits the derivation from	^n'tf.	Aben Ezra	heb	אפר	75
v1	307	bji show understood (rov	foi^ai),	nor	grc	δεῖξαι)	73
v1	308	sign or signal (LXX.	a^ior,	Vulg. signum)	grc	σημεῖον	84
v1	318		r.5B^a	from 5B^.—The	heb	מרפעת	79
v1	322	and sometimes by	Ifj^fia	(from Kiss	grc	λῆμμα	95
v1	323	Septuagint	(avol^ars	ol aQjowig)—the	grc	(ἀνοίξατε	95
v1	324	natural to suppose that	ttJ^p	is here	heb	קדש	74
v1	324	pQKJTttf)—by Herodotus himself	(yopi^ovTsg	savrovs tlvai	grc	(νομίζοντες	91
v1	324	ra navra aQisrovq)—by JEschylus	(^n^o^noi	ayav)—and by	grc	(ὑπέρκομποι	93
v1	325	The rendering of "pans	^ip	tumultuous noise	heb	קול	96
v1	329	of trembling given to	"p^rr	by	heb	יחילון	69
v1	329	as the plural of	nn^	a flame.	heb	להב	90
v1	331	explains	d-^w	as a	heb	כסילים	78
v1	331	other writers make	b^ba	the name	heb	כסיל	92
v1	337	both sexes, as	D^a	does when	heb	בנ"ם	75
v1	337	Kimchi, ias means delight	("j^ri),	and mabaa	heb	(חפץ)	79
v1	338	clause, the verbal noun	nrsn^	is construed	heb	מהפכת	87
v1	340	the obvious allusion in	i^s^i	and lisw	heb	רבצו	96
v1	341	favours the explanation of	t^nx	in its	heb	אחים	87
v1	342	the Septuagint version of	M3S^	maa (asiQ^vst;)	heb	רענה	93
v1	342	version of M3S^ maa	(asiQ^vst;)	or of	grc	(σειρῆνες)	85
v1	347	irregular. Aben Ezra refers	^ss>	and	heb	ששב	95
v1	353	Isaiah, derives	^NS^I	from fiBn	heb	רפאים	82
v1	354	D. Michaelis, who detaches	^aia		heb	בואך	88
v1	355	the words of the	D^a*i	to extend	heb	רפאים	75
v1	357		ISfte"^^,	and denotes	heb	אהלדמועד	65
v1	357	Calvin indeed gives to	^sia	the sense	heb	מועד	78
v1	359	Septuagint Version (eV OQSI	i>ip^/Lw,	Inl ta	grc	ὑψηλῷ	96
v1	359	translates the last words	X3is^	^o extremities	heb	צפונא	91
v1	359	the same sense to	^iBst	Td-n in	heb	צפון	93
v1	360	from the clouds. As	"p^s	was a	heb	עלרון	74
v1	363		^nba^	isia ma	heb	לכלחי	92
v1	363	of that before us	(m^bs	maa). Henderson's	heb	עלמרה)	75
v1	368	clause (xal #//'aoo avrfv	TT^OV	paQaftgov slg	grc	πηλοῦ	65
v1	368	from	B*<B,	supposing the	heb	טיט	65
v1	368	a future	(7>pi>	oipflS tor);	heb	עפיד)	83
v1	369	come to pass hereafter	(tvt>	p	heb	סיס)	84
v1	373		D^nuba	or Philistines,	heb	פלשתים	91
v1	373	Ilulatarivy, a corruption of	PIU^B	, is	heb	פלשת	90
v1	375	would point the word	^ba	and make	heb	בכר"	66
v1	376	another sense of	D^isia,	viz. assemblies,	heb	מועדירם	66
v1	377	except Symmachus who has	a^'lotg.	The older	grc	ἀγγέλοις	97
v1	378	his exegesis) and translate	ns^	as a	heb	רענה	80
v1	380		n^n	is here	heb	בית	71
v1	380	preposition before rPS and	ya^		heb	דובון	89
v1	382	same. The paronomasia in	IS^-P	and n^-P	heb	רריעו	79
v1	382	paronomasia in IS^-P and	n^-P	is copied	heb	ררעה	94
v1	383	Sodom.—The next phrase (mtt&ia	n^s?)	is famous	heb	(עגלה	86
v1	385	The very unusual form	iiss^	is by	heb	רעערו	89
v1	386	Septuagint also has %OQTOS	ylw^og.		grc	χλωρός	92
v1	387		an*'^	is regarded	heb	רשאום	77
v1	388		c"^x	(substantially equivalent	heb	אלים	86
v1	388	English. The suffix in	nnb^i	may possibly	heb	רללתה	90
v1	390	vocative, used collectively for	fc^iua	: send	heb	משלים	90
v1	396	the same sense as	D^wm	and nittriax	heb	אשישים	76
v1	396	the sea. Clericus renders	^sx	as	heb	אמלל	89
v1	396	of	V?ES<	with WBIIU,	heb	אמלל	90
v1	398	he maintains that if	d^n	in v.	heb	חלם	90
v1	399	For	T^p	and wri,	heb	קציר	83
v1	399	participle or derivative noun	("p^itt	"p^) 'ls	heb	הדרך)	92
v1	400	confines the apodosis to	^Di*1 N^I	:	heb	ולא יוכל	86
v1	401	naa as identical with	^w^oV,	and quotes	grc	βωμος	93
v1	401	applies	n^nn	±y nxba	heb	הבמה	89
v1	406	Syria shall be etc.	^xia	may either	heb	טאר	78
v1	407	i^sj? sKs. Some make	T^ap	itself	heb	קציר	91
v1	411	it necessary to translate	s>an	as a	heb	תסע	72
v1	413	it by the phrase	Di">		heb	רום	91
v1	413	usage of the word.	h,is<ia	is not	heb	טאון	78
v1	416	the agency of demons	(n^itt)).	The allusion	heb	(שדים)	83
v1	417	calling, ho! or ha!	^sba	is explained	heb	צלצל	78
v1	418	Aquila (crx/«	nt^Qvyav)	— here	grc	πτερύγων)	81
v1	418	which in Hebrew is	^sbs	(Paulus, J.	heb	צלצל	91
v1	418	my. The plural	n^bs^s	is elsewhere	heb	צלצלים	91
v1	418	Kahne!). — The relative	^tux	is construed	heb	אישר	89
v1	419	make	^sbs	a verb	heb	צלצל	87
v1	419	tringa construes it with	DS>	understood, Gesenius	heb	עם	89
v1	420	justifies the local sense.	*p~T	is explained	heb	קו-קי	67
v1	420	signifying double strength.	rioi^E	must then	heb	מבוסה	91
v1	420	The restricted explanation of	^sn	and pnK,	heb	תבל	75
v1	427	proper sense of	D^wx	seems to	heb	אטים	79
v1	427	the contemptuous import of	tn^bx	by translating	heb	אלילים	68
v1	430	older writers identified	wp^io	with sericum,	heb	שריקות	78
v1	436	against the explanation of	b^rtn		heb	ההרס	92
v1	438	and	np^s	were applied	heb	צרקה	91
v1	438	it altogether probable that	s^n-l	^ is	heb	ההרס	80
v1	443	the constant use of	"i^s?	to denote	heb	עבד	92
v1	449	and several editions read	^rn	in the	heb	רגליך	88
v1	452	the sense. The Hebrew	hs<	has no	grc	ἊΝ	68
v1	455	ijjia nearly synonymous with	^"ii'tti.	But this	heb	שודד	80
v1	455	in the similar forms	fib^s	^y.	heb	עילם	91
v1	456	and	rv^Bx	(which occurs	heb	צפית	66
v1	460	chi in explaining	n^tt	as a	heb	דומה	77
v1	470	ch. 6: 2),	d^nbh	cannot simply	heb	חמתים	79
v1	473	third class deny that	l^b	is here	heb	סכן	71
v1	475	completely and with violence,	ba^aa	is by	heb	מטלטל	83
v1	476	The oldest versions make	rvni^a	the subject	heb	מרכבות	92
v1	476	and	y^P	the predicate	heb	קלון	93
v1	476	construe rvns'na either with	ni^n	(< and	heb	תמות	69
v1	479	as their sole support,	D^XXXS	and msss	heb	צאצאים	91
v1	479	The old interpretation of	a^Si	as	heb	נבלרם	67
v1	482	this difficulty by reading	ft^assD	instead of	heb	כנצנירם	74
v1	487	Vulgate gives	m^BSa	a passive	heb	מעטירה	75
v1	488	home. Others understand	i&<h=>	to mean	heb	כיאר	84
v1	489	rection,	D^ttJa	y-ix, meaning	heb	כשדרם	89
v1	489	the text by reading	d^asaa	for d^iiBS.	heb	כנענים	90
v1	491		ta^nja,	but especially	heb	בשדים	74
v1	498	others. According to Knobel,	p^n	is put	heb	מפוק	72
v1	500	Hitzig, and Henderson understand	mii^n	as de	heb	תירוש	79
v1	500	Rosenmuller's explanation of inn	r,^"ip,	as	heb	קרית	83
v1	501	sneers of certain critics,	n^as	may either	heb	נגלת	75
v1	501	the modern writers take	n^xa	as an	heb	טוארה	74
v1	502	of taja they read	B^a	or Bi/a.	heb	מים	71
v1	503	of misery,	p^s	is not	heb	צדוק	91
v1	503	One manuscript instead of	^>ipa	reads h3BE,	heb	מקול	89
v1	505	the less probable because	n^tx	is not	heb	ארפה	80
v1	507	makes wxsas well as	fc^fi	the object	heb	פלא	91
v1	509		DI^IT	has the	heb	זרים	90
v1	509	of subject nations, or	a^is		heb	גולם	87
v1	510	account adopts the reading	^"ip	proposed	heb	קור	97
v1	511	and of superior quality.	D^ppTft	pro	heb	מזקקים	92
v1	518	who has iv ico	xvQt<p	xvQiog. Knobel	grc	χυριῷ	72
v1	521	sense of laws and	li^p	in that	heb	קוינו	80
v1	521	from the Piel of	*>rn!J	the sense	heb	שחר	96
v1	522	Even the double future	(i^tm	and itm)	heb	רחזיון)	71
v1	523	writers construe it with	Tm">	and	heb	ירתזו	66
v1	523	good sense, lab	ns^n	literally means	heb	תשפת	80
v1	525	which accompany DT\» and	D^NS^I	also show	heb	רפאים	81
v1	525	For the meaning of	t^jxm,		heb	רפאים	77
v1	526	physicians (laTQol ov py	avaaT^covai).		grc	ἀναστήσουσι)	76
v1	529	agreement with the parallel	ibs^.	The	heb	רפלו	79
v1	531	But the combination of	c^s-i	with DTE	heb	רפאים	91
v1	531	Retaining the construction of	b^sn	as a	heb	הפיל	66
v1	539	Besides	D^D	seems to	heb	פרם	86
v1	539	sion icn	">aiD	Amos 5:	heb	כרמר	91
v1	539	determined by the analogous	Di^pnb	every morning.	heb	לבקרים	77
v1	545	and complete ingathering. n'l'nsia	^na	is explained	heb	נחל	79
v1	552	As	^Ti'sa	means literally	heb	בעוד	89
v1	552	and the tfiinri	di^a	in v.	heb	ביום	66
v1	552		ns^x	seems to	heb	אישה	72
v1	552	supposes	^ab	the fading	heb	נבל	83
v1	553	where	bs>	aoi? indicates	heb	על	96
v1	554	and others needlessly take	"^bin	the general	heb	מו פהן	74
v1	555	the tables, etc. But	"Jft^tt?	is a	heb	שלחן	75
v1	555	before MNS than before	a^p.	The introduc	heb	קיא	87
v1	558	this people. As ftSW	^sb	may denote	heb	לצגר	66
v1	560	the words ata and	^pv	into a	heb	שקר	92
v1	562	no need of reading	i^ai	with	heb	לבחש	76
v1	566	be produced. The words	m^r	and "p:o3	heb	שורה	94
v1	567	Solomon (7 : 16),	j'tco^/W	VTTO	grc	γεωργίαν	96
v1	570	form into	bx-^n	(mountain of	heb	הרדאל	74
v1	571		B^&n	its usual	heb	חגים	86
v1	573	verb may agree with	"p^ft	as a	heb	המון	75
v1	576	the Hebrew	^Bt>,	which originally	grc	“ΞΌ	87
v1	577	of the participle for	^bi^;	but the	heb	; יוסףם	70
v1	581	directly to himself. That	^sx	refers to	heb	אשר	79
v1	584	snoifoare	(svv&^ag.	Cocceius applies	grc	συνϑήκας	74
v1	584	multiplying or accumulating guilt,	d^-mo	is strongly	heb	סוררים	66
v1	585	in scripture as downward,	o^fi	is commonly	heb	הלכים	90
v1	587	explain	tsn^a	as referring	heb	מהם	89
v1	588	ern writers take	ipfc^p	in the	heb	קראתו	90
v1	588	it. ban and	p^-i	are nouns	heb	ריק	88
v1	595	either read	asj^	as a	heb	רשב	71
v1	595	inserts ttJ'np and changes	a<b	to	heb	לא	93
v1	600	supply the preposition before	*>sfa	(with	heb	בער	93
v1	603	the text by reading	ri3*>	in the	heb	רפה	93
v1	610	become tributary (literally, tribute).	tt5l>'K"K^		heb	לא-איש	84
v1	610	and	DTK'^b	are commonly	heb	לאדאדם	88
v1	614	the threatened evil, nsflj	bs> ta^a*	is by	heb	ורמים על	70
v1	620	addresses the enemy collectively,	V^on	is a	heb	חסיל	82
v1	621		a^bios	and explains	heb	ארצלים	86
v1	621	Septuagint version («V i<$	qpo^eo	avrwv). Most	grc	φύβω	68
v1	635	to be destroyed. But	e^ian	ba is	heb	הגורם	71
v1	640	of figurative language. For	D-^an	in this	heb	ראמים	78
v1	640	burning long,	ft^na	neither means	heb	נחליה	78
v1	644	Lowth reads m-nra or	si^^n	^3?, connects	heb	חרריה	88
v1	645	posed parallelism between	f^-in	and JrmB,	heb	חררה	74
v1	645	of this sentence. In	n^-'SSBa		heb	במבצ-יה	78
v1	646	for ostriches. Gesenius explains	i^sn	as an	heb	חציר	89
v1	646	21.) In like manner	D^X	may be	heb	איים	90
v1	646	Crusaders. In the words	fi^s	and	heb	צררם	72
v1	647	belongs to the words	a^s	and	heb	ציים	75
v1	647		n^x	in the	heb	אי"ם	88
v1	647	same fate with	"^siB.	In itself	heb	שעיר	65
v1	652	explanations. Houbigant reads	I^B	and Knobel	heb	פיו	82
v1	655		(p^i^n	nrrt), and	heb	הירדן)	85
v1	657	greatly perplexed by making	ca^nbx	the subject	heb	אלהיכם	90
v1	657		^ina	(it will	heb	גמול	66
v1	661	no need of reading	D^xzn	(Kennicott), fis	heb	רבצים	78
v1	662	several ancient versions omit	"p^i,	which	heb	ודרך	82
v1	664	prophecy. The feminine verb	x^^n	is well	heb	תמצא	70
v1	679	expression. Lowth's explanation of	"^ix	as	heb	אולר	73
v1	683	of the name^Tapaxo?, TUQXOS,	7Y(>xcoy)	vary but	grc	Τέρχων)	68
v1	689	gods of the nations.	bs*>		heb	לכל	94
v1	693	J. D. Michaelis connects	^UJX		heb	אשר	91
v1	693	with	^bx	in the	heb	אלר	89
v1	694	ing of the phrase	i^s	rr, see	heb	צוין	89
v1	695	text. The sense of	"p^nx	is not	heb	אחריך	91
v1	700	Kings 19: 26) has	na^iia		heb	שדפה	80
v1	700	is from the verb	^KID	and its	heb	שאנן	92
v1	707	analogous Greek phrase (aa&evsia	TTQO^	-&dvarov) is	grc	προς	68
v1	714	effect. The words IEI	^in	may naturally	heb	בדפר	66
v1	714	Greeks call ^ ptaijppQia	toi>	/Jt'ov, and	grc	τοῦ	92
v1	714	(Iv	rq>	vyei iwv	grc	τῷ	90
v1	714	of my days (^	^sm).	There is	heb	(בחצי	79
v1	720	been made to explain	dh^y		heb	עלרהם	76
v1	721	to save him still,	ru^a	is properly	heb	נגרנה	70
v1	728	17) has the singular	np^,	which is	heb	רקח	73
v1	729	sentence, Ipov ftavovroe yala	^tf^TM	TIVQI, or	grc	μιχϑήτω	92
v2	57	case without exception where	^ab	and nh>a	heb	שכר	79
v2	58	the Septuagint (fV ya.Gi(n	l^ovaa^).	Aben	grc	ἐχούσας)	89
v2	60	in the Septuagint TQIU	^TQU,		grc	μέτρα	96
v2	72	the sense of though	(i^sx),	Aben Ezra	heb	(אפילו)	70
v2	77	or grow), and that	^ox	does not	heb	אבר	75
v2	85	that of the noun	n^b*in	. This	heb	תולעת	92
v2	85	(dead men) with Aquila	(T^V^T^,	Theodotion (VMQOI),	grc	(τε ϑνεῶτες)	88
v2	85	an ellipsis for "IBS?	^rra	men Of	heb	מתר	83
v2	86	pound fine, or pulverize,	m'sB^e	strictly denotes	heb	פ"פיות	67
v2	87	as distinguished from the	n^t	or cultivated	heb	זרת	69
v2	92	ecce homo (ids o	avOQ03no^	of John	grc	ἄνϑρωπος)	72
v2	106	p. 8.)—The translation of	D^xn	by villages	heb	חצרים	78
v2	113	textual	n^ao	. The	heb	ראית	74
v2	117	idea of Menochius, that	nnx">b	is	heb	לידאתה	87
v2	121	of	x^ln,	the grammatical	heb	הוציא	81
v2	132	than it proves that	n^.b		heb	שרים	72
v2	137	being	dr>%r]	ndvTKiv narrow	grc	ἀρχὴ	96
v2	141	a smith ; as	B^sss	d'nn in	heb	עצים	74
v2	142	to the carpenter himself,	a^ss	£nn, the	heb	עצים	78
v2	142	or graving instrument.—anx and	ir^x	seem to	heb	איש	77
v2	151	securing their accomplishment,	t^n	has here	heb	חקים	81
v2	153	third person, which requires	ba^n	to be	heb	היכל	77
v2	161	differently, and reads 6	nou^a^	ra tTreQ'/opera.	grc	ποι, σαὺ	67
v2	164	of taking ^ and	^ns	as elliptical	heb	סחר	91
v2	170	meaning of the words	^EX	^b .	heb	אמר	85
v2	170	similar translation of	n^st	by the	grc	ΠΡῚΣ	82
v2	171		si'-ss^j	maybe regularly	heb	רבעוף	85
v2	172	Hebrew	V>?a,	and Nebo	heb	על	72
v2	173	Babylonian gods collectively.—The verb	b^'p	occurs only	heb	קרס	85
v2	178	feminine noun	nss>	i. e.	heb	עצה	69
v2	186	precise sense of	^osx	; but	heb	אפסר	69
v2	189	construction of	^XE	here is	heb	מצד	95
v2	192	been nwa	t^s	, as	heb	צאת	89
v2	195	interpretation of the word	SBH^	proposed by	heb	לחמס	76
v2	204	and by the form	^riaapi,	which	heb	מבפוד	73
v2	212	conjectural, by tracing both	D^B	and rvira	heb	מעים	81
v2	220	rvirn	-rj<	at the	heb	אמר	87
v2	222	usual sense, and whether	^I'a	is its	heb	גור	71
v2	228	V° means a bush,	D^O	may	heb	סינים	73
v2	237	on my account' (»i»3W	7pf>	•?£ mpp:>),	grc	ΤΡ	68
v2	240	unambiguous term	p^n	. Gesenius's	heb	חיק	92
v2	248	For map Lowth reads	irr^n	(their fish	heb	תיבש	87
v2	252	face (TO TTQOGWTZOV avrov	lariJQi^e)	to	grc	ἐστήριξε)	95
v2	265	reads	C^BS	on the	heb	עמים	66
v2	267	1. 42: 4. etc.,	ta^x	is	heb	איים	88
v2	280	Zion. The marginal reading	^nnann	preserves	heb	ההפההר	67
v2	283		d^ttba	the same	heb	משלים	65
v2	284	to derive it from	b^n,	or to	heb	הלל	87
v2	284	a joyful shout, as	o).o/.i'^w	is employed	grc	ὀλολύξω	92
v2	288	eywv yvpvbv tv rfj	fid^;	Diana by	grc	μάχῃ;	96
v2	308	as many editions have	^Tribd	in the	heb	טלומינל	91
v2	312	Septuagint version (ovtmg	oi>%	avofysi TO	grc	οὐχ	75
v2	314	verb, and also that	nnib^	is then	heb	רשוחת	69
v2	319	good in general (ia	sa^i	aia nx^1)	heb	ורעובע	80
v2	319	general (ia sa^i aia	nx^1)	; by	heb	(רראה	80
v2	326	compass are distinctly mentioned.	ttJ"^	is not	heb	ררש	89
v2	328	form peculiar to the	ri}>	derivatives, and	heb	לה	95
v2	354	or command.—The construction of	i^nnbtt)	IIBX is	heb	שלחתיו	92
v2	355	name	^B^t?	occurs only	heb	סרפר	90
v2	360	9. 66 : 5.)—^sn	n^s	does not	heb	ב"ת	78
v2	363	Symmachus, and Saadias, with	Q^n,	which might	heb	חזים	78
v2	363	confound ££?. *w with	D^sa	*w$	heb	פנרם	89
v2	364	of De Dieu, that	inat^n	means ad	heb	מקצהו	65
v2	364	Di"1 with	^rra	in the	heb	מחר	91
v2	370	the double sense of	p^n		heb	חלק	91
v2	385	their dependents	{yno-^Qiovg	and subjectos)	grc	(ὑποχειρίους	95
v2	385	gains or profits; but	s:is>,	as Maurer	heb	עצב	94
v2	387	unjust decrees (•'BOB "pi	^src),	and the	heb	(בתבי	71
v2	389	ano TWV oixstcov rov	(sn^arog	GOV.—With the	grc	σπέρματός	89
v2	391	p^Sfi synonymous with the	x^snn	of Lev.	heb	המציא	77
v2	392	like	t^urm,	in ch.	heb	אשישים	80
v2	393	The b before	si'-i^	appears to	heb	קדוש	89
v2	400		>sb	(act) and	heb	פעל	88
v2	412	compound forms ns^n and	n^abn,	as explained	heb	חלכאים	81
v2	416	at the beginning by	<pomtoi;,	which is	grc	φωτίζον	81
v2	419	explanation, by reading either	^fin^n	, ^pn	heb	תיראר	81
v2	422	by Strabo as axtjniai	y.a^ln^o^oi.		grc	καμηλοβοσχοί	89
v2	432	But in the phrase	^ste	"px the	heb	צובף	71
v2	432	as a praeter like	^rn	in v.	heb	רחמפי	75
v2	433	: 24, Henderson translates	"i^ax	protector; but	heb	אביר	90
v2	464	as the Septuagint does	(w^ra's).	The proper	grc	(ἀρετάς)	87
v2	466	ayytvLo? a/LX' avro? sawtitv	avioi^.	This is	grc	αυτους	78
v2	478	Cocceius takes	*"-5Sa^	in the	heb	למצכ-	65
v2	478	the niakkeph and reading	^"JFJ	es smjv;,	heb	קדטף	77
v2	494	on other grounds; whether	P^s	means	heb	פרק	96
v2	494	implements, and giving to	P^B	the sense	heb	פרק	97
v2	502	gods. Herodotus mentions a	TQan^a	fiiou as	grc	τραπέζα	86
v2	513	what is it 1	(f'(>c5	ii ion	grc	(ᾧ ῶ	86
v2	530		tti^	is not	heb	איש	95
v2	531	«"i?T'p the passive of	^''Tin	and	heb	הודרע	81
v2	533	(rpna	^r.x	tem) are	heb	אחד	79
v2	534	reads	^nx	'inx one	heb	אחד	89
v2	534		^nx	to the	heb	אחד	92
v2	534	early date, in treating	^nx	as the	heb	אחד	92
v2	535	without weight, namely, that	fc^rx	being	heb	אככלים	70
v2	539	arras lov^'E^^vag 'idovag o!	^UQ^UQOL	Ixabovv. The	grc	βάρβαροι	95
