chapter	before	after
1	V.	
1	V.	
1	whicfi	which
1	V.	
1	bxutes,	brutes,
1	Septuagmt	Septuagint
1	V.	
1	V.	
1	Rosenmuller	Rosenmüller
1	V.	
1	stroJce.*	stroke.*
1	V.	
1	V.	
1	melon-jield,	melon-field,
1	city'	city
1	Rosenmiiller,	Rosenmüller,
1	V.	
1	V.	
1	V.	
1	V.	
1	V.	
1	Rosenmuller	Rosenmüller
1	Fiirst)	Fürst)
1	V.	
1	V.	
1	*Tour	*your
1	V.	
1	V.	
1	Rosenmuller,	Rosenmüller,
1	V.	
1	V.	
1	V.	
1	•nta	•ita
1	V.	
1	V.	
1	V.	
1	V.	
1	premise	promise
1	V.	
1	V.	
1	V.	
1	V.	
1	ftrst	first
1	V.	
1	ihe	the
1	V.	
1	Kiobel	Knobel
1	V.	
10	V.	
10	efders	elders
10	Bv	By
10	V.	
10	V.	
10	Rosenmiiller)—much	Rosenmüller)—much
10	V.	
10	Rosenmiiller	Rosenmüller
10	th'e	the
10	. V.	
10	Rosenmuller,	Rosenmüller,
10	Rosenmiiller	Rosenmüller
10	V.	
10	V.	
10	V.	
10	says')	says)
10	V.	
10	*Arpadj*	*Arpad*
10	*Shatt	*Shall
10	V.	
10	iheir	their
10	Ifefore	before
10	V.	
10	V.	
10	Jerasalem,	Jerusalem,
10	V.	
10	V.	
10	D^SS	D^as
10	Fiirst	Fürst
10	V.	
10	V.	
10	Rosenmiiller,	Rosenmüller,
10	V.	
10	V.	
10	Rosenmuller	Rosenmüller
10	August!,	Augusti,
10	CarmeT),*	Carmel),*
10	Fiirst).	Fürst).
10	Jield*	field*
10	Jield,*	field,*
10	Coeceius	Cocceius
10	disease.—Jarchj	disease.—Jarchi
10	V.	
10	Dent.	Deut.
10	Rosenmiiller	Rosenmüller
10	Rosenmiiller.	Rosenmüller.
10	Rosenmuller,	Rosenmüller,
10	V.	
10	V.	
10	V.	
10	ouly	only
10	a'nd	and
10	V.	
10	V.	
10	over'	over
10	V.	
10	Rosenmiiller,	Rosenmüller,
10	V.	
10	V.	
10	bsn)	ban)
10	V.	
10	V.	
10	V.	
10	Rosenmuller (oppidurn	Rosenmüller (oppidum
10	*r^ys*	*r^as*
10	V.	
10	Miller	Hiller
10	V.	
10	Rosenmiiller,	Rosenmüller,
10	V.	
10	V.	
10	^ame	^same
10	Rosenmiiller	Rosenmüller
11	V.	
11	Rosenmiiller,	Rosenmüller,
11	V.	
11	V.	
11	Rosenmiiller,	Rosenmüller,
11	V.	
11	V.	
11	V.	
11	V.	
11	V.	
11	V.	
11	Rosenmiiller	Rosenmüller
11	V.	
11	V. 1	1.
11	V.	
11	V.	
11	Epbraimite	Ephraimite
11	Juclah's	Judah's
11	Rosenmuller	Rosenmüller
11	shah	shalt
11	V.	
11	Judab,	Judah,
11	Rosenmiiller,	Rosenmüller,
11	V.	
11	Rosenmiiller	Rosenmüller
11	V.	
12	V.	
12	V.	
12	V.	
12	V.	
12	V.	
12	V.	
13	Rosenmuller	Rosenmüller
13	taunjjng	taunting
13	foresi'ght,	foresight,
13	V.	
13	V.	
13	V.	
13	Rosenmuller	Rosenmüller
13	V.	
13	wray.	way.
13	Rosenmiiller	Rosenmüller
13	V.	
13	V.	
13	V.	
13	V.	
13	render ing	rendering
13	V.	
13	V.	
13	geliet	gehet
13	V.	
13	V.	
13	Rosenmiiller,	Rosenmüller,
13	V.	
13	V.	
13	V.	
13	V.	
13	V.	
13	V.	
13	Amrnianus	Ammianus
13	V.	
13	tht	the
13	wor/i	word/i
13	Juntas	Junius
13	V.	
13	Rosenmiiller	Rosenmüller
13	V.	
13	rinding	finding
13	witb	with
13	V.	
13	(Ewatd)	(Ewald)
14	V.	
14	bs	by
14	V.	
14	Jehovah''s	Jehovah's
14	V.	
14	V.	
14	V.	
14	V.	
14	V.	
14	Rosenmuller	Rosenmüller
14	V.	
14	monies;	montes;
14	Rosenmiiller	Rosenmüller
14	V.	
14	V.	
14	Rosenmuller	Rosenmüller
14	V.	
14	V.	
14	Rosenmiiller	Rosenmüller
14	V.	
14	V.	
14	V.	
14	V.	
14	V.	
14	V.	
14	V.	
14	V.	
14	V.	
14	Rosenmiiller,	Rosenmüller,
14	*Hctores	*lictores
14	Rosenmuller,	Rosenmüller,
14	V.	
14	V.	
14	continnal	continual
14	V.	
14	Rosenmuller	Rosenmüller
14	tha	the
14	V.	
14	V.	
14	V.	
14	V.	
14	V.	
14	*aMcpvl.oi.*	*aMcpvl.of.*
14	Jehorarn	Jehoram
14	Rosenmiiller's	Rosenmüller's
14	Rosenmuller	Rosenmüller
14	V.	
14	V.	
14	compos,*	campos,*
14	Rosenmiiller,	Rosenmüller,
14	nowT,	now,
14	V.	
15	V.	
15	Rosenmiiller,	Rosenmüller,
15	*AreopoUs*	*Areopolis*
15	V.	
15	Rosenmiiller,	Rosenmüller,
15	Rosenmiiller,	Rosenmüller,
15	V.	
15	V.	
15	Eleaieh.	Elealeh.
15	Rosenmuller,	Rosenmüller,
15	V.	
15	Lnhith)	Luhith)
15	V.	
15	V.	
15	V.	
15	Rosenmuller	Rosenmüller
15	V.	
15	Rosenmiiller	Rosenmüller
16	V.	
16	V.	
16	oat,	out,
16	V.	
16	V.	
16	Rosenmuller	Rosenmüller
16	V.	
16	wrho	who
16	V.	
16	V.	
16	V.	
16	Rosenmtiller,	Rosenmüller,
16	V.	
16	(thce)	(thee)
16	V.	
16	V.	
16	V.	
16	V.	
16	spalce	spake
16	V.	
17	V.	
17	V.	
17	V.	
17	V.	
17	V.	
17	V.	
17	V.	
17	V.	
17	V.	
17	thaf	that
17	V.	
17	V.	
17	i-ns.	i-as.
17	V.	
17	(Rosenmiiller)—	(Rosenmüller)—
17	V.	
17	V.	
17	Rosenmuller,	Rosenmüller,
18	V.	
18	Rosenmuller,	Rosenmüller,
18	gefliigelter	geflügelter
18	Rosenmuller,	Rosenmüller,
18	V.	
18	V.	
18	Rosenmuller,	Rosenmüller,
18	V.	
18	wilt	will
18	cloud'	cloud
18	V.	
18	V.	
18	V.	
19	Rosenmuller,	Rosenmüller,
19	V.	
19	V.	
19	V.	
19	V.	
19	V.	
19	V.	
19	V.	
19	V.	
19	V.	
19	V.	
19	V.	
19	V.	
19	V.	
19	Rosenmuller),	Rosenmüller),
19	Rosenmuller),	Rosenmüller),
19	V.	
19	*perverscness,*	*perverseness,*
19	V.	
19	V.	
19	V.	
19	V.	
19	le	be
19	Rosenmuller,	Rosenmüller,
19	Rosenmuller,	Rosenmüller,
19	V.	
19	V.	
19	V.	
19	V.	
19	V.	
19	V.	
19	V.	
2	Rosenmiiller,	Rosenmüller,
2	V.	
2	V.	
2	wrords.—	words.—
2	V.	
2	V.	
2	pruning-hoolts.	pruning-hooks.
2	quotas	quotes
2	*(Mn.	*(en.
2	V.	
2	V.	
2	33).—*Fitted*	33).—*Filled*
2	foood.*	brood.*
2	V.	
2	rilled.	filled.
2	V.	
2	V.	
2	V.	
2	V.	
2	V.	
2	V.	
2	V.	
2	V.	
2	V.	
2	V.	
2	V.	
2	V.	
2	V.	
2	V.	
2	V.	
2	lettihg	letting
20	V.	
20	V.	
20	AmoZj	Amoz
20	V.	
20	V.	
20	V.	
20	V.	
21	wilh	with
21	prophelic	prophetic
21	Rosenmuller,	Rosenmüller,
21	auihority	authority
21	V.	
21	Kriobel	Knobel
21	V.	
21	V.	
21	V.	
21	V.	
21	V.	
21	V.	
21	V.	
21	V.	
21	V.	
21	Rosenmiiller,	Rosenmüller,
21	V.	
21	V.	
21	V.	
21	V.	
21	V.	
21	V.	
22	V.	
22	V.	
22	V.	
22	ciiril	civil
22	V.	
22	V.	
22	V.	
22	V.	
22	V.	
22	V.	
22	V.	
22	nqt	not
22	V.	
22	V.	
22	V.	
22	*Jet	*let
22	alt	all
22	V.	
22	V.	
22	V.	
22	V.	
22	ihee,	thee,
22	givren	given
22	V.	
22	V.	
22	V.	
22	V.	
22	V.	
22	beinf	being
22	V.	
22	fiVure	figure
22	V.	
22	exqepted.	excepted.
22	V.	
22	Shebna,xnot	Shebna,not
23	Rosenmiiller,	Rosenmüller,
23	ihe	the
23	hanc	banc
23	V.	
23	Rosenmiiller	Rosenmüller
23	V.	
23	V.	
23	Rosenmiiller,	Rosenmüller,
23	V.	
23	Targura	Targum
23	V.	
23	V.	
23	V.	
23	V.	
23	V.	
23	V.	
23	V.	
23	Rosenmiiller,	Rosenmüller,
23	V.	
23	rs	ra
23	V.	
23	V.	
23	V.	
23	Rosenmuller	Rosenmüller
23	V.	
23	V.	
23	V.	
24	Abarberiel	Abarbenel
24	Rosenmuller,	Rosenmüller,
24	V.	
24	V.	
24	V.	
24	V.	
24	(Rosenmuller),but	(Rosenmüller),but
24	V.	
24	V.	
24	V.	
24	Rosenmiiller	Rosenmüller
24	V.	
24	V.	
24	V.	
24	(Rosenmuller),	(Rosenmüller),
24	Rosenmuller's	Rosenmüller's
24	V.	
24	Rosenmiiller	Rosenmüller
24	V.	
24	V.	
24	(Rosenmiiller)	(Rosenmüller)
24	Rosenmiiller	Rosenmüller
24	V.	
24	(Rosenmuller),	(Rosenmüller),
24	V.	
24	V.	
24	V.	
24	(ore	(are
24	V.	
24	V.	
24	V.	
24	V.	
24	V.	
24	Rosenmuller,	Rosenmüller,
24	V.	
25	geniiles	gentiles
25	V.	
25	Rosenmiiller	Rosenmüller
25	V.	
25	Rosenmiiller,	Rosenmüller,
25	Rosenmiiller,	Rosenmüller,
25	V.	
25	V.	
25	V.	
25	V.	
25	V.	
25	V.	
25	Rosenmiiller	Rosenmüller
25	V.	
25	V.	
25	V.	
25	Rosenmiiller	Rosenmüller
25	V.	
26	V.	
26	xxiv-xxvn	xxiv-xxvii
26	V.	
26	V.	
26	foregoinf	foregoing
26	\*IS\*MS	\*IS\*is
26	\*ia£	\*is£
26	V.	
26	V.	
26	thi§	this§
26	V.	
26	V.	
26	V.	
26	woy	way
26	V.	
26	V.	
26	V.	
26	V.	
26	quihus	quibus
26	V.	
26	V.	
26	V.	
26	"pK	"pa
26	V.	
26	V.	
26	V.	
26	V.	
26	Rosenmuller,	Rosenmüller,
26	ihis	this
26	growl li	growth
26	V.	
26	CST,	est,
26	V.	
26	Rosenmiiller	Rosenmüller
27	V.	
27	V.	
27	Bat	But
27	V.	
27	V.	
27	xxiv-xxvn	xxiv-xxvii
27	V.	
27	thene	there
27	V.	
27	V.	
27	V.	
27	V.	
27	V.	
27	V.	
27	V.	
27	phrafee	phrase
27	V.	
27	JEgypt	egypt
28	V.	
28	Rosenmuller	Rosenmüller
28	Rosenmuller	Rosenmüller
28	V.	
28	Rosenmiiller	Rosenmüller
28	V.	
28	"px	"ps
28	V.	
28	V.	
28	V.	
28	V.	
28	V.	
28	Rosenmiiller	Rosenmüller
28	V.	
28	Rosenmuller,	Rosenmüller,
28	V.	
28	V.	
28	V.	
28	V.	
28	V.	
28	V.	
28	V.	
28	V.	
28	V.	
28	mipposes	supposes
28	V.	
28	V.	
28	V.	
28	le	be
28	V.	
28	wath	wrath
28	V.	
28	V.	
28	V.	
28	V.	
28	V.	
28	V.	
29	V.	
29	tha	the
29	ol	of
29	nn	in
29	V. 2	2.
29	V.	
29	V.	
29	V.	
29	V.	
29	V.	
29	V.	
29	rnedioque	medioque
29	V.	
29	V.	
29	headst	heads
29	iiber	über
29	V.	
29	V.	
29	V.	
29	V.	
29	V.	
29	V.	
29	V.	
29	V.	
29	V.	
29	V.	
29	V.	
29	V.	
29	V.	
3	owrn	own
3	V.	
3	Stiitze	Stütze
3	Stiitze).	Stütze).
3	hind*	kind*
3	V.	
3	V.	
3	Jiffy,	fifty,
3	slkilful	skilful
3	Rosenmiiller	Rosenmüller
3	V.	
3	V.	
3	Fiirst),	Fürst),
3	V.	
3	Rosenmuller,	Rosenmüller,
3	V.	
3	V.	
3	V.	
3	V.	
3	V.	
3	V.	
3	V.	
3	V.	
3	jn	in
3	V.	
3	Geseuius	Gesenius
3	(Rosenmiiller)	(Rosenmüller)
3	V.	
3	sunsj*	suns*
3	V.	
3	V.	
3	V.	
3	V.	
3	wrords,	words,
3	V.	
3	Rosenmuller	Rosenmüller
3	V.	
3	Coccej^s	Cocceius^s
3	V.	
3	V.	
3	wpon	upon
3	creproach	reproach
3	MAKCIA.	MARCIA.
30	V.	
30	KnobePs	Knobel's
30	V.	
30	V.	
30	V.	
30	V.	
30	V.	
30	Sepluagint	Septuagint
30	DS	as
30	V.	
30	V.	
30	V.	
30	noi,	not,
30	V.	
30	V.	
30	V.	
30	perverstness,	perverseness,
30	V.	
30	uniil	until
30	V.	
30	V.	
30	overwhelmning	overwhelming
30	V.	
30	V.	
30	Jive	five
30	Rosenmuller	Rosenmüller
30	V.	
30	GocPs	God's
30	les&	less&
30	V.	
30	shah	shalt
30	Thp	The
30	V.	
30	V.	
30	thce,	thee,
30	V.	
30	V.	
30	Rosenmiiller	Rosenmüller
30	V.	
30	V.	
30	flowred	flowed
30	V.	
30	V.	
30	striet	strict
30	V.	
30	V.	
30	V.	
30	voicey	voice
30	Rosenmiiller	Rosenmüller
30	V.	
30	KnobePs	Knobel's
30	V.	
30	(ns)	(na)
30	V.	
30	intcrpunction	interpunction
30	*thon	*thou
31	V.	
31	Jthovah	Jehovah
31	V.	
31	V.	
31	V.	
31	(iiber),	(über),
31	euher	either
31	V.	
31	rerb,	verb,
31	V.	
31	V.	
31	V.	
31	V.	
32	V.	
32	V.	
32	V.	
32	V.	
32	V.	
32	V.	
32	V.	
32	fooi:	fool:
32	V.	
32	V.	
32	V.	
32	V.	
32	V.	
32	V.	
32	V.	
32	V.	
32	V.	
32	V.	
32	V.	
32	V.	
32	V.	
33	V.	
33	V.	
33	V.	
33	*(fugicnt)*	*(fugient)*
33	V.	
33	V.	
33	*(va	*(ya
33	V.	
33	V.	
33	V.	
33	V.	
33	V.	
33	V.	
33	innutritions	innutritious
33	V.	
33	V.	
33	V.	
33	wTords	words
33	V.	
33	plurai	plural
33	usualy	usual
33	V.	
33	V.	
33	V.	
33	pondcrans,	ponderous,
33	V.	
33	V.	
33	V.	
33	le	be
33	sides'),*	sides),*
33	V.	
33	V.	
33	V.	
34	Thcodoret	Theodoret
34	tha	the
34	Rosenmuller	Rosenmüller
34	V.	
34	V.	
34	V.	
34	V.	
34	bavins:	having:
34	V.	
34	ifc.	it.
34	V.	
34	V.	
34	V.	
34	V.	
34	V.	
34	Rosenmuller	Rosenmüller
34	Ewalo1	Ewald1
34	V.	
34	*Httern*	*bittern*
34	buildin"-	building"-
34	Rosenmuller's	Rosenmüller's
34	V.	
34	V.	
34	V.	
34	*anir^als.*	*ani^mals.*
34	hut	but
34	*(titith),*	*(lilith),*
34	V.	
34	(Rosenmiiller),	(Rosenmüller),
34	V.	
34	Jthovah,*	Jehovah,*
34	Rosenmuller	Rosenmüller
34	V.	
35	Rosenmuller,	Rosenmüller,
35	Rosenmuller,	Rosenmüller,
35	["Titzig	["hitzig
35	(Rosenmuller),	(Rosenmüller),
35	V.	
35	V.	
35	V.	
35	V.	
35	(Rosenmuller),	(Rosenmüller),
35	conve/ed	conveyed/ed
35	Nin	kin
35	ons	one
35	V.	
35	V.	
35	(Rosenmiiller:	(Rosenmüller:
35	qnly	only
35	Rosenmuller	Rosenmüller
35	V.	
35	V.	
35	Rosenmiiller	Rosenmüller
36	Rosenmijller,	Rosenmüller,
36	V.	
36	V.	
36	renegade	renegado
36	V.	
36	V.	
36	V.	
36	noles	notes
36	V.	
36	V.	
36	V.	
36	V.	
36	V.	
36	*Israelilish*	*Israelitish*
36	V.	
36	*ivhereon	*whereon
36	V.	
36	V.	
36	V.	
36	V.	
36	7iot	7not
36	V.	
36	V.	
36	V.	
36	*thai	*that
36	V.	
36	V.	
36	V.	
36	Asaphs	Asaph's
37	V.	
37	V.	
37	Rabshalceh's	Rabshakeh's
37	V.	
37	occasion'	occasion
37	V.	
37	V.	
37	V.	
37	V.	
37	V.	
37	V.	
37	Rosenmuller,	Rosenmüller,
37	V.	
37	thce,	thee,
37	mak«	makes«
37	himstlf,	himself,
37	V.	
37	V.	
37	Flitzig.	hitzig.
37	V.	
37	V.	
37	V.	
37	V.	
37	V.	
37	V.	
37	Rosenmuller	Rosenmüller
37	V.	
37	Hondewerk	Hendewerk
37	V.	
37	V.	
37	V.	
37	thce,*	thee,*
37	V.	
37	V.	
37	Vilringa	Vitringa
37	chnriots.	chariots.
37	V.	
37	V.	
37	Vitrin^a	Vitringa^a
37	V.	
37	Jield	field
37	Jield	field
37	V.	
37	V.	
37	"j^iy,	"j^is,
37	V.	
37	Rosenmuller,	Rosenmüller,
37	wiihin	within
37	wiih	with
37	V.	
37	V.	
37	forfh	forth
37	V.	
37	V.	
37	V.	
37	V.	
37	V.	
37	V.	
37	Septtiagint	Septuagint
38	V.	
38	V.	
38	V.	
38	V.	
38	V.	
38	V.	
38	over'(or	over(or
38	Rosenmuller	Rosenmüller
38	V.	
38	V.	
38	V.	
38	V.	
38	V.	
38	V.	
38	V.	
38	V.	
38	Bocbart's	Bochart's
38	langifage	language
38	V.	
38	V.	
38	V.	
38	V.	
38	V.	
38	V.	
38	V.	
38	V.	
38	housz	house
39	V.	
39	ahese	these
39	V.	
39	ihem	them
39	usua!	usual!
39	V.	
39	thec*?	thee*?
39	CJericus>	Clericus>
39	V.	
39	V.	
39	V.	
39	oflences. V.	offences.
39	\*Jhe	\*the
39	V.	
39	tkou	thou
4	V.	
4	*Icing	*being
4	V.	
4	V.	
4	Tthe	The
4	(Rosenmuller,	(Rosenmüller,
4	V.	
4	V.	
40	raeant,	meant,
40	aaotber,	another,
40	meus).*	mens).*
40	V.	
40	Rosenmuller)	Rosenmüller)
40	(\\ith	(\\with
40	V.	
40	V.	
40	tbe	the
40	V.	
40	V.	
40	eic.	etc.
40	V.	
40	V.	
40	exegetieal	exegetical
40	V.	
40	Zlon!	Zion!
40	V.	
40	essentice,*	essentia,*
40	V.	
40	V.	
40	(Rosenmuller),	(Rosenmüller),
40	*balaiice,*	*balance,*
40	V.	
40	tte	the
40	Rosenmiiller	Rosenmüller
40	V.	
40	taugr^him	taught^him
40	V.	
40	lake	take
40	Weite	Wette
40	Rosenmiiller	Rosenmüller
40	V.	
40	Rosenmuller	Rosenmüller
40	V.	
40	"jn	"an
40	V.	
40	V.	
40	*mclter,*	*melter,*
40	V.	
40	Rosenmiiller	Rosenmüller
40	V.	
40	foundations')	foundations)
40	V.	
40	V.	
40	V.	
40	(i^sx),	(i^ex),
40	V.	
40	V.	
40	sirong	strong
40	V.	
40	V.	
40	V.	
40	V.	
40	V.	
40	Rosenmiiller,	Rosenmüller,
41	V.	
41	V.	
41	V.	
41	feef).*	feet).*
41	V.	
41	V.	
41	V.	
41	V.	
41	V.	
41	V.	
41	thoUj	thou
41	V.	
41	Hkzig	Hitzig
41	Rosenmiiller	Rosenmüller
41	*il*	*it*
41	*fust	*just
41	Jewish'	Jewish
41	V.	
41	mtn	men
41	V.	
41	V.	
41	V.	
41	V.	
41	rouo"h	rough"h
41	V.	
41	V.	
41	V.	
41	V.	
41	V.	
41	V.	
41	V.	
41	V.	
41	V.	
41	V.	
41	V.	
41	V.	
41	V.	
41	V.	
42	V.	
42	writh	with
42	attribute's,	attributes,
42	aie	are
42	alt	all
42	V.	
42	bv	by
42	V.	
42	V.	
42	V.	
42	*]ceep*	*]keep*
42	V.	
42	the'	the
42	V.	
42	V.	
42	V.	
42	V.	
42	tjus;	ejus;
42	V.	
42	V.	
42	V.	
42	jvithout	without
42	Bocha-rt	Bochart-rt
42	hard',	hard,
42	V.	
42	pooh*	pools*
42	descriptions.—Rosenmiiller	descriptions.—Rosenmüller
42	V.	
42	lor	for
42	V.	
42	V.	
42	V.	
42	explanations'of	explanations
42	Rosenmiiller	Rosenmüller
42	V.	
42	V.	
42	V.	
42	V.	
42	V.	
42	V.	
43	V.	
43	Rosenmiiller	Rosenmüller
43	V.	
43	V.	
43	Gush	Cush
43	V.	
43	V.	
43	V.	
43	V.	
43	V.	
43	V.	
43	lei	let
43	Rosenmiiller	Rosenmüller
43	V.	
43	V.	
43	V.	
43	Rosentttiiller	Rosenmüller
43	V.	
43	V.	
43	V.	
43	tbis	this
43	tbe	the
43	V.	
43	V.	
43	wic/c)	wick/c)
43	V.	
43	V.	
43	V.	
43	Jield	field
43	V.	
43	V.	
43	V.	
43	V.	
43	V.	
43	V.	
43	V.	
43	V.	
44	V.	
44	V.	
44	thec;	thee;
44	Rosenmuller's	Rosenmüller's
44	V.	
44	V.	
44	V.	
44	V.	
44	V.	
44	tilings	things
44	ihe	the
44	V.	
44	V.	
44	V.	
44	theml*	them*
44	V.	
44	tne	the
44	Rosenmiiller,	Rosenmüller,
44	V.	
44	masorctic	masoretic
44	V.	
44	markclh	marketh
44	^nto	^into
44	*Jilo	*filo
44	Rosenmiiller	Rosenmüller
44	V.	
44	sugo-estion,	sugo-gestion,
44	V.	
44	ivarmed	warmed
44	tbat	that
44	V.	
44	V.	
44	V.	
44	Icnown,	known,
44	V.	
44	V.	
44	V.	
44	interpunclion,	interpunction,
44	V.	
44	V.	
44	evert/	every/
44	V.	
44	V.	
44	V.	
44	V.	
44	V.	
44	literam legarnus,	literarn legamus,
44	meus;*	mens;*
44	Holler's	Moller's
45	wiih	with
45	V.	
45	Rosenmuller	Rosenmüller
45	V.	
45	V.	
45	V.	
45	V.	
45	V.	
45	V.	
45	V.	
45	prosperitv,	prosperity,
45	V.	
45	V.	
45	begettcst	begettest
45	V.	
45	V.	
45	V.	
45	V.	
45	ihere	there
45	V.	
45	V.	
45	V.	
45	V.	
45	wn:	in:
45	V.	
45	V.	
45	V.	
45	waitino-	waiting-
45	V.	
45	V.	
45	Dent.	Deut.
45	Rosenmuller	Rosenmüller
45	V.	
45	V.	
46	V.	
46	V.	
46	ouorht	ought
46	V.	
46	home	house
46	hut	but
46	V.	
46	V.	
46	V.	
46	V.	
46	V.	
46	*anaE,	*ana,
46	V.	
46	V.	
46	V.	
46	V.	
47	xvni).	xviii).
47	V.	
47	*slcirt,*	*skirt,*
47	phras.e	phrase.e
47	sJcirt*	skirt*
47	V.	
47	Jarclri	Jarchi
47	Rosenmuller,	Rosenmüller,
47	V.	
47	V.	
47	V.	
47	V.	
47	V.	
47	Rosenmuller.	Rosenmüller.
47	tt	et
47	V.	
47	ihee.*	thee.*
47	*notwithstandingj*	*notwithstanding*
47	V.	
47	V.	
47	(Nordheiiner	(Nordheimer
47	cjus).*	ejus).*
47	Rosenmuller,	Rosenmüller,
47	Ewaid	Ewald
47	nb	no
47	V.	
47	Vilringa	Vitringa
47	Rosenmiiller,	Rosenmüller,
47	V.	
47	V.	
47	Rosenmuller:	Rosenmüller:
47	oiodern	modern
47	V.	
48	V.	
48	by-slanders.	by-standers.
48	Flebrew	hebrew
48	repented	repeated
48	V.	
48	V.	
48	V.	
48	V.	
48	V.	
48	((hings)	((things)
48	V.	
48	V.	
48	V.	
48	V.	
48	thec.*	thee.*
48	V.	
48	V.	
48	V.	
48	V.	
48	oj	of
48	that'	that
48	'bis	'his
48	V.	
48	V.	
48	Rosenmuller	Rosenmüller
48	verv	very
48	Rosenmiiller,	Rosenmüller,
48	V.	
48	leaching	teaching
48	leach,*	teach,*
48	V.	
48	Rosenmuller,	Rosenmüller,
48	V.	
48	V.	
48	V.	
48	V.	
49	V.	
49	V.	
49	V.	
49	Michaelisj	Michaelis
49	V.	
49	r&ss	r&is
49	V.	
49	mt)	me)
49	Rosenmiiller	Rosenmüller
49	V.	
49	bad	had
49	\\ider	\\wider
49	V.	
49	V.	
49	V.	
49	V.	
49	Rosenmiiller	Rosenmüller
49	V.	
49	Rosenrntiller	Rosenmüller
49	V.	
49	ithe	the
49	usa^e.	usage^e.
49	coniuins	contains
49	cSome	some
49	(Rosenmiiller	(Rosenmüller
49	excepiions	exceptions
49	nevrer	never
49	V.	
49	V.	
49	V.	
49	V.	
49	V.	
49	Rosenmuller	Rosenmüller
49	V.	
49	V.	
49	Rosenmiiller	Rosenmüller
49	V.	
49	*stilt)	*still)
49	Rosenmiiller	Rosenmüller
49	Rosenmiiller	Rosenmüller
49	V.	
49	Rosenmuller,	Rosenmüller,
49	^reat,	^great,
49	Rosenmuller	Rosenmüller
49	V.	
49	oreat	great
49	Rosenmiiller	Rosenmüller
49	lor	for
49	V.	
49	stickler	suckler
49	*swofd-in-hand,	*sword-in-hand,
49	Tn	in
49	hopcrs,*	hopers,*
49	V.	
49	Rosenmuller	Rosenmüller
49	IMichaelis	michaelis
49	V.	
49	V.	
5	V.	
5	phase*	please*
5	V.	
5	fcrth,	forth,
5	Rosenmuller	Rosenmüller
5	V.	
5	V.	
5	donel*	done*
5	V.	
5	remvve	remove
5	Coeceius	Cocceius
5	V.	
5	orders—Gesenius	order—Gesenius
5	V.	
5	consideredas	considered
5	Montamis	Montanus
5	V.	
5	Jield	field
5	V.	
5	(Hienderson.	(Henderson.
5	V.	
5	HBut	but
5	V.	
5	V.	
5	V.	
5	V.	
5	past'.	past.
5	V.	
5	V.	
5	V.	
5	V.	
5	V.	
5	V.	
5	V.	
5	V.	
5	V.	
5	V.	
5	V.	
5	V.	
5	figures'	figures
5	V.	
5	broJcen.*—The	broken.*—The
5	V.	
5	V.	
5	V.	
5	Rosenmuller,	Rosenmüller,
5	writh	with
5	iix	nix
5	(iiber	(über
5	aaa	asa
50	V.	
50	V.	
50	effect.—Lei	effect.—Let
50	V.	
50	V.	
50	Kirachi	Kimchi
50	V.	
50	V.	
50	V.	
50	belter	better
50	V.	
50	*ail	*all
50	V.	
50	Rosenmiiller,	Rosenmüller,
50	bot£	both£
50	V.	
50	sparlcs	sparks
50	fre*	fire*
50	Hitzif	Hitzig
51	V.	
51	V.	
51	increa&e),*	increase&e),*
51	V.	
51	Rosenmiiller	Rosenmüller
51	V.	
51	stilt	still
51	Rosenmiiller	Rosenmüller
51	Grolius	Grotius
51	V.	
51	V.	
51	Rosenmuller,	Rosenmüller,
51	V.	
51	hav7e	have7e
51	V. 3..For	3. .For
51	V.	
51	V.	
51	V.	
51	V.	
51	V.	
51	V.	
51	V.	
51	V.	
51	Rosenmiiller	Rosenmüller
51	V.	
51	V.	
51	V.	
51	V.	
51	V.	
51	V.	
51	V.	
52	V.	
52	V.	
52	Rosenmuller's	Rosenmüller's
52	Rosenmiiller,	Rosenmüller,
52	V.	
52	lime,	time,
52	V.	
52	wilh	with
52	Eichhora.	Eichhorn.
52	oesenius	gesenius
52	V.	
52	V.	
52	rtigneih.*	reigneth.*
52	JNah.	nah.
52	V.	
52	Vitn'nga,	Vitringa,
52	see.*—Rosenmiiller	see.*—Rosenmüller
52	\rith	\with
52	alter	after
52	V.	
52	V.	
52	Rosenmiiller	Rosenmüller
52	eithei	either
52	Rosenmiiller	Rosenmüller
52	V.	
52	Rosenmiiller,	Rosenmüller,
52	nfixture	mixture
52	usa^e	usage^e
52	V.	
52	yc	ye
52	Rosenmuller	Rosenmüller
52	historico-prophetlcal	historico-prophetical
52	V.	
52	jpursued	pursued
52	ofT	off
52	Rosenmuller's	Rosenmüller's
52	Rosenmiiller	Rosenmüller
52	Rosenmiiller,	Rosenmüller,
53	V.	
53	Rosenmiiller	Rosenmüller
53	Rosenmiiller	Rosenmüller
53	Rosenmiiller,	Rosenmüller,
53	meaning'	meaning
53	V.	
53	Rosenraiiller	Rosenmüller
53	forn;	form;
53	V.	
53	(Gesemus),	(Gesenius),
53	Hendewetk).	Hendewerk).
53	amon«T	among«T
53	PesRito	Peshito
53	thut	that
53	r.TS?	r.as?
53	\\hose	\\whose
53	Rosenmuller,	Rosenmüller,
53	Targura,	Targum,
53	Rosenmiiller	Rosenmüller
53	V.	
53	Theocloret	Theodoret
53	V.	
53	V.	
53	in_his___SQul,	in_his___Soul,
53	V.	
53	V.	
53	ihe	the
53	{3osteijty_for	{3posterity_for
53	Rosenmiiller,	Rosenmüller,
53	Fthere	there
53	Rosennmller	Rosenmüller
53	suni.*	sunt.*
53	V.	
53	10.—Rosenmiiller's	10.—Rosenmüller's
53	V.	
53	Luzzaito	Luzzatto
53	wkich	which
53	V.	
53	Jehofah	Jehovah
53	^iis	^his
53	*toUere	*tollere
53	Rosenmiiller,,Hengstenberg,	Rosenmüller,,Hengstenberg,
54	V.	
54	V.	
54	V.	
54	V.	
54	V.	
54	V.	
54	unaltered.—Heftderson	unaltered.—Henderson
54	V.	
54	V.	
54	sailh	saith
54	Rosenmiiller	Rosenmüller
54	js	is
54	V.	
54	forbiddino-	forbidding-
54	V.	
54	Rosenmuller	Rosenmüller
54	V.	
54	Rosenmiiller	Rosenmüller
54	V.	
54	V.	
54	js	is
54	Rosenmiiller	Rosenmüller
54	V.	
54	Rosenmiiller	Rosenmüller
54	V.	
54	Rosenmiiller,	Rosenmüller,
54	V.	
54	V.	
54	ihee	thee
55	V.	
55	yc,	ye,
55	V.	
55	Rosenmtiller's	Rosenmüller's
55	V.	
55	Rosenmuller,	Rosenmüller,
55	V.	
55	Coccejus	Cocceius
55	"jn	"in
55	V.	
55	V.	
55	(Rosenmiiller),	(Rosenmüller),
55	V.	
55	V.	
55	Rosenmiiller,	Rosenmüller,
55	V.	
55	V.	
55	certainlv	certainly
55	V.	
55	V.	
56	V.	
56	wfeich	which
56	callino1	calling1
56	V.	
56	Rosenmuller	Rosenmüller
56	V.	
56	V.	
56	V.	
56	bouse	house
56	V.	
56	V.	
56	Rosenmiiller	Rosenmüller
56	V.	
56	V.	
56	V.	
57	V.	
57	V.	
57	V.	
57	idenfifying	identifying
57	Rosenmiiller	Rosenmüller
57	V.	
57	V.	
57	ihere	there
57	V.	
57	Ruckert,	Rückert,
57	Lowtb, Rosenmiiller,	Lowth, Rosenmüller,
57	V.	
57	offerino-	offering-
57	V.	
57	V.	
57	Manrer	Maurer
57	V.	
57	V.	
57	V.	
57	V.	
57	theel*	thee*
57	V.	
57	V.	
57	exiles.—Vitrino-a	exiles.—Vitringa-a
57	tbe	the
57	V.	
57	*caHgine	*caligine
57	Rosenmiiller	Rosenmüller
57	V.	
57	^een	^been
57	V.	
57	apree	agree
57	V.	
57	Rosenmuller	Rosenmüller
57	V.	
57	regard's	regards
57	°wicked\*thcy	°wicked\*they
57	hibernis	hibemis
57	V.	
58	V.	
58	V.	
58	V.	
58	V.	
58	V.	
58	Che	the
58	V.	
58	secuJi,	seculi,
58	V.	
58	shah	shalt
58	commonfy	commonly
58	V.	
58	V.	
58	Targuin	Targum
58	V.	
58	V.	
58	llosea	hosea
58	V.	
58	thce*	thee*
58	hare,	bare,
58	IMaurer,	maurer,
58	V.	
58	inodern	modern
58	V.	
59	V.	
59	V.	
59	V.	
59	V.	
59	Rosenmuller	Rosenmüller
59	V.	
59	Dent.	Deut.
59	smalt	small
59	Jarcbi,	Jarchi,
59	V.	
59	V.	
59	bul	but
59	interprelers	interpreters
59	hasle	haste
59	loo	too
59	thai	that
59	thai	that
59	hesilale	hesitate
59	V.	
59	Border	order
59	V.	
59	Rosenmiiller,	Rosenmüller,
59	V.	
59	V.	
59	V.	
59	V.	
59	V.	
59	V.	
59	Rosenmiiller,	Rosenmüller,
59	doin^	doing^
59	V.	
59	Rosenmuller's	Rosenmüller's
59	V.	
59	Rctributor	Retributor
59	Rosenmiiller	Rosenmüller
59	V.	
59	Rosenmuller	Rosenmüller
59	V.	
59	sailh	saith
59	V.	
6	accpunt	account
6	otber	other
6	V.	
6	wp,	up,
6	Rosenmuller	Rosenmüller
6	V.	
6	wrord	word
6	V.	
6	Rosenmiiller	Rosenmüller
6	V. 4'.	4.
6	V.	
6	V.	
6	V.	
6	V.	
6	Rosenmuller.	Rosenmüller.
6	V.	
6	V.	
6	V.	
6	V.	
6	gf	of
6	V.	
6	le	be
6	explained'by	explained
6	terse	verse
60	V.	
60	Rosemniiller's	Rosenmüller's
60	V.	
60	JXoyes	noyes
60	V.	
60	interpreter?	interpreters
60	V.	
60	afl	all
60	ihy	thy
60	evideni	evident
60	V.	
60	ihy	thy
60	Michaclis,	Michaelis,
60	Rosenmuller,	Rosenmüller,
60	shnlt	shall
60	lust	last
60	V.	
60	Rosenmuller's	Rosenmüller's
60	Vitiinga	Vitringa
60	V.	
60	V.	
60	V.	
60	V.	
60	thce,	thee,
60	Rosenmuller	Rosenmüller
60	ungrammaticalr	ungrammatical
60	V.	
60	Rosenmiiller	Rosenmüller
60	Rosenmiiller	Rosenmüller
60	Jed	led
60	Targuin	Targum
60	V.	
60	V.	
60	V.	
60	V.	
60	rthe	the
60	V.	
60	V.	
60	cfor	for
60	V.	
60	sp	so
60	V.	
60	ail	all
60	biemish	blemish
60	V.	
60	V.	
60	Rosenmuller	Rosenmüller
60	V.	
60	Rosenmuller	Rosenmüller
61	V.	
61	V.	
61	Rosenmiiller	Rosenmüller
61	V.	
61	V.	
61	V.	
61	V.	
61	V.	
61	Rosenmiiller	Rosenmüller
61	V.	
61	V.	
61	V.	
61	V.	
62	Peliverer	deliverer
62	V.	
62	le	he
62	V.	
62	mean?	means
62	V.	
62	Rosenmiiller	Rosenmüller
62	V.	
62	thce*	thee*
62	V.	
62	tbou	thou
62	Gesenhis	Gesenius
62	V.	
62	V.	
62	Rosenmiiller	Rosenmüller
62	V.	
62	char	clear
62	Rosenmuller,	Rosenmüller,
62	D^BS	D^as
62	V.	
62	Rosenmiiller,	Rosenmüller,
62	V.	
63	V.	
63	Rosenmuller	Rosenmüller
63	V.	
63	Rosenmuller	Rosenmüller
63	Michaetis,	Michaelis,
63	V.	
63	Rosenmuller	Rosenmüller
63	V.	
63	V.	
63	V.	
63	V.	
63	V.	
63	V.	
63	Rosenmiiller,	Rosenmüller,
63	V.	
63	V.	
63	iheir	their
63	Rosenmuller	Rosenmüller
63	V.	
63	V.	
63	V.	
63	V.	
63	V.	
63	Rosenmiiller	Rosenmüller
63	Rosenmiiller,	Rosenmüller,
63	ihee	thee
63	everlastino-:	everlasting-:
63	V.	
63	Rosenmuller	Rosenmüller
63	V.	
63	Rosenmiiller	Rosenmüller
63	Rosenmiiller,	Rosenmüller,
63	V.	
63	Rosenmiiller	Rosenmüller
64	V.	
64	Rosenmiiller.	Rosenmüller.
64	V.	
64	V.	
64	Rosenmiiller,	Rosenmüller,
64	V.	
64	Rosenmiiller,	Rosenmüller,
64	Rosenmuller:	Rosenmüller:
64	Rosenmuller;	Rosenmüller;
64	Rosenmuller's	Rosenmüller's
64	V.	
64	Hilzig	Hitzig
64	V.	
64	Rosenmiiller	Rosenmüller
64	V.	
64	V.	
64	V.	
64	desertj	desert
64	V.	
64	V.	
64	(things')	(things)
65	V.	
65	V.	
65	V.	
65	Iricks*	bricks*
65	Rosenmiiller,	Rosenmüller,
65	V.	
65	Rosenmiiller	Rosenmüller
65	(Rosenmuller),	(Rosenmüller),
65	V.	
65	moro	more
65	fi^ns	fi^is
65	Rosenmiiller	Rosenmüller
65	appeals	appears
65	V.	
65	V.	
65	Jadah	Judah
65	beins	being
65	V.	
65	Jewls	Jews
65	V.	
65	forsaJcers	forsakers
65	Rosenmuller	Rosenmüller
65	Rosenmuller:	Rosenmüller:
65	Ewalcl,	Ewald,
65	Miohaelis,	Michaelis,
65	V.	
65	ofc	of'
65	KnobePs	Knobel's
65	V.	
65	V.	
65	Rosenmiiller	Rosenmüller
65	V.	
65	V.	
65	V. 1	1.
65	V.	
65	fiom	from
65	cat	eat
65	piomise	promise
65	peimanent	permanent
65	thieatenings	threatenings
65	V.	
65	V.	
65	Loid	Lord
65	\\hich	\\which
65	V.	
66	V.	
66	rnoveable	moveable
66	Vitiinga	Vitringa
66	Rosenmuller,	Rosenmüller,
66	he	be
66	assumin"-	assuming"-
66	Rosenmiiller	Rosenmüller
66	ihe	the
66	V.	
66	siill	still
66	\\ith	\\with
66	V.	
66	smiling	smiting
66	incenac,	incense,
66	Hitziu	Hitzig
66	*et*—*ct,*	*et*—*et,*
66	ihey	they
66	V.	
66	apptar	appear
66	ol	of
66	haired	hatred
66	V.	
66	ol	of
66	JMaurer	maurer
66	\\icked	\\wicked
66	\\ith	\\with
66	Jehnvah*	Jehovah*
66	\\ill	\\will
66	loo	too
66	V.	
66	V.	
66	V.	
66	V.	
66	V.	
66	Joubtful	doubtful
66	V.	
66	aftyr	after
66	V.	
66	wjo	who
66	wiih	with
66	V.	
66	scat	seat
66	V.	
66	V.	
66	\vell	\well
66	V.	
66	Rosenmiiller	Rosenmüller
66	V.	
66	V.	
66	aue	are
66	V.	
66	V.	
66	Rosenmiiller,	Rosenmüller,
66	V.	
66	earthj	earth
66	V.	
66	V.	
66	whichf	which
7	_4ssyria	_4assyria
7	iftxasion	invasion
7	V.	
7	Rosenmuller,)	Rosenmüller,)
7	V.	
7	(Rosenmiiller)	(Rosenmüller)
7	V.	
7	Rosenmuller,	Rosenmüller,
7	ngt	not
7	V.	
7	V.	
7	V.	
7	Judahj*	Judah*
7	Rosenmuller),	Rosenmüller),
7	Rosenmuller,	Rosenmüller,
7	V.	
7	sfxty-five	sixty-five
7	Rernaliah's	Remaliah's
7	Shalmeneser,	Shalmaneser,
7	Esar-liaddon	Esar-haddon
7	OY*	OR*
7	and.Shalmeneser	and.Shalmaneser
7	wjaich	which
7	Shalmeneser	Shalmaneser
7	sixty-fiftlj	sixty-fifth
7	ivunderbar,*	wunderbar,*
7	commoaly	commonly
7	(Rosenmuller,	(Rosenmüller,
7	Rosenmuller	Rosenmüller
7	V.	
7	(Rosenmuller),	(Rosenmüller),
7	V.	
7	V.	
7	V.	
7	refuting	refusing
7	V.	
7	th'ese	these
7	Hezekiab;	Hezekiah;
7	Immaftuel	Immanuel
7	much'	much
7	Cbrisft	Christ
7	essenceof	essence
7	the^llage	the^tillage
7	cquld.	could.
7	his'	his
7	and'	and
7	Rosenmuller,	Rosenmüller,
7	Rosenrmiller),	Rosenmüller),
7	V.	
7	Clericus?efer	Clericus?refer
7	abo^	about^
7	V.	
7	fearesf)	fearest)
7	Rosenmiiller,	Rosenmüller,
7	deputation	deportation
7	Rosenmiiller;	Rosenmüller;
7	dp	do
7	V.	
7	OI\*B\*J	di\*B\*J
7	Jehoram	rehoboam
7	Cfocceius,	Cocceius,
7	Rosenmiiller	Rosenmüller
7	qannot	cannot
7	V.	
7	swarm's	swarms
7	Rosenmuller,	Rosenmüller,
7	V.	
7	Rosenmuller	Rosenmüller
7	V.	
7	Henjdewerk	Hendewerk
7	Peshitb,	Peshito,
7	e'tc.,	etc.,
7	V.	
7	thab	that
7	V.	
7	V.	
7	subject—cthe	subject—the
7	(Rosenmiiller)..	(Rosenmüller)..
8	refusing'to	refusing
8	V.	
8	wpod	wood
8	V.	
8	wras	was
8	wrould	would
8	converswe.*	conversive.*
8	V.	
8	V.	
8	Rosenmiiller	Rosenmüller
8	nft	not
8	V.	
8	(ov	(or
8	V.	
8	V.	
8	enga^ements	engage^ments
8	V.	
8	lyimanuel!*	immanuel!*
8	V.	
8	V.	
8	V.	
8	V.	
8	Rosenmuller,	Rosenmüller,
8	V.	
8	V.	
8	Rosenmuller,	Rosenmüller,
8		cited
8	V.	
8	V.	
8	tL;inp^	ti;inp^
8	V.	
8	V.	
8	Rosenmiiller,	Rosenmüller,
8	V.	
8	Go'd	God
8	V.	
8	V.	
8	Ccesar!	Caesar!
8	V.	
8	Rosenmuller,	Rosenmüller,
8	V.	
8	Rosenmiiller,	Rosenmüller,
8	Rosenmiiller,	Rosenmüller,
9	V.	
9	Fiirst	Fürst
9	^ecial	^special
9	V.	
9	Mauler.	Maurer.
9	senten«|	sentence«|
9	V.	
9	V.	
9	Rosenmuller,	Rosenmüller,
9	Rosenmuller	Rosenmüller
9	V.	
9	Rosenmiiller,	Rosenmüller,
9	conversi^e	conversive^e
9	anticbristian	antichristian
9	V.	
9	Rosenmiiller,	Rosenmüller,
9	tiling	thing
9	Umbrek	Umbreit
9	worlo1	world1
9	principern).	principem).
9	wrhich	which
9	V.	
9	V.	
9	V.	
9	splendtmr;	splendour;
9	V.	
9	cornmiscebit).	commiscebit).
9	Rosenmiiller	Rosenmüller
9	V.	
9	V.	
9	V.	
9	V.	
9	Gesemus.	Gesenius.
9	V.	
9	V.	
9	Fiirst	Fürst
9	V.	
9	V.	
9	Gessnius	Gesenius
9	Rosenmtiller,	Rosenmüller,
9	Rosenmiiller,	Rosenmüller,
9	V.	
9	Rosenmuller,	Rosenmüller,
9	V.	
9	*EpKraim,	*Ephraim,
introduction	come'.	come.
introduction	vos,	vog,
introduction	(IsaL	(Isai
introduction	Arnaziah	Amaziah
introduction	stateme'nt	statement
introduction	cb.	ch.
introduction	Rosenmiiller,	Rosenmüller,
introduction	Rosenmiiller,	Rosenmüller,
introduction	RosenmijHer,	Rosenmüller,
introduction	Rosenmiiller	Rosenmüller
introduction	Rosenmiiller,	Rosenmüller,
introduction	Rosenmiiller,	Rosenmüller,
introduction	insistin	insist
introduction	Corning	Coming
introduction	evangeHum.*	evangelium.*
introduction	poetfy	poetry
introduction	fiom	from
introduction	\ve	\we
introduction	uniformc	uniform
introduction	indefmiteness	indefiniteness
introduction	\\holly	\\wholly
introduction	Ephrern	Ephrem
introduction	nnd	and
introduction	wrorks	works
introduction	conlemporary	contemporary
introduction	Rosenmiiller,	Rosenmüller,
introduction	Rosenmiiller	Rosenmüller
introduction	Rosenmliller,	Rosenmüller,
introduction	Rosenmuller,	Rosenmüller,
introduction	seesas	seems
introduction	Rosenmiiller,	Rosenmüller,
introduction	Rosenmiiller	Rosenmüller
introduction	XITI—xxm)	XIII—xxm)
introduction	xxiv-xxvn)	xxiv-xxvii)
introduction	xiii-xxin)	xiii-xxiii)
introduction	xxiv—xxvu),	xxiv—xxvii),
introduction	xxvin-xxxm)	xxviii-xxxm)
introduction	ihe	the
introduction	xin—xxiu,	xin—xxiii,
introduction	xxiv-xxvn,	xxiv-xxvii,
later-introduction	lhat	that
later-introduction	Rosenmuller	Rosenmüller
later-introduction	guidance'of	guidance
later-introduction	reliandfe	reliance
later-introduction	Rosenmiiller	Rosenmüller
later-introduction	tho	the
later-introduction	bettor,	better,
later-introduction	Tho	The
later-introduction	Mieah.	Micah.
later-introduction	Hengstenbenj	Hengstenberg
later-introduction	6rst	6first
later-introduction	tantuin	tantum
later-introduction	tholdt's	bertholdt's
later-introduction	Riickert,	Rückert,
later-introduction	Riickert	Rückert
later-introduction	the'	the
preface	fapts	facts
preface	Fiirst's	Fürst's
