chapter	from	to	kind
1	uitfol		unresolved
1	Thd		unresolved
1	finitful		unresolved
1	xmder		unresolved
1	Imows		unresolved
10	lilie		unresolved
10	fiatures		unresolved
10	contemporarycomposition		unresolved
10	jy		tooshort
10	jy		tooshort
10	Gx		tooshort
10	icays		unresolved
10	icill		unresolved
10	puf		unresolved
10	TtD		unresolved
10	injmy		unresolved
10	HD		tooshort
10	tl		tooshort
10	Vh		tooshort
10	deti		unresolved
10	plm		unresolved
10	off'ences		unresolved
10	af		tooshort
10	rmation		unresolved
10	tiiat		unresolved
10	ise		unresolved
10	suferei		unresolved
10	forgetiulness		unresolved
10	oflFby		unresolved
10	everently		unresolved
10	iavestigation		unresolved
10	vdlt		unresolved
10	vn		tooshort
10	hoslile		unresolved
10	Grod's		unresolved
10	yij		unresolved
10	cestas		unresolved
100	infiaiite		unresolved
100	difi		unresolved
100	linjJ		unresolved
100	iyoyl		unresolved
100	metapljorical		unresolved
100	iniH		unresolved
100	SDT		unresolved
100	LoKD		unresolved
100	KEiGNETH		unresolved
101	ercy		unresolved
101	urill		unresolved
101	knoio		unresolved
101	translared		unresolved
101	ovwithihevQ		unresolved
101	comparePs		unresolved
101	iie		unresolved
101	morniag		unresolved
102	tte		unresolved
102	Thoiiwilt		unresolved
102	sei		unresolved
102	unddust		unresolved
102	inNeh		unresolved
102	Isiah		unresolved
102	prceterita		unresolved
102	destitide		unresolved
102	I'his		unresolved
102	ocation		unresolved
102	n3		tooshort
102	shaJt		unresolved
102	foi		unresolved
102	ms		tooshort
102	Nin		unresolved
102	auro'j		unresolved
102	firiished		unresolved
103	vv		tooshort
103	ith		unresolved
103	hi'st		unresolved
103	psakn		unresolved
103	ihe		unresolved
103	anji		unresolved
103	BB		tooshort
103	SS		tooshort
103	Avhere		unresolved
103	croicning		unresolved
103	iin		unresolved
103	evii		unresolved
103	rtdvfMiav		unresolved
103	Bicnifies		unresolved
103	Mosetf		unresolved
103	excejrtion		unresolved
103	impai		unresolved
103	tlae		unresolved
103	origiiM		unresolved
103	trangressions		unresolved
103	HiOIl		unresolved
103	rejoicccZ		unresolved
103	suph		unresolved
103	Ooer		unresolved
103	cai		unresolved
103	auliendo		unresolved
104	hj		tooshort
104	othesis		unresolved
104	eky		unresolved
104	b'Trtgff		unresolved
104	ov		tooshort
104	Septuaglnt		unresolved
104	satisfactary		unresolved
104	confoundmg		unresolved
104	yiJ		unresolved
104	pavticle		unresolved
104	wallceth		unresolved
104	mtdios		unresolved
104	monies		unresolved
104	com		unresolved
104	breakiBg		unresolved
104	oiy		unresolved
104	reTjuire		unresolved
104	rochs		unresolved
104	afibrd		unresolved
104	vcild		unresolved
104	ndth		unresolved
104	tnakest		unresolved
104	doicn		unresolved
104	unlil		unresolved
104	ti'Ql		unresolved
104	falseho		unresolved
104	Thoti		unresolved
104	IG		tooshort
104	withdraioest		unresolved
104	exjire		unresolved
104	Thoii		unresolved
104	worJcs		unresolved
104	pritise		unresolved
105	heaH		unresolved
105	tchich		unresolved
105	sercant		unresolved
105	lialified		unresolved
105	fromnation		unresolved
105	Jcinr		unresolved
105	rowi		unresolved
105	Jcingdom		unresolved
105	soldjor		unresolved
105	rb		tooshort
105	pord		unresolved
105	phasure		unresolved
105	chiffs		unresolved
105	ia		tooshort
105	Gr3n		unresolved
105	signa		unresolved
105	chamlers		unresolved
105	fiy		unresolved
105	thdr		unresolved
105	yeleh		unresolved
105	anc		unresolved
105	xcith		unresolved
105	oiies		unresolved
105	oi		tooshort
105	synonjrmous		unresolved
106	vej		unresolved
106	irjoice		unresolved
106	co		tooshort
106	hx		tooshort
106	failui		unresolved
106	co		tooshort
106	Bebuked		unresolved
106	MeHty		unresolved
106	destraction		unresolved
106	ficrst		unresolved
106	wicJced		unresolved
106	Wonderfid		unresolved
106	militaiy		unresolved
106	dra		unresolved
106	vn		tooshort
106	l9		tooshort
106	Tyriaus		unresolved
106	Aoid		unresolved
106	vp		tooshort
106	Ph'mehas		unresolved
106	xvgioi		unresolved
106	tludr		unresolved
106	co		tooshort
106	retux'ning		unresolved
106	Aiid		unresolved
107	vnto		unresolved
107	eteimity		unresolved
107	IH		tooshort
107	andfrom		unresolved
107	intei		unresolved
107	preters		unresolved
107	eiTor		unresolved
107	darknees		unresolved
107	erers		unresolved
107	ior		unresolved
107	Ivil		unresolved
107	tke		unresolved
107	offier		unresolved
107	jcxiv		unresolved
107	ia		tooshort
107	etjmiological		unresolved
107	yiewed		unresolved
107	iQ		tooshort
107	ildernesSy		unresolved
107	vdckedness		unresolved
107	ord		unresolved
107	com		unresolved
107	flocJc		unresolved
108	afready		unresolved
108	eviii		unresolved
108	Ood		unresolved
108	gloi		unresolved
108	xicill		unresolved
108	FW		tooshort
108	Tfy		unresolved
108	tmto		unresolved
108	ansucr		unresolved
108	anasseh		unresolved
108	tw		tooshort
108	afi		unresolved
108	ords		unresolved
109	vcr		unresolved
109	psa'm		unresolved
109	my'praise		unresolved
109	cnsicer		unresolved
109	fii		unresolved
109	iey		unresolved
109	siimer		unresolved
109	Je		tooshort
109	Jbr		unresolved
109	ivtaxoirriv		unresolved
109	gvilt		unresolved
109	ujwn		unresolved
109	pvmishment		unresolved
109	finit		unresolved
109	Sqtans		unresolved
109	ol		tooshort
11	refage		unresolved
11	boti		unresolved
11	Jehcvah		unresolved
11	gramma		unresolved
11	Pd		tooshort
11	eijes		unresolved
11	nien		unresolved
11	jwrtion		unresolved
11	fxom		unresolved
11	heiiold		unresolved
11	foxmd		unresolved
11	Uv		tooshort
110	ithe		unresolved
110	Thv		unresolved
110	pov		unresolved
110	hes		unresolved
110	HISD		unresolved
110	ZOD		unresolved
110	mll		unresolved
110	qfferings		unresolved
110	veople		unresolved
110	Uv		tooshort
110	expresess		unresolved
110	juventu		unresolved
110	miT		unresolved
110	toiil		unresolved
110	Bupphed		unresolved
110	oflice		unresolved
110	rd		tooshort
110	co		tooshort
110	oxTjra		unresolved
110	ordinai		unresolved
110	prateritum		unresolved
110	phropheticum		unresolved
110	rms		unresolved
110	thr		unresolved
110	thfe		unresolved
111	Hallelnjah		unresolved
111	righteoxisness		unresolved
111	rerrhemher		unresolved
111	Mai		unresolved
111	tiU		unresolved
111	oa		tooshort
111	aflEinns		unresolved
112	bt		tooshort
112	whont		unresolved
112	endu		unresolved
112	reth		unresolved
112	Jcind		unresolved
112	smgular		unresolved
112	rememl		unresolved
112	axcay		unresolved
112	vdcked		unresolved
113	perpetu		unresolved
113	prept		unresolved
113	sition		unresolved
113	Bometimes		unresolved
113	Eallelujah		unresolved
113	Cn		tooshort
113	JT'3J1		unresolved
113	ia		tooshort
114	Egj'pt		unresolved
114	aflinities		unresolved
114	pre		unresolved
114	fii		unresolved
114	Lorrf		unresolved
114	Mai		unresolved
115	co		tooshort
115	S3		tooshort
115	I'hey		unresolved
115	piogressive		unresolved
115	Buch		unresolved
115	conti		unresolved
115	beautiftilly		unresolved
115	thefenrers		unresolved
115	Kipgs		unresolved
115	Kev		unresolved
115	ag		tooshort
115	preposi		unresolved
115	tion		unresolved
115	compax'e		unresolved
116	Uiik		unresolved
116	Hhi		unresolved
116	Ki		tooshort
116	circimilocution		unresolved
116	fuhiess		unresolved
116	TDi		unresolved
116	J'roin		unresolved
116	hri		unresolved
116	mmsn		unresolved
116	lyfOYd		unresolved
116	bestowmenls		unresolved
116	QDil		unresolved
116	DJlJri		unresolved
116	thankoflferings		unresolved
116	TaJce		unresolved
116	tiO		unresolved
116	Ki		tooshort
116	makiag		unresolved
116	servaut		unresolved
116	unlmown		unresolved
116	Iy		tooshort
116	eople		unresolved
118	eter		unresolved
118	uty		unresolved
118	S3		tooshort
118	fiilly		unresolved
118	Il		tooshort
118	rinces		unresolved
118	il		tooshort
118	Kestoration		unresolved
118	thoug		unresolved
118	luill		unresolved
118	trina		unresolved
118	fy		tooshort
118	strcoiger		unresolved
118	withPs		unresolved
118	oi		tooshort
118	pp		tooshort
118	laj		unresolved
118	niVK		unresolved
118	jlTl		unresolved
118	yoiuiw		unresolved
118	Mai		unresolved
118	clatise		unresolved
118	C'SH		unresolved
118	lyta		unresolved
118	sacrilicial		unresolved
118	prepoposition		unresolved
118	retiurns		unresolved
119	collectton		unresolved
119	ia		tooshort
119	undejiled		unresolved
119	iw		tooshort
119	poiutuag		unresolved
119	becatise		unresolved
119	Kebuked		unresolved
119	DJl		unresolved
119	DJ		tooshort
119	pj		tooshort
119	clauf		unresolved
119	svvsra		unresolved
119	sv		tooshort
119	unfaithfalnesa		unresolved
119	iJn		unresolved
119	havenot		unresolved
119	XJrtto		unresolved
119	Beems		unresolved
119	TjT		unresolved
119	ia		tooshort
119	MaJce		unresolved
119	Testimoriies		unresolved
119	lliO		unresolved
119	bnt		unresolved
119	righteoxisness		unresolved
119	laio		unresolved
119	tmto		unresolved
119	ep		tooshort
119	hifore		unresolved
119	eflect		unresolved
119	vb		tooshort
119	nifK		unresolved
119	alivcj		unresolved
119	Bervative		unresolved
119	tompare		unresolved
119	ijot		unresolved
119	Bage		unresolved
119	proceedfrom		unresolved
119	HIDK		unresolved
119	tiie		unresolved
119	tby		unresolved
119	rtw		unresolved
119	Mai		unresolved
119	stattites		unresolved
119	DJ		tooshort
119	willi		unresolved
119	trast		unresolved
119	foi		unresolved
119	icas		unresolved
119	yjiiH		unresolved
119	Compere		unresolved
119	righteouness		unresolved
119	ajlicted		unresolved
119	faithfulnes		unresolved
119	sei		unresolved
119	vanl		unresolved
119	KJ		tooshort
119	aitd		unresolved
119	Ijjl		unresolved
119	jterfect		unresolved
119	salvtttion		unresolved
119	conunand		unresolved
119	difi		unresolved
119	erent		unresolved
119	xecZ		unresolved
119	av		tooshort
119	vdll		unresolved
119	Inve		unresolved
119	Imv		unresolved
119	enrvties		unresolved
119	D''2pt		unresolved
119	divme		unresolved
119	ehibitions		unresolved
119	HD		tooshort
119	Bhew		unresolved
119	ia		tooshort
119	Tke		unresolved
119	yei		unresolved
119	falfilment		unresolved
119	ahoays		unresolved
119	beasta		unresolved
119	witii		unresolved
119	rwe		unresolved
119	Eetaining		unresolved
119	co		tooshort
119	Hll		unresolved
119	drie		unresolved
119	lOS		unresolved
119	estaUish		unresolved
119	Bighteous		unresolved
119	judaments		unresolved
119	promisQ		unresolved
119	Hp'ljf		unresolved
119	T2i		unresolved
119	nc		tooshort
119	pll		unresolved
119	necesfiity		unresolved
119	idi		unresolved
119	Iy		tooshort
119	hilp		unresolved
119	Ip		tooshort
119	nm		tooshort
119	DijrT		unresolved
119	iyy		unresolved
119	sinj		unresolved
119	iif		unresolved
119	ccording		unresolved
119	ic		tooshort
119	iSl		unresolved
119	erings		unresolved
119	seitant		unresolved
12	frovi		unresolved
12	DH		tooshort
12	hyperboUcal	hyperbolical	rule
12	Japaes		unresolved
12	Ihey		unresolved
12	suff'erers		unresolved
12	ynj		unresolved
12	rf		tooshort
12	tV		tooshort
12	Jl		tooshort
12	Ptj		unresolved
12	foUowi		unresolved
12	ng		tooshort
120	nby		unresolved
120	DibyD		unresolved
120	Jli'D		unresolved
120	Btructure		unresolved
120	VD		tooshort
120	diiring		unresolved
120	nVyO		unresolved
120	titee		unresolved
120	ac		tooshort
120	ually		unresolved
120	p'eace		unresolved
120	litcraUy		unresolved
121	KD		tooshort
121	ip		tooshort
121	aflBrmed		unresolved
121	aflairs		unresolved
122	panegjTic		unresolved
122	nii		unresolved
123	iny		unresolved
123	exxi		unresolved
123	sei		unresolved
124	KJ		tooshort
124	DwV		unresolved
124	suallowed		unresolved
124	theAr		unresolved
124	vian		unresolved
124	protid		unresolved
124	efl'ervescing		unresolved
124	dra		unresolved
124	vn		tooshort
125	Kestoration		unresolved
125	pre		unresolved
125	senace		unresolved
125	Vfright		unresolved
125	Mai		unresolved
126	imiU'		unresolved
126	l2J		unresolved
126	Pyy'p		unresolved
126	tt		tooshort
126	thiyigs		unresolved
126	Tn		tooshort
126	HtC		unresolved
127	I3		tooshort
127	xievf		unresolved
128	oliveplants		unresolved
129	ttie		unresolved
129	suflerings		unresolved
129	akeady		unresolved
129	HI6		unresolved
129	rov		unresolved
129	sxa'n		unresolved
129	aadi		unresolved
129	tt		tooshort
129	IDS		unresolved
129	liJIp		unresolved
13	JJ		tooshort
13	vihen		unresolved
13	Jehovaii		unresolved
13	lJ		tooshort
13	vjhen		unresolved
13	multipKes		unresolved
13	ommon		unresolved
13	allusi		unresolved
13	bn		tooshort
13	Vrhy		unresolved
13	ZOiDhi		unresolved
13	Dil		unresolved
13	seijse		unresolved
130	iVf		unresolved
130	Mai		unresolved
130	finiit		unresolved
130	JHy		unresolved
130	reliet		unresolved
131	Sfing		unresolved
131	co		tooshort
131	requii		unresolved
131	figui		unresolved
132	Eememher		unresolved
132	JS		tooshort
132	nHj		unresolved
132	yi		tooshort
132	foiin		unresolved
132	eylids		unresolved
132	dth		unresolved
132	kxxiv		unresolved
132	Ej		tooshort
132	hrathi		unresolved
132	xe		tooshort
132	xv'i		unresolved
132	neighbournood		unresolved
132	Kirjath		unresolved
132	jearim		unresolved
132	hasjhere		unresolved
132	nnd		unresolved
132	backy		unresolved
132	Ms		tooshort
132	iu		tooshort
132	rP		tooshort
132	righteotisness		unresolved
132	vor		unresolved
132	aficc		unresolved
132	avrmv		unresolved
132	CTifavov		unresolved
133	Dil		unresolved
133	doxim		unresolved
133	iho		unresolved
133	Tl		tooshort
133	Antihbanus	Antilibanus	rule
133	Uteralfy		unresolved
134	Ascevts		unresolved
134	Chion		unresolved
134	exxviii		unresolved
135	thehouse		unresolved
135	Mahe		unresolved
135	makcth		unresolved
135	sendelh		unresolved
135	OlH		unresolved
135	luill		unresolved
135	adveirb		unresolved
135	VH		tooshort
135	charactar		unresolved
135	csxv		unresolved
136	Egv'pt		unresolved
136	plm		unresolved
136	u'oters		unresolved
136	IIK		unresolved
136	ybr		unresolved
136	Egy2		unresolved
136	Egj		unresolved
136	ptians		unresolved
136	Bashati		unresolved
136	rcy		unresolved
136	br		tooshort
136	Kemembered		unresolved
136	hm		tooshort
137	efi		unresolved
137	ect		unresolved
137	illous		unresolved
137	tongiie		unresolved
137	tt		tooshort
137	bl		tooshort
138	Hv		tooshort
138	pertbrming		unresolved
138	strengthenedsi		unresolved
138	ilxe		unresolved
138	co		tooshort
138	fvrsake		unresolved
139	lor		unresolved
139	cio		unresolved
139	Tf		tooshort
139	Jfl		unresolved
139	icill		unresolved
139	rai		unresolved
139	winrfs		unresolved
139	IG		tooshort
139	overichelms		unresolved
139	cxxxvui		unresolved
139	aSect		unresolved
139	Psakn		unresolved
139	omniscent		unresolved
139	fearfulhj		unresolved
139	worTcs		unresolved
139	JN		tooshort
139	ot		tooshort
139	Itt		unresolved
139	hJ		tooshort
139	foetus		unresolved
139	Wnlten		unresolved
139	Ues		unresolved
139	Hov		unresolved
139	ofhlood		unresolved
139	aTio		unresolved
139	CTJ		unresolved
139	iJ		tooshort
139	PtSyr		unresolved
14	unambiguQus		unresolved
14	Kom		unresolved
14	Ux		tooshort
14	tmiversal		unresolved
14	Uii		unresolved
14	J'he		unresolved
14	plcln		unresolved
14	lli		unresolved
14	ri		tooshort
14	tt		tooshort
14	Oy		tooshort
140	originalit		unresolved
140	DTi		unresolved
140	ik		tooshort
140	dioell		unresolved
140	TlH		unresolved
140	sharj		unresolved
140	waggon		unresolved
140	Jlead		unresolved
140	ony		unresolved
140	Coah		unresolved
141	woid		unresolved
141	vil		unresolved
141	unintel		unresolved
141	Ugible		unresolved
141	foreignirom		unresolved
141	ypl		unresolved
141	oi		tooshort
141	sjjlitting		unresolved
141	eftect		unresolved
141	Iy		tooshort
141	Ln		tooshort
141	nni3D		unresolved
141	HD		tooshort
141	otm		unresolved
142	htm		unresolved
142	hnowest		unresolved
142	overwiiebned		unresolved
142	uoy		unresolved
142	cxU		unresolved
143	hx		tooshort
143	righi		unresolved
143	hx		tooshort
143	TJtou		unresolved
143	exxxviii		unresolved
144	ffe		unresolved
144	usL		unresolved
144	fii		unresolved
144	hoio		unresolved
144	Liyhten		unresolved
144	akeady		unresolved
144	cZ		tooshort
144	xcill		unresolved
144	serrant		unresolved
144	reeing		unresolved
144	Bovcreigns		unresolved
144	jSo		unresolved
144	heum		unresolved
144	JT'JU		unresolved
144	Kobinson's		unresolved
144	pp		tooshort
144	iin		unresolved
144	finits		unresolved
144	NJ		tooshort
145	sufl'er		unresolved
145	Septuagmt		unresolved
145	iieows		unresolved
145	TpJ		unresolved
145	rhnPi		unresolved
145	ts		tooshort
145	ipj		unresolved
145	corupted		unresolved
145	ghry		unresolved
145	micse		unresolved
145	A'er		unresolved
145	goodnes		unresolved
145	worlcs		unresolved
145	workt		unresolved
145	saiyits		unresolved
145	gemnd		unresolved
145	vp		tooshort
145	Eighteous		unresolved
145	icaijs		unresolved
145	equently		unresolved
145	wvl		unresolved
146	Hallehijah		unresolved
146	rPIl		unresolved
146	ffis		unresolved
146	hv		tooshort
146	dotrn		unresolved
146	nj		tooshort
147	Ijy		unresolved
147	militar		unresolved
147	Uv		tooshort
147	seyideth		unresolved
147	iraters		unresolved
148	deahags		unresolved
148	atfords		unresolved
148	hiyn		unresolved
148	kviii		unresolved
148	oi		tooshort
148	cattlle		unresolved
148	tSl		unresolved
148	ltt		unresolved
148	fixst		unresolved
148	liaised		unresolved
149	timlrel		unresolved
149	cxivii		unresolved
149	or'what		unresolved
149	Kom		unresolved
149	spirituaUsing		unresolved
15	olxiToi		unresolved
15	neighbom		unresolved
15	Dj		tooshort
15	IH		tooshort
15	iyi'		unresolved
15	inean		unresolved
15	JJoing		unresolved
15	secm		unresolved
15	ity		unresolved
15	lOiQM		unresolved
150	thia		unresolved
150	memljers		unresolved
16	irom		unresolved
16	lesides		unresolved
16	lQ		tooshort
16	pre		unresolved
16	pre		unresolved
16	DH''		unresolved
16	IHQ		unresolved
16	iu		tooshort
16	fleasant		unresolved
16	moveiji		unresolved
16	iu		tooshort
16	distiaguished		unresolved
16	kiii		unresolved
16	ia		tooshort
16	JFor		unresolved
16	isible		unresolved
16	in''Dn		unresolved
16	TT'DH		unresolved
16	HH		tooshort
16	TVi		unresolved
16	JlHli		unresolved
16	nnj		unresolved
16	in3		unresolved
16	Xy		tooshort
16	icilt		unresolved
16	idth		unresolved
17	ceptance		unresolved
17	CAal		unresolved
17	trangress		unresolved
17	theseconstructions		unresolved
17	coatext		unresolved
17	trangressor		unresolved
17	tetm		unresolved
17	lOli		unresolved
17	n3		tooshort
17	IB		tooshort
17	ccmverting		unresolved
17	vdlt		unresolved
17	IDhi		unresolved
17	Unemies		unresolved
17	presentdanger		unresolved
17	ia		tooshort
17	meaniug		unresolved
17	suflerer		unresolved
17	afibrds		unresolved
17	IDD		unresolved
17	malce		unresolved
17	ibniD		unresolved
17	ibn		unresolved
17	choichest		unresolved
17	cxxvui		unresolved
17	Mendship		unresolved
18	pui		unresolved
18	stmcture		unresolved
18	afibction		unresolved
18	occm		unresolved
18	afi		unresolved
18	ection		unresolved
18	sro		unresolved
18	yri		unresolved
18	strevgth		unresolved
18	roch		unresolved
18	tlje		unresolved
18	munber		unresolved
18	yiriT		unresolved
18	yjpll		unresolved
18	flre		unresolved
18	natm		unresolved
18	wa'i		unresolved
18	ahoxd		unresolved
18	vapom		unresolved
18	Ihen		unresolved
18	luorld		unresolved
18	oftvorthlessness		unresolved
18	talce		unresolved
18	exUv		unresolved
18	Heivillfree		unresolved
18	ny		tooshort
18	apppeals		unresolved
18	o20		unresolved
18	Andbrought		unresolved
18	tvideplace		unresolved
18	Itsis		unresolved
18	siffht		unresolved
18	Iy		tooshort
18	DrT		unresolved
18	hnng		unresolved
18	doicn		unresolved
18	pebple		unresolved
18	prepositioji		unresolved
18	Iy		tooshort
18	ouiland		unresolved
18	insp'ection		unresolved
18	ny		tooshort
18	DSTV		unresolved
18	TiVdH		unresolved
18	difl'erenee		unresolved
18	pvllD		unresolved
18	deKvered		unresolved
18	Ux		tooshort
18	OAvn		unresolved
18	tv		tooshort
18	inspu		unresolved
19	stUl		unresolved
19	doctiinal		unresolved
19	Chifif		unresolved
19	Bavid		unresolved
19	worJcqf		unresolved
19	sucoession		unresolved
19	co		tooshort
19	co		tooshort
19	ineflective		unresolved
19	Kuth		unresolved
19	Tne		unresolved
19	tban		unresolved
19	spme		unresolved
19	afibrding		unresolved
19	suflixes		unresolved
19	frovi		unresolved
19	SeeExod		unresolved
19	DnTj		unresolved
19	refemng		unresolved
19	d'C		unresolved
2	difi		unresolved
2	erence		unresolved
2	nll		unresolved
2	ha3		unresolved
2	cormnon		unresolved
2	ftdfilment		unresolved
2	whUe		unresolved
2	fiist		unresolved
2	Aiid		unresolved
2	jfrom		unresolved
2	oflSce		unresolved
2	Mai		unresolved
2	Kom		unresolved
2	impljdng		unresolved
2	Bpeak		unresolved
2	co		tooshort
2	Kevelation		unresolved
2	klnr		unresolved
2	jes		unresolved
2	Jdngs		unresolved
2	icith		unresolved
2	rjcay		unresolved
20	Zinn		unresolved
20	afibrd		unresolved
20	fiirst		unresolved
20	ofiiering		unresolved
20	diiplay		unresolved
20	seerq		unresolved
20	Hteraly		unresolved
20	andtve		unresolved
20	Tiiese		unresolved
20	owrselves		unresolved
20	Yulgate		unresolved
20	jjviii		unresolved
21	coiTectness		unresolved
21	authenticiLy		unresolved
21	in'thy		unresolved
21	exidt		unresolved
21	xinto		unresolved
21	Kabbah		unresolved
21	perpetuitij		unresolved
21	yinrf		unresolved
21	iky		unresolved
21	oifruit		unresolved
21	preyail		unresolved
22	rtiy		unresolved
22	Nl		tooshort
22	oi		tooshort
22	aflGirmation		unresolved
22	trere		unresolved
22	disgi		unresolved
22	aceful		unresolved
22	tne		unresolved
22	hiyn		unresolved
22	carethfor		unresolved
22	bm'den		unresolved
22	ysn		unresolved
22	co		tooshort
22	pTie		unresolved
22	M3		tooshort
22	IMS		unresolved
22	HIO		unresolved
22	lhiD		unresolved
22	S3		tooshort
22	IKS		unresolved
22	ief		unresolved
22	wii		unresolved
22	TjSt		unresolved
22	lifedestroying		unresolved
22	co		tooshort
22	proceded		unresolved
22	IsraeKtes		unresolved
22	Ms		tooshort
22	hee		unresolved
22	ll		tooshort
22	yrom		unresolved
22	ofl		unresolved
22	iriimediate		unresolved
22	rtding		unresolved
22	facto		unresolved
22	co		tooshort
22	Uis		unresolved
22	atiecting		unresolved
23	futm		unresolved
23	merelyybr		unresolved
23	ITiou		unresolved
23	bemg		unresolved
23	aiienec		unresolved
24	olxov		unresolved
24	Mivri		unresolved
24	Ms		tooshort
24	swoi		unresolved
24	SlJi		unresolved
24	occvirs		unresolved
24	KltS		unresolved
24	Vni		unresolved
24	iot		unresolved
24	hiyn		unresolved
24	nr		tooshort
24	HT		tooshort
24	Psabnist		unresolved
24	aafSauS		unresolved
25	Db'lVp		unresolved
25	idll		unresolved
25	IJ		tooshort
25	IJ		tooshort
25	Tceepers		unresolved
25	tp		tooshort
25	rin		unresolved
25	jy		tooshort
25	rr		tooshort
25	Mai		unresolved
25	ungrammsCtical		unresolved
25	yt		tooshort
25	nrind		unresolved
25	Jceep		unresolved
26	Ppliter		unresolved
26	nSmHi		unresolved
26	uot		unresolved
26	vrill		unresolved
26	Uars	liars|wars	ambiguous
26	ia		tooshort
26	TopubHsh		unresolved
26	equivaleut		unresolved
27	surrouuded		unresolved
27	figui		unresolved
27	ative		unresolved
27	Kom		unresolved
27	TI'Q		unresolved
27	enenies		unresolved
27	ajid		unresolved
27	nSD		unresolved
27	xil		unresolved
27	xf		tooshort
27	Iioill		unresolved
27	Mij		unresolved
27	looJc		unresolved
27	tipon		unresolved
27	yoXl		unresolved
28	aff'ords		unresolved
28	eandt		unresolved
29	Tbte		unresolved
29	Ln		tooshort
29	Kev		unresolved
29	foim		unresolved
29	DN		tooshort
29	t7hi		unresolved
29	D''7K		unresolved
29	nifestation		unresolved
29	departmre		unresolved
29	thundef		unresolved
29	hbanus		unresolved
29	fre		unresolved
29	universall		unresolved
29	xmll		unresolved
29	ee		tooshort
29	oiJy		unresolved
29	l2Dn		unresolved
29	ound		unresolved
3	midtiplied		unresolved
3	jecond		unresolved
3	occxirs		unresolved
3	fature		unresolved
3	thp		unresolved
3	ihe		unresolved
3	thij		unresolved
30	Grod's		unresolved
30	thankftdness		unresolved
30	absoulte		unresolved
30	Wc		tooshort
30	ot		tooshort
30	sufiiering		unresolved
30	aflGorded		unresolved
30	merrvory		unresolved
30	Ms		tooshort
30	streyigth		unresolved
30	inHezekiah's		unresolved
30	dumhy		unresolved
30	oi		tooshort
31	peH		unresolved
31	ormance		unresolved
31	righteusness		unresolved
31	deliter		unresolved
31	u'ilt		unresolved
31	Cnduct		unresolved
31	rdii		unresolved
31	Sast		unresolved
31	eufiered		unresolved
31	Imees		unresolved
31	xms		unresolved
31	Pf		tooshort
31	sxv		unresolved
31	oj		tooshort
31	missahib		unresolved
31	finistration		unresolved
31	toasoretic		unresolved
31	Jceeping		unresolved
31	D''J'IO		unresolved
32	fijTst		unresolved
32	beginniag		unresolved
32	weakenmg		unresolved
32	tiine		unresolved
32	fij		unresolved
32	viidl		unresolved
32	sdid		unresolved
32	confes		unresolved
32	TDTl		unresolved
32	Ihou		unresolved
32	wn		tooshort
32	Sb		tooshort
32	abont		unresolved
32	pn		tooshort
32	approachiny		unresolved
32	Mejoicein		unresolved
32	vyicked		unresolved
33	etjonologists		unresolved
33	Kev		unresolved
33	Grenesis		unresolved
33	Jeho'vah		unresolved
33	Ihe		unresolved
33	Ms		tooshort
33	afl'ect		unresolved
34	ia		tooshort
34	foiTQ		unresolved
34	jfrom		unresolved
34	ansuered		unresolved
34	thfe		unresolved
34	hajipy		unresolved
34	yc		tooshort
34	Toung		unresolved
34	propefly		unresolved
34	hearkeit		unresolved
34	Viim		unresolved
34	octrine		unresolved
34	afi		unresolved
34	orded		unresolved
34	as'guilty		unresolved
34	punishjueut		unresolved
35	pei		unresolved
35	petual		unresolved
35	jSy		unresolved
35	UVh		unresolved
35	huclder		unresolved
35	cdya		unresolved
35	ig		tooshort
35	bliish		unresolved
35	eftorts		unresolved
35	Tl		tooshort
35	jnerely		unresolved
35	afl		unresolved
35	rmation		unresolved
35	xcithout		unresolved
35	netpit		unresolved
35	diteh		unresolved
35	HKiti		unresolved
35	Tn'm		unresolved
35	hhnself		unresolved
35	eveii		unresolved
35	bereavevient		unresolved
35	iJ		tooshort
35	uertt		unresolved
35	ief		unresolved
35	ITfp		unresolved
35	beha		unresolved
35	iour		unresolved
35	D''D3		unresolved
35	hii		unresolved
35	Dy		tooshort
35	HD		tooshort
35	JRestore		unresolved
35	hoio		unresolved
35	tibove		unresolved
35	sowZ		unresolved
35	pre		unresolved
35	ioill		unresolved
35	sufl'ered		unresolved
35	ndw		unresolved
35	nKH		unresolved
35	Arotcse		unresolved
35	covenantkeeping		unresolved
35	yhich		unresolved
35	theni		unresolved
35	rejoiceis		unresolved
35	Contetnpt		unresolved
35	siyig		unresolved
35	thxj		unresolved
36	of'human		unresolved
36	depra		unresolved
36	ity		unresolved
36	diflers		unresolved
36	Dh		tooshort
36	TtitX		unresolved
36	DW		tooshort
36	Tn		tooshort
36	DS3		unresolved
36	rT		tooshort
36	nirT		unresolved
36	yt		tooshort
36	l7		tooshort
36	rhUV		unresolved
36	obiect		unresolved
36	sytitax		unresolved
36	l7		tooshort
36	diflerent		unresolved
36	fabe		unresolved
36	snme		unresolved
36	Kighteousness		unresolved
36	mxjuntains		unresolved
36	precioiis		unresolved
36	afibrds		unresolved
36	tdlt		unresolved
36	som		unresolved
36	xxviiL		unresolved
36	consequenjce		unresolved
36	theybo		unresolved
37	selfmih		unresolved
37	abnost		unresolved
37	witb		unresolved
37	erb		unresolved
37	reqii		unresolved
37	Tiii		unresolved
37	ieir		unresolved
37	fbr		unresolved
37	iu		tooshort
37	hroJcen		unresolved
37	IViey		unresolved
37	D''l3		unresolved
37	smohe		unresolved
37	erence		unresolved
37	fluctuatipns		unresolved
37	dxoellfor		unresolved
37	ungodlji		unresolved
37	iatellectual		unresolved
37	Eis		unresolved
37	Xzod		unresolved
37	wafe		unresolved
37	vjas		unresolved
37	cormnon		unresolved
37	tt		tooshort
37	wTOUght		unresolved
37	hj		tooshort
38	sorc		unresolved
38	indica'ted		unresolved
38	flace		unresolved
38	asserf		unresolved
38	oy		tooshort
38	TJ		tooshort
38	bov		unresolved
38	moiirning		unresolved
38	arej		unresolved
38	effiect		unresolved
38	easticard		unresolved
38	tcait		unresolved
38	rej		unresolved
38	Becaui		unresolved
38	Ip		tooshort
38	Jli		unresolved
38	niay		unresolved
38	S32		unresolved
38	Il''K		unresolved
39	yny		unresolved
39	icas		unresolved
39	mg		tooshort
39	mij		unresolved
39	seerded		unresolved
39	bnrn		unresolved
39	spajce		unresolved
39	knovj		unresolved
39	HD		tooshort
39	HD'		unresolved
39	oi		tooshort
39	Iiri		unresolved
39	inay		unresolved
39	imbeUever		unresolved
39	U'os		unresolved
39	bemg		unresolved
39	iJiou		unresolved
39	mtin		unresolved
39	JinDhA		unresolved
39	condenmation		unresolved
39	pomt		unresolved
39	nnt		unresolved
39	lD		tooshort
39	aiu		unresolved
39	upbefore		unresolved
4	Chxon		unresolved
4	ect		unresolved
4	senge		unresolved
4	ajid		unresolved
4	hiynself		unresolved
4	IDn		unresolved
4	godhj		unresolved
4	ivUl		unresolved
4	wj		tooshort
4	calUrKj		unresolved
4	hbn		unresolved
4	wdll		unresolved
4	answ		unresolved
4	Lafic		unresolved
4	anrirtj		unresolved
4	rar		unresolved
4	Saij		unresolved
4	tipon		unresolved
4	riyhteonsness		unresolved
4	sayiny		unresolved
4	yood		unresolved
4	oif		unresolved
4	askmg		unresolved
4	yood		unresolved
4	obtaiu		unresolved
4	liyht		unresolved
4	snch		unresolved
4	yiven		unresolved
4	Terbial		unresolved
4	Ahne		unresolved
4	ij		tooshort
4	cUseof		unresolved
40	icnto		unresolved
40	truk		unresolved
40	Xy		tooshort
40	Tlxoughts		unresolved
40	inlpossible		unresolved
40	offcriny		unresolved
40	com		unresolved
40	animnl		unresolved
40	hooJc		unresolved
40	qf		tooshort
40	pre		unresolved
40	Jcnowest		unresolved
40	jayytki'		unresolved
40	iai		unresolved
40	clauso		unresolved
40	seemg		unresolved
40	viithhold		unresolved
40	aTjove		unresolved
40	overtaJcen		unresolved
40	reiuard		unresolved
40	ine		unresolved
41	Avisely		unresolved
41	rospered		unresolved
41	tyS		unresolved
41	ll		tooshort
41	K1		tooshort
41	Imow		unresolved
41	fiddition		unresolved
41	occurence		unresolved
41	iTJ		unresolved
41	obj'ect		unresolved
41	oi		tooshort
41	cleaveih		unresolved
41	bountj		unresolved
41	spitefal		unresolved
41	thi		unresolved
41	Kom		unresolved
41	Kom		unresolved
41	knoun		unresolved
41	yir		unresolved
41	tnie		unresolved
41	isdivided		unresolved
42	dtical		unresolved
42	waterbrooks		unresolved
42	whUe		unresolved
42	Joelii		unresolved
42	tximult		unresolved
42	hese		unresolved
42	dmvn		unresolved
42	vrilt		unresolved
42	AUeghanies		unresolved
42	jyrayer		unresolved
43	Jlead		unresolved
43	iil		unresolved
43	Kev		unresolved
43	shalll		unresolved
43	mmt		unresolved
43	diflerent		unresolved
43	insuflicient		unresolved
43	crrt		unresolved
43	doun		unresolved
43	tcilt		unresolved
43	wpon		unresolved
44	psabn		unresolved
44	totheir		unresolved
44	suord		unresolved
44	tlicmselves		unresolved
44	auduleutiy		unresolved
44	unfaithftdness		unresolved
44	havds		unresolved
44	u'e		unresolved
44	atiection		unresolved
44	afflictiori		unresolved
44	Hise		unresolved
45	entirel		unresolved
45	veiy		unresolved
45	subjetit		unresolved
45	soiuj		unresolved
45	impljang		unresolved
45	ih		tooshort
45	overfloiuing		unresolved
45	iiriter		unresolved
45	jpoured		unresolved
45	Orace		unresolved
45	woBDS		unresolved
45	Uii		unresolved
45	fami		unresolved
45	Uarly		unresolved
45	occm's		unresolved
45	combm		unresolved
45	yeracity		unresolved
45	humilityrighteousness		unresolved
45	arroios		unresolved
45	ungi		unresolved
45	ammatical		unresolved
45	digiiity		unresolved
45	eady		unresolved
45	D''ilD		unresolved
45	alsa		unresolved
45	Ux		tooshort
45	mves		unresolved
45	pre		unresolved
45	hv		tooshort
45	Icind		unresolved
45	mamage		unresolved
45	mconsistent		unresolved
45	Urst		unresolved
45	dau		unresolved
45	hter		unresolved
45	cowj		unresolved
45	soTia		unresolved
45	Geh		unresolved
46	paiiicular		unresolved
46	whicn		unresolved
46	beeii		unresolved
46	TTie		unresolved
46	Ood		unresolved
47	TVTiat		unresolved
47	Mai		unresolved
47	IIDT		unresolved
47	maachil		unresolved
47	icith		unresolved
47	aXarg		unresolved
47	avviTu		unresolved
48	shir		unresolved
48	knoum		unresolved
48	kxvi		unresolved
48	ioon		unresolved
48	ia		tooshort
48	ia		tooshort
48	ISelah		unresolved
48	chm		unresolved
48	Ihy		unresolved
48	aijd		unresolved
48	Ht		tooshort
49	iinus		unresolved
49	com		unresolved
49	bi		tooshort
49	fu'st		unresolved
49	miay		unresolved
49	Likeuise		unresolved
49	hterallj		unresolved
49	jdelds		unresolved
49	mth		unresolved
49	rifiii		unresolved
49	hfosCs		unresolved
49	bettc		unresolved
49	tbeir		unresolved
49	whofolloio		unresolved
49	oss		unresolved
49	roifMaivu		unresolved
49	anotter		unresolved
49	eonjunction		unresolved
49	eff'ects		unresolved
49	WhUe		unresolved
49	iopraise		unresolved
49	doefet		unresolved
49	iu		tooshort
49	undentandeth		unresolved
49	yh''		unresolved
5	agjain		unresolved
5	Kefiinoth		unresolved
5	ol		tooshort
5	cryiny		unresolved
5	railriSia		unresolved
5	Hcb		unresolved
5	vdll		unresolved
5	riyhteousness		unresolved
5	straiyht		unresolved
5	is'less		unresolved
5	lQ		tooshort
5	theip		unresolved
50	risiny		unresolved
50	Crod		unresolved
50	accompamdng		unresolved
50	ical		unresolved
50	rectit		unresolved
50	iiself		unresolved
50	icill		unresolved
50	Irutes'm		unresolved
50	metonjTny		unresolved
50	exhortaton		unresolved
50	uvrds		unresolved
50	Kom		unresolved
50	thrj		unresolved
50	TIiou		unresolved
50	refen		unresolved
50	fiom		unresolved
51	ordy		unresolved
51	crinie		unresolved
51	farts		unresolved
51	siocerity		unresolved
51	answws		unresolved
51	sutFering		unresolved
51	impurit		unresolved
51	pm		tooshort
51	ia		tooshort
51	interrrupted		unresolved
51	aivaij		unresolved
51	Sjnrit		unresolved
51	ayain		unresolved
51	sjnrit		unresolved
51	aesires		unresolved
51	transgressrs		unresolved
51	lij		unresolved
51	afibrding		unresolved
51	burntoffering		unresolved
51	oi		tooshort
51	JeriLsalem		unresolved
51	burntoffering		unresolved
52	Do'eg		unresolved
52	particulardivine		unresolved
52	signiiicant		unresolved
52	periodicstyle		unresolved
52	swallotvinrf		unresolved
52	tongice		unresolved
52	Mis		unresolved
52	oi		tooshort
52	neare		unresolved
53	variation3		unresolved
53	uponMahalath		unresolved
53	Tyy		unresolved
53	almogt		unresolved
53	compresed		unresolved
54	IJ		tooshort
54	DDD		unresolved
54	Jzidge		unresolved
54	miiy'		unresolved
55	iu		tooshort
55	oui		unresolved
55	hoiTor		unresolved
55	bnt		unresolved
55	ob		tooshort
55	ious		unresolved
55	hnithemselves		unresolved
55	icill		unresolved
55	ol		tooshort
55	mysSlf		unresolved
55	riytfiw		unresolved
55	J5		tooshort
55	rf		tooshort
55	Dto		unresolved
55	SJteol		unresolved
55	nccossary		unresolved
55	feai		unresolved
55	Pd		tooshort
55	doion		unresolved
55	ofhlood		unresolved
55	nntiO		unresolved
55	oi		tooshort
55	ri		tooshort
55	MiOiueuai		unresolved
56	Jonath		unresolved
56	elem		unresolved
56	rehokim		unresolved
56	Jonath		unresolved
56	elem		unresolved
56	rehokim		unresolved
56	proljably		unresolved
56	icord		unresolved
56	tcill		unresolved
56	icords		unresolved
56	icrest		unresolved
56	jjaiV		unresolved
56	injmy		unresolved
56	svill		unresolved
56	inteiTogative		unresolved
56	icandcrings		unresolved
56	Yery		unresolved
56	oj		tooshort
56	wanderiny		unresolved
56	Tj		tooshort
56	lij		unresolved
56	iXi		unresolved
56	memorj'		unresolved
56	Mai		unresolved
56	ene		unresolved
56	nies		unresolved
56	crj'		unresolved
56	uvrd		unresolved
56	thanksgiviny		unresolved
57	tashheth		unresolved
57	vn		tooshort
57	similiarity		unresolved
57	mercifid		unresolved
57	GodvMl		unresolved
57	Tphrase		unresolved
58	tashheth		unresolved
58	D7		tooshort
58	mesimng		unresolved
58	oi		tooshort
58	sofis		unresolved
58	iyiiquities		unresolved
58	inMicah		unresolved
58	D7D		unresolved
58	hirih		unresolved
58	pioison		unresolved
58	ihe		unresolved
58	jc		tooshort
58	agi		unresolved
58	ees		unresolved
58	emphaticallyy		unresolved
58	sf		tooshort
58	lause		unresolved
58	mxitterers		unresolved
58	originalh'		unresolved
58	fiom		unresolved
58	TUQdiD		unresolved
58	etymolog		unresolved
58	inidst		unresolved
58	nnnatural		unresolved
58	sQppose		unresolved
58	WTath		unresolved
58	xei		unresolved
58	geance		unresolved
58	Orod		unresolved
58	jother		unresolved
59	suiferer		unresolved
59	niin		unresolved
59	tashheth		unresolved
59	ot		tooshort
59	aiid		unresolved
59	Uiiquity		unresolved
59	lijjs		unresolved
59	wdcked		unresolved
59	tmto		unresolved
59	VTp		unresolved
59	luait		unresolved
59	wpon		unresolved
59	G'of		unresolved
59	icill		unresolved
59	primraiy		unresolved
59	hythy		unresolved
59	T'hey		unresolved
59	rvrath		unresolved
59	knoio		unresolved
59	nnto		unresolved
59	ia		tooshort
59	findmg		unresolved
59	suflering		unresolved
6	diff'ers		unresolved
6	rehukc		unresolved
6	oflender		unresolved
6	Jcr		unresolved
6	sufliering		unresolved
6	veorld		unresolved
6	efl'ect		unresolved
6	Buflferer's		unresolved
6	vdth		unresolved
6	viy		unresolved
60	Zohah	Zobah	rule
60	ibutary		unresolved
60	Kobinson's		unresolved
60	dift'erent		unresolved
60	iis		unresolved
60	prosi		unresolved
60	erity		unresolved
60	TJiov		unresolved
60	lliou		unresolved
60	ralljang		unresolved
60	DJJ		unresolved
60	Ihe		unresolved
60	pp		tooshort
60	offf		unresolved
60	afibrds		unresolved
60	stz'ongly		unresolved
61	Daoid		unresolved
61	J13		unresolved
61	Ood		unresolved
61	ujjon		unresolved
61	preserveing		unresolved
61	fo7		unresolved
62	TJ		tooshort
62	oi		tooshort
62	micch		unresolved
62	yuu		unresolved
62	considt		unresolved
62	deliyht		unresolved
62	irill		unresolved
62	tiiey		unresolved
62	ny		tooshort
62	vn		tooshort
62	mvself		unresolved
62	meabs		unresolved
62	whenwealth		unresolved
62	mto		unresolved
62	prononn		unresolved
62	dd		tooshort
63	Bimilarity		unresolved
63	vvj		unresolved
63	intei		unresolved
63	pretation		unresolved
63	marrov		unresolved
63	fZ		tooshort
63	moiith		unresolved
63	rejoicinr		unresolved
63	Wheji		unresolved
63	rememler		unresolved
63	tJwc		unresolved
63	seekino		unresolved
63	constiaiction		unresolved
63	ior		unresolved
63	thiswere		unresolved
64	sec7		unresolved
64	favom		unresolved
64	ite		unresolved
64	hx		tooshort
64	jperfect		unresolved
64	Iruit		unresolved
64	hx		tooshort
64	imvard		unresolved
64	VH		tooshort
64	owti		unresolved
64	menfear		unresolved
64	eifect		unresolved
64	afl'ect		unresolved
65	Bij		unresolved
65	righteousyiess		unresolved
65	Hapjyy		unresolved
65	hrivg		unresolved
65	indi		unresolved
65	ddualization		unresolved
65	Fearfid		unresolved
65	laiid		unresolved
65	metaphoricall		unresolved
65	teiTQS		unresolved
65	thtis		unresolved
65	futm		unresolved
66	thanksgi		unresolved
66	tojhee		unresolved
66	worhs		unresolved
66	hj		tooshort
66	ll		tooshort
66	yDD		unresolved
66	obvions		unresolved
66	ridiuff		unresolved
66	esistible		unresolved
66	faraihar		unresolved
66	itw		unresolved
66	DDi		unresolved
66	Bni		unresolved
67	compai		unresolved
67	restriciton		unresolved
67	entirelygratuitous		unresolved
67	ungranimatical		unresolved
68	resemblence		unresolved
68	HD		tooshort
68	D'lpl		unresolved
68	waa		unresolved
68	erhh		unresolved
68	Mai		unresolved
68	oriihans		unresolved
68	ifihabit		unresolved
68	itseJf		unresolved
68	theopany		unresolved
68	Tlty		unresolved
68	orafilicted		unresolved
68	heticeen		unresolved
68	oj		tooshort
68	Ezekel		unresolved
68	obsciire		unresolved
68	winereeling		unresolved
68	rejyetition		unresolved
68	Capticred		unresolved
68	captifity		unresolved
68	amoncr		unresolved
68	otlaer		unresolved
68	nj		tooshort
68	ts		tooshort
68	iiith		unresolved
68	hereused		unresolved
68	ooun		unresolved
68	Px		tooshort
68	ov		tooshort
68	ymH		unresolved
68	ynDJn		unresolved
68	On3Q		unresolved
68	nq		tooshort
68	tonr		unresolved
68	ue		tooshort
68	viy		unresolved
68	ov		tooshort
68	vaog		unresolved
68	yZocA		unresolved
68	Ic		tooshort
69	SUFFEREE		unresolved
69	describcs		unresolved
69	Chiist		unresolved
69	roh		unresolved
69	fij		unresolved
69	oj		tooshort
69	revillngs		unresolved
69	revilingsto		unresolved
69	natm		unresolved
69	constr		unresolved
69	uction		unresolved
69	saclccloth		unresolved
69	sorup		unresolved
69	waUQV		unresolved
69	shttt		unresolved
69	ms		tooshort
69	Eomans		unresolved
69	D7li		unresolved
69	tke		unresolved
69	mrath		unresolved
69	eVauX		unresolved
69	boiTowed		unresolved
69	vjill		unresolved
69	hearJcening		unresolved
69	jmsoners		unresolved
7	selfdestroyers		unresolved
7	Ctish		unresolved
7	fnend		unresolved
7	tfanslate		unresolved
7	enemifi		unresolved
7	thg		unresolved
7	enemif		unresolved
7	enemj		unresolved
7	commayided		unresolved
7	Ayid		unresolved
7	nghteous		unresolved
7	angi		unresolved
7	info		unresolved
7	oum		unresolved
70	ioremmdi		unresolved
70	Godi		unresolved
70	Uii		unresolved
70	sustitution		unresolved
70	tmimportant		unresolved
71	u'as		unresolved
71	Uii		unresolved
71	Filhd		unresolved
71	salvatioyi		unresolved
71	JlT		unresolved
71	iJ		tooshort
71	tJcy		unresolved
71	faithfukiess		unresolved
72	ojypressor		unresolved
72	childi		unresolved
72	moicn		unresolved
72	Euphiates		unresolved
72	rnvard		unresolved
72	off'ering		unresolved
72	paj		unresolved
72	oflering		unresolved
72	ffings		unresolved
72	boiTowed		unresolved
72	Idufjs		unresolved
72	ov		tooshort
72	IMessiah		unresolved
72	ciAal		unresolved
72	suferer		unresolved
72	live'i		unresolved
72	atitude		unresolved
72	heplentij		unresolved
72	ef		tooshort
72	ienominatio		unresolved
72	manj'		unresolved
73	vnih		unresolved
73	smitlen		unresolved
73	sur2		unresolved
73	liiyh		unresolved
73	T'liey		unresolved
73	Thej'		unresolved
73	xuaters		unresolved
73	luicked		unresolved
73	eterj		unresolved
73	ity		unresolved
73	tJte		unresolved
73	mside		unresolved
73	iiith		unresolved
73	aivaJcen		unresolved
73	ITT3		unresolved
73	ahoays		unresolved
73	toujnurs		unresolved
73	bonam		unresolved
73	sovereignt		unresolved
74	praj's		unresolved
74	Moschil		unresolved
74	AsopJi		unresolved
74	pei		unresolved
74	implving		unresolved
74	eopJe		unresolved
74	AVhy		unresolved
74	wTath		unresolved
74	primarj'		unresolved
74	ayainst		unresolved
74	amony		unresolved
74	figm		unresolved
74	ative		unresolved
74	Iount		unresolved
74	Jehoval		unresolved
74	perpel		unresolved
74	IViine		unresolved
74	fixst		unresolved
74	OTV		unresolved
74	lyto		unresolved
74	knoicn		unresolved
74	Qhereof		unresolved
74	bunied		unresolved
74	vvdth		unresolved
74	ograg		unresolved
74	sjTiagogues		unresolved
74	Avhich		unresolved
74	withdraio		unresolved
74	midd		unresolved
74	loorhing		unresolved
74	signihes		unresolved
74	varietv		unresolved
74	marufested		unresolved
74	sm		tooshort
74	primaiy		unresolved
74	hou		unresolved
74	Ulou		unresolved
74	Bemcmher		unresolved
74	iirst		unresolved
74	meamng		unresolved
74	AercZ		unresolved
74	ia		tooshort
74	obstract		unresolved
74	DQn		unresolved
74	vaeaxis		unresolved
75	tashheth		unresolved
75	hich		unresolved
75	tashheth		unresolved
75	Tiiy		unresolved
75	Pb		tooshort
75	vjith		unresolved
75	DHn		unresolved
75	Idum		unresolved
75	acinaW		unresolved
75	oj		tooshort
75	intei		unresolved
75	preters		unresolved
75	idth		unresolved
75	fidl		unresolved
76	ts		tooshort
76	Salein		unresolved
76	bootfi		unresolved
76	hOittle		unresolved
76	meanmg		unresolved
76	sj		tooshort
76	mbols		unresolved
76	pajiicle		unresolved
77	Jeduihun		unresolved
77	aftairs		unresolved
77	itnto		unresolved
77	iconder		unresolved
77	wondrouyi		unresolved
77	hnovon		unresolved
77	tvifh		unresolved
77	beautifiul		unresolved
77	vihirlwind		unresolved
77	yuide		unresolved
78	pre		unresolved
78	TheAsaph		unresolved
78	tiquity		unresolved
78	Almightg		unresolved
78	everj'thing		unresolved
78	icroth		unresolved
78	corii		unresolved
78	comiag		unresolved
78	OlX		unresolved
78	anslated		unresolved
78	eveiy		unresolved
78	Ayid		unresolved
78	dnd		unresolved
78	eiTor		unresolved
78	Enck		unresolved
78	sufl'ering		unresolved
78	xed		unresolved
78	futm		unresolved
78	Notwitstanding		unresolved
78	woi		unresolved
78	mea		unresolved
78	ns		tooshort
78	eneyny		unresolved
78	ypt		unresolved
78	Egj'ptian		unresolved
78	Eg		tooshort
78	pt		tooshort
78	com'se		unresolved
78	pre		unresolved
78	snpphes		unresolved
78	vi'iih		unresolved
78	rt		tooshort
79	imwked		unresolved
79	kv		tooshort
79	iniqitities		unresolved
79	IHD		unresolved
79	themo		unresolved
79	xrdi		unresolved
79	JTlD		unresolved
79	equent		unresolved
79	thi		unresolved
8	Gittir		unresolved
8	Gittiih		unresolved
8	tosignify		unresolved
8	joyoua		unresolved
8	Fsalm		unresolved
8	shouJdst		unresolved
8	waa		unresolved
8	pre		unresolved
8	criptive		unresolved
8	confovmded		unresolved
80	pealm		unresolved
80	ori		unresolved
80	pre		unresolved
80	Josqyh		unresolved
80	Kachel		unresolved
80	confii		unresolved
80	thefr		unresolved
80	jcamp		unresolved
80	Kteral		unresolved
80	ine		unresolved
80	vjere		unresolved
80	KJ		tooshort
80	intemipted		unresolved
80	riyht		unresolved
81	kv		tooshort
81	commcnly		unresolved
81	liaise		unresolved
81	imessential	unessential	rule
81	Nima		unresolved
81	pre		unresolved
81	agi		unresolved
81	ees		unresolved
81	monar		unresolved
81	themjorth		unresolved
81	Trw		unresolved
81	ueig		unresolved
81	natm		unresolved
82	jadge		unresolved
82	novm		unresolved
82	exemplies		unresolved
82	ect		unresolved
82	icicked		unresolved
82	pre		unresolved
82	ea7		unresolved
83	Py		tooshort
83	mimor		unresolved
83	shir		unresolved
83	fortyeighth		unresolved
83	ib		tooshort
83	ord		unresolved
83	considtation		unresolved
83	Edam		unresolved
83	Suera		unresolved
83	orpasturegrounds		unresolved
83	kxiv		unresolved
83	hoii		unresolved
83	coa		unresolved
83	onant		unresolved
84	ov		tooshort
84	Giitith		unresolved
84	orfor		unresolved
84	oi		tooshort
84	dwellmgs		unresolved
84	aviiahle		unresolved
84	aimahle		unresolved
84	divellhigs		unresolved
84	joyM		unresolved
84	rf		tooshort
84	PX		tooshort
84	vjill		unresolved
84	hB		tooshort
84	ve		tooshort
84	nowvery		unresolved
84	cms		unresolved
84	finiition		unresolved
84	ollows		unresolved
84	a'vocative		unresolved
85	Eorah		unresolved
85	withdraio		unresolved
85	vjrath		unresolved
85	turu		unresolved
85	ot		tooshort
85	nS		tooshort
86	urretched		unresolved
86	ofKorah		unresolved
86	erers		unresolved
86	TDH		unresolved
86	toioards		unresolved
86	rfay		unresolved
86	ofthis		unresolved
86	boiTOwed		unresolved
86	borowed		unresolved
86	hang		unresolved
86	proffc		unresolved
86	eady		unresolved
87	bnt		unresolved
87	oi		tooshort
87	Seluh		unresolved
87	aad		unresolved
87	luas		unresolved
87	br		tooshort
87	indi		unresolved
87	dduals		unresolved
87	pm		tooshort
87	Hig		unresolved
87	iest		unresolved
87	tltee		unresolved
88	afl		unresolved
88	orded		unresolved
88	Levit'		unresolved
88	theeimiplies		unresolved
88	witth		unresolved
88	ajlict		unresolved
88	jilaced		unresolved
88	evei		unresolved
88	iconders		unresolved
88	TIio		unresolved
88	inflamations		unresolved
88	toffether		unresolved
89	vxilt		unresolved
89	xed		unresolved
89	sicell		unresolved
89	tjje		unresolved
89	Hermonin		unresolved
89	hnovnng		unresolved
89	sf		tooshort
89	htm		unresolved
89	Jnd		unresolved
89	hes		unresolved
89	mj		tooshort
89	withdraio		unresolved
89	Compai		unresolved
89	customaiy		unresolved
89	rts		unresolved
89	thj		unresolved
89	lifled		unresolved
89	hcLst		unresolved
89	sjTnbol		unresolved
89	oirock		unresolved
89	Jobvii		unresolved
89	adverTsially		unresolved
89	heanng		unresolved
89	I1		tooshort
89	difi		unresolved
89	erent		unresolved
9	luhhen		unresolved
9	lahhen	labben	rule
9	dd's		unresolved
9	ooZ		unresolved
9	ulamoth		unresolved
9	ybr		unresolved
9	lahben	labben	rule
9	sovg		unresolved
9	caitse		unresolved
9	nationSf		unresolved
9	ns		tooshort
9	Jcnowers		unresolved
9	co		tooshort
9	inqtiisitor		unresolved
9	isthe		unresolved
9	ifrom		unresolved
9	forgetfu		unresolved
9	tUfe		unresolved
9	iP		tooshort
9	Uy		tooshort
9	com		unresolved
90	apr		unresolved
90	eady		unresolved
90	oj		tooshort
90	yVom		unresolved
90	dinne		unresolved
90	bnt		unresolved
90	flomish		unresolved
90	efl		unresolved
90	ect		unresolved
90	Tionymous		unresolved
90	Hii		unresolved
90	iy		tooshort
90	ungi		unresolved
90	ammatical		unresolved
90	hoio		unresolved
90	dec		unresolved
90	plui		unresolved
90	ovra		unresolved
91	Imighty		unresolved
91	OQ		tooshort
91	IQ		tooshort
91	foider's		unresolved
91	ptestilence		unresolved
91	shaltfind		unresolved
91	coverinrf		unresolved
91	noctm		unresolved
91	nal		unresolved
91	rowi		unresolved
91	ditferent		unresolved
91	thoustnke		unresolved
91	ayainst		unresolved
91	youny		unresolved
91	drayon		unresolved
91	u'ill		unresolved
91	hiyh		unresolved
91	hiyh		unresolved
91	Hx		tooshort
91	embaiTassments		unresolved
91	lenyth		unresolved
92	Sonfjf		unresolved
92	luith		unresolved
92	othir		unresolved
92	contiasts		unresolved
92	mj		tooshort
92	accessor		unresolved
92	ac		tooshort
92	ors		unresolved
92	sprotd		unresolved
92	tMy		unresolved
92	jtist		unresolved
93	snre		unresolved
94	unad		unresolved
94	ised		unresolved
94	TJtter		unresolved
94	DJ		tooshort
94	Widoio		unresolved
94	hx		tooshort
94	naankind		unresolved
94	olFenders		unresolved
94	ith		unresolved
94	wercy		unresolved
94	icpon		unresolved
94	wickediiess		unresolved
95	roch		unresolved
95	bdi		unresolved
95	eflbrt		unresolved
95	Jcneel		unresolved
95	singlar		unresolved
95	fii		unresolved
95	DJl		unresolved
95	knoio		unresolved
96	aiTangement		unresolved
96	bhJ		unresolved
96	carrj'ing		unresolved
96	nne		unresolved
96	rowi		unresolved
96	rectitmle		unresolved
97	xcri		unresolved
97	lastlsa		unresolved
97	oj		tooshort
97	Idoh		unresolved
97	worshipiied		unresolved
97	iraXiv		unresolved
97	iu		tooshort
97	eavth		unresolved
97	jnan		unresolved
98	itseK		unresolved
98	saine		unresolved
98	TIDTD		unresolved
98	ful		unresolved
98	ichat		unresolved
98	duelling		unresolved
98	figm		unresolved
98	ative		unresolved
99	betweeii		unresolved
99	hou		unresolved
99	HHhJ		unresolved
99	habituall		unresolved
99	Ms		tooshort
99	amovg		unresolved
99	answerlthem		unresolved
preface	imfamiliarity		unresolved
