14	2	The present publication owes its origin to Hengstenberg's Commentary ||| purpose to have stated it in outline, leaving the reader	entire transcribed page (Preface text about Hengstenberg's Commentary, "In justice to his work and to himself") ||| printed page 14 contains different text ("The best arrangement for the ordinary student of the Psalter ... it will be sufficient to remind the reader,")
15	4	It may be thought that, in order to accomplish this design ||| that the Mosaic system reached its culminating point and full development	the author might have satisfied himself with a bare translation ||| in the reign of David, when the land of promise was in full possession	The plan of the book, as already defined, has excluded ||| The interesting questions which have so often been discussed	either in a separate work upon the Psalms ||| not verse, according to the common acceptation of those terms; partly be-
16	2	The difficulty of discussing these preliminary matters ||| cause the effect of the poetical element, so far as it exists, is weakened	(entire transcribed page text: "A closer inspection shews, however... Hebrew text, wherever they are different.") ||| printed page contains only: "...rather than enhanced when printed as irregular blank verse: but especially because the version is not meant to stand by itself, or to be continuously read, but to be part and parcel of the exposition, and to be qualified by the accompanying paraphrase and comments. The religious uses of the Psalms, both doctrinal and practical, though not directly aimed at in these volumes, are so far from being undervalued by the author, and indeed so essential to his ultimate design, that any effect which the book may have, however humble or remote, in the promotion of this end, will be esteemed by him as its most flattering success, and the most acceptable reward of his exertions."
17	0	
18	2	3. The Literal description of the ||| 3. The literal description of the	*like a tree,* a Lively emblem ||| like a tree, a lively emblem
19	2	6, Hos. xiii. 3, Zeph. ii. 2 ||| 5, Hos. xiii. 3, Zeph. ii. 2	*in the judgment,* t. *e.* at the bar ||| in the judgment, i. e. at the bar
20	0	
21	1	The religious uses of the Psalms, both doctrinal and practical ||| (entire final paragraph not printed here; belongs to the preface)
22	1	*Let m break their bands ||| Let us break their bands
23	2	suppose to unction, *1 have constituted my King,* ||| suppose to unction, *I have constituted my King,*	neither of which expressions would he adequate ||| neither of which expressions would be adequate
25	1	mean, *thou shall feed them* ||| thou shalt feed them
26	5	*be learned,* be admonished ||| be warned, be admonished	*(0) jud(judges of the earth!* ||| (O) judges of the earth!	in fall view of God's wrath ||| in full view of God's wrath	Matt. xxvi. 68 ||| Matt. xxvi. 63	will soon bum, or ||| will soon burn, or
27	2	2 Sam. xv. 14, 17, 30), Such a psalm ||| 2 Sam. xv. 14, 17, 30). Such a psalm	*Absalom his son* (see ||| *Absalom, his son* (see
28	0	
29	3	6 (5). *I,* even I ||| 6 (5.) *I,* even I	derivative. / *will not be afraid of* ||| derivative. *I will not be afraid of*	*Arise, O Lord,* Jehovah 1 This is ||| *Arise, O Lord,* Jehovah! This is
30	1	protection, ver, 9 (8) ||| protection, ver. 9 (8)
31	3	or (6» *converted) into shame* ||| or (be converted) into shame	David never loses sight of hia ||| David never loses sight of his	(2" Sam, xv. 4,7) ||| (2 Sam. xv. 4, 7)
32	0	
33	2	(2 Sam. xv. 7, 8). ^ The form ||| (2 Sam. xv. 7, 8). The form	*more than the time, than the time,* or more than when ||| more than the time, or more than when
34	1	ver. 5, 6 (4, 6), and as such ||| ver. 5, 6 (4, 5), and as such
35	5	Jehovah, *give ear ear, perceive* ||| Jehovah, give ear, perceive	*will I j)ray.* ||| will I pray.	had said. It is in this capacity ||| had said, It is in this capacity	*thou shall hear my voice* ||| thou shalt hear my voice	Lev. xxiv. G, 8 ||| Lev. xxiv. 6, 8
36	0	
37	0	
38	0	
39	4	or *he gracious unto me,* ||| or be gracious unto me,	*are my hones,* here mentioned ||| are my bones, here mentioned	as well as my bod}", or ||| as well as my body, or	*deliver my said,* my life ||| deliver my soul, my life
40	0	
41	1	uttered by one Gush, a Ben-jamite ||| uttered by one Cush, a Ben-jamite
42	1	no other, / *have trusted,* ||| no other, *I have trusted,*
43	0	
44	1	*his arrows to (be) burning he will make* ||| His arrows to (be) burning he will make
45	3	mercy. / *will praise the Lord,* ||| mercy. I will praise the Lord,	16 (15). The same idea ||| 16 (15) The same idea	of the composition on the other, ||| of the composition on the other.
46	1	8 (2.) *From the mouth of babes ||| 3 (2.) *From the mouth of babes
47	0	
48	0	
49	2	•2 (1). / *will thank Jehovah* ||| ·2 (1). I will thank Jehovah	*In the turning of my enemies bach* ||| In the turning of my enemies back
50	2	See above, on Ps. vii, 12 (11) ||| See above, on Ps. vii. 12 (11)	*Thou hast rebuked nations* not merely individuals ||| Thou hast rebuked nations, not merely individuals
51	3	here put for its inhabitants, *injustice,* ||| in justice	*And (so) will Jehovah he a high place,* ||| will Jehovah be a high place	on Ps. iii. 5 (4), V. 8 (7). ||| v. 8 (7).
52	3	to the grave of the state of the dead ||| to the grave or the state of the dead	verse, *[that] I may exult;* ||| verse, (that) I may exult;	proposition, / *will exult* ||| proposition, I will exult
53	3	Compare Ps, ii. 1 ||| Compare Ps. ii. 1	on Ps. xcii. 4 (3), The addition ||| on Ps. xcii. 4 (3). The addition	implied in ver. 18 (12) above ||| implied in ver. 13 (12) above
54	5	frail man, *he strong.* ||| frail man, be strong.	or the heathen, *he judged,* ||| or the heathen, be judged,	on Ps. viii, 5 (4) ||| on Ps. viii. 5 (4)	*Let him not he strong,* ||| Let him not be strong,	phrase, *ai times in trouble,* ||| phrase, at times in trouble,
55	4	rendered "greedy of gala" in ||| "greedy of gain" in	Prov. i. 19, XV. 27 ||| Prov. i. 19, xv. 27	that sell them say. Blessed is the ||| that sell them say, Blessed is the	blesses, in the Terse before us ||| blesses, in the verse before us
56	1	rather than his true condition, ||| rather than his true condition.
57	1	which David seems ta have delighted ||| which David seems to have delighted
58	2	(or m, *i. e.* into the power of) ||| (or *in*, *i.e.* into the power of)	returning to the imagery of ver, 8 ||| returning to the imagery of ver. 8
59	3	See ver, 4 above, and compare ||| See ver. 4 above, and compare	as if he had said. Thou wilt find ||| as if he had said, Thou wilt find	enthroned, hot only as the sovereign ||| enthroned, not only as the sovereign
60	4	See Ps. U. 12 (10) ||| See Ps. li. 12 (10)	lviii 8 (7), cxii. 7 ||| lvii. 8 (7), cxii. 7	For the fall sense of the word ||| For the full sense of the word	original; *e.g. m.* the Vulgate ||| original; e. g. in the Vulgate
61	2	ye say to my soul. Flee (to) ||| ye say to my soul, Flee (to)	followers. Matt. xxiv. 16. ||| followers, Matt. xxiv. 16.
62	5	and the liver of violence ||| and the lover of violence	are combined. *Bain* is a natural ||| are combined. *Rain* is a natural	communication *from.* above ||| communication *from* above	(Ps. cxix, 53) ||| (Ps. cxix. 53)	Compare Ps. xvi. 6, ||| Compare Ps. xvi. 5,
63	0	
64	5	8 (2). *Vanity, i.e.* falsehood ||| 3 (2). *Vanity, i. e.* falsehood	*A Up of smoothness,* ||| A lip of smoothness,	a flattering Up (and) with a double heart ||| a flattering lip (and) with a double heart	Deut. XXV. 13. ||| Deut. xxv. 13.	/ *will arise;* see above ||| I will arise; see above
65	1	they shall walk at Uberty ||| they shall walk at liberty
66	1	shall my enemy he high above ||| shall my enemy be high above
67	4	6 (4). *Lest my enemy say ||| 5 (4). *Lest my enemy say	or *because I shall he shaken.* ||| or *because I shall be shaken.*	strictly means, / *have been able.* ||| strictly means, *I have been able.*	^ I will sing unto Jehovah.' ||| ' I will sing unto Jehovah.'
68	2	as above, in Ps, x. 11 ||| as above, in Ps. x. 11	where its sense is unambiguous ||| where its sense is unambiguqus
69	0	
70	3	As if he had said. You will one ||| As if he had said, You will one	iii. 5 (4), XX. '3 (2) ||| iii. 5 (4), xx. 3 (2)	as Deut. xxx. 8, Ps. lxxxv. 6 (4) ||| as Deut. xxx. 3, Ps. lxxxv. 5 (4)
71	0	
72	1	See Exod. xxii, 24, Lev. xxv. 37 ||| See Exod. xxii. 24, Lev. xxv. 37
73	3	or *'preserve me,* implies actual ||| or *preserve me*, implies actual	accordingly, / *have said.* ||| accordingly, *I have said.*	or Supreme God,—The obscure clause ||| or Supreme God.—The obscure clause
74	3	"ii them is all my delight." ||| "in them is all my delight."	as con-elative expressions ||| as correlative expressions	to be supplied fi-om ver. 2 and 5 ||| to be supplied from ver. 2 and 5
75	1	7. / *will bless Jehovah* ||| 7. I will bless Jehovah
76	2	1 shall not be moved ||| I shall not be moved	31, ex. 5, cxxi. 5 ||| 31, cx. 5, cxxi. 5
77	0	
78	2	my Judgment shall come forth ||| my judgment shall come forth	hast visited (?ne) *hy night* ||| hast visited (me) by night
79	0	
80	0	
81	3	male him how, save my soul ||| make him bow, save my soul	thou wilt Jill their belly ||| thou wilt fill thcir belly	reserved his choicest gifts ||| reserved his choichest gifts
82	0	
83	2	The future form, / *will love,* ||| The future form, I will love,	for my strength, m}' protector and deliverer ||| for my strength, my protector and deliverer
84	5	from my enemies I shall he saved ||| from my enemies I shall be saved	The hands of death have enclosed me ||| The bands of death have enclosed me	will (still) of right me ||| will (still) affright me	By *hands* we are probably to understand ||| By bands we are probably to understand	The hands of hell surrounded me ||| The bands of hell surrounded me
85	3	I will invoice Jehovah ||| I will invoke Jehovah	ix. 10 (9), X. 1. ||| ix. 10 (9), x. 1.	*From* "it; may have reference ||| *From it* may have reference
86	2	in the original bon-owed from Deut. ||| in the original borrowed from Deut.	compare Ps, lxviii. 18 (17) ||| pare Ps. lxviii. 18 (17)
87	2	were in fact past ai the time ||| were in fact past at the time	while the other appeals to past ||| while the other apppeals to past
88	1	*My iniquity iniquity* can only mean ||| *My iniquity* can only mean
89	5	occurs once elsewhere (Dan. lii. 10) ||| (Dan. xii. 10)	thou wilt bring down. down. Another general ||| thou wilt bring down. Another general	Prov. xxi. 4, xxx, 13 ||| Prov. xxi. 4, xxx. 13	experience. Li this second part ||| experience. In this second part	psalm. Li accordance with this ||| psalm. In accordance with this
90	6	80 (29). *For in thee I shall run* ||| 30 (29). For in thee I shall run	mere assistance *(hy thee),* ||| mere assistance (by thee),	and Philip, iv. 13 ||| and Philip. iv. 13	82 (31). *For who is God* ||| 32 (31). For who is God	*Bock* has the same sense ||| Rock has the same sense	ver. 31 (80) and 82 (81) ||| ver. 31 (30) and 32 (31)
91	2	ness of foot was,s prized ||| ness of foot was prized	38 (37). / *am to pursue* ||| 38 (37). *I am to pursue*
92	5	39 (38). / *shall smite them* ||| 39 (38). *I shall smite them*	my assailants tinder me ||| my assailants under me	*haters*—/ *will destroy them.* ||| *haters—I will destroy them.*	Jonah i. 14.—*Bear,* ||| Jonah i. 14.—*Hear,*	The verb translated *mil obey,* ||| The verb translated *will obey,*
93	0	
94	2	to my Own people ||| to my own people	(Rom. iii. 29, XV. 9-12) ||| (Rom. iii. 29, xv. 9–12)
95	1	Slim of the whole composition ||| sum of the whole composition
96	4	8 (2). *Day to day shall pour out* ||| 3 (2). Day to day shall pour out	*Four out,* in a copious ever-gushing stream ||| Pour out, in a copious ever-gushing stream	5 (4). *In all the earth* ||| 5 (4.) In all the earth	*Fitched a tent,* provided a dwelling ||| Pitched a tent, provided a dwelling
97	0	
98	3	to be desired, more than gold ||| to be desired more than gold	See also Prov. viii, 19 ||| See also Prov. viii. 19	highly valued. The ideas expressed ||| highly valued, The ideas expressed
99	5	I he perfect and be clear ||| I be perfect and be clear	be clear from, much transgression ||| be clear from much transgression	(Then) shall he for acceptance ||| (Then) shall be for acceptance	of my heart he acceptable, &c.. ||| of my heart be acceptable, &c.	See above, on Ps, v. 2 (1) ||| See above, on Ps. v. 2 (1)
100	3	success, ver. 2-^ (1-5) ||| success, ver. 2-6 (1-5)	*A Psalm ^1/ David.* ||| A Psalm by David.	these two species of oblation ||| these two species of obligation
101	1	*Now 1 know that Jehovah* ||| *Now I know that Jehovah*
102	3	we will cause to he remembered ||| we will cause to be remembered	Isa. xlviii, 1, lxiii. 7 ||| Isa. xlviii. 1, lxiii. 7	Let the King hear lis in the day ||| Let the King hear us in the day
103	3	In ver, 14 (13) it returns ||| In ver. 14 (13) it returns	amplified in ver. 3-7 (2-6), ||| amplified in ver. 3–7 (2–6).	in his own family,—The word ||| in his own family.—The word
104	1	to Abraham in Gen, xii. 2 ||| to Abraham in Gen. xii. 2
105	2	they shall not he able (to effect it) ||| they shall not be able (to effect it)	As the verb to *he able* is sometimes used ||| As the verb to be able is sometimes used
106	1	on Ps. v. 1, vii, 1, ix. 1 ||| on Ps. v. 1, vii. 1, ix. 1
107	4	3 (2), *My God, I call ||| 3 (2). My God, I call	*Thou wilt not hear* or ||| Thon wilt not hear or	Israel," ". *e.* dwellest among ||| Israel," i. e. dwellest among	6 (5). *To thee they cried ||| 6 (5.) To thee they cried
108	1	(Mat. xxvii. 89, Mark xv. 29) ||| (Mat. xxvii. 39, Mark xv. 29)
109	2	near in my distress. Oh be not far ||| near in my distress, Oh be not far	to make the two correlative ||| to make the two co-relative
110	0	
111	3	18 (17). / *tell all my hones* ||| 18 (17). *I tell all my bones*	they look and stare upon. me. ||| they look and stare upon me.	Luke xxiii. 34, John lix. 23, 24 ||| Luke xxiii. 34, John xix. 23, 24
112	5	the prayer proceeded, not the answer ||| the prayer proceded, not the answer	or to dissent fi-om the common judgment ||| or to dissent from the common judgment	23 (22). / *will declare thy name ||| 23 (22). I will declare thy name	praise him I All the seed ||| praise him ! All the seed	And he afraid of him ||| And be afraid of him
113	3	The word *thereof\%* introduced to remove ||| The word thereof is introduced to remove	which begins from, *thee,* and ends ||| which begins from thee, and ends	all the ends of the earthy and worship ||| all the ends of the earth, and worship
114	3	of what God has done,—*Generation* ||| of what God has done.—*Generation*	(See below, on Ps. xxiv. 6,) ||| (See below, on Ps. xxiv. 6.)	in ver, 23 (22) above ||| in ver. 23 (22) above
115	2	Uke David, had themselves lived ||| like David, had themselves lived	(Zech. xiii. 1), and to whom ||| (Zech. xiii. 7), and to whom
116	3	*Baths of right* may either mean ||| Paths of right may either mean	*For his names sake,* not merely ||| For his name's sake, not merely	for thou (wilt he) with me ||| for thou (wilt be) with me
117	2	my cup (is) oversowing ||| my cup (is) overflowing	for his residence, ver, 7-10 ||| for his residence, ver. 7-10
118	2	but to *standfast,* to maintain ||| but to *stand fast*, to maintain	sworn to fraud (ox falsehood) ||| sworn to fraud (or falsehood)
119	0	
120	5	and he lifted up, ye doors ||| and be lifted up, ye doors	The common version. *Who is this king ||| The common version, Who is this king	as in most Uke cases ||| as in most like cases	the passive form, *he lifted up,* ||| the passive form, be lifted up,	to suggest the two forms. *Who is he?* ||| to suggest the two forms, Who is he?
121	0	
122	4	See above, on Ps. xxiv.. 4 ||| See above, on Ps. xxiv. 4	XXXV. 19, xxxviii. 20 (19) ||| xxxv. 19, xxxviii. 20 (19)	(46).—/ *have waited.* ||| (46).—*I have waited.*	familiar.—*ALL the day,* ||| familiar.—*All the day,*
123	0	
124	2	(Compare Mal.. i. 11.) ||| (Compare Mal. i. 11.)	version, even When one of ||| version, even when one of
125	2	20. *O keep my soul ||| (*O*) *keep my soul*	out of all his troubles I* ||| out of all his troubles !
126	3	4. / *have not sat with men* ||| 4. *I have not sat with men*	6. / *will wash in innocence* ||| 6. *I will wash in innocence*	copied from Gen. XI. 5, and the symbol ||| copied from Gen. xx. 5, and the symbol
127	5	or *to he heard.* ||| or *to be heard.*	more directly and laterally the idea ||| more directly and literally the	their right hand is filed with a bribe ||| their right hand is filled with a bribe	And I i)i my integrity ||| And I in my integrity	be merciful to mc ||| be merciful to me
128	2	of Light and salvation ||| of light and salvation	is imitated in Rom.. viii. ||| is imitated in Rom. viii.
129	1	(even) *in this* (case) / *(am) confident* ||| (even) *in this* (case) *I (am) confident*
130	4	*Hide not thy face from me, 'put not away ||| Hide not thy face from me, put not away	—*Pat not away,* or thrust aside ||| —Put not away, or thrust aside	on Ps xviii, 47 (46) ||| on Ps xviii. 47 (46)	Judges xix, 15, and compare ||| Judges xix. 15, and compare
131	4	Unless 1 believed (or fully ||| Unless I believed (or fully	Jehovah m the land of life ||| Jehovah in the land of life	versions, *let thy heart he strong* ||| versions, let thy heart be strong	*wait, I say, upon the Lord,* ||| wait, I say, upon the Lord.
132	2	conversation, Uke the English ||| conversation, like the English	from the French *purler.* ||| from the French *parler.*
133	3	*Salvations,* fall salvation ||| *Salvations,* full salvation	from generation to generation The idea ||| from generation to generation. The idea	See above, on Ps. xxiii, 1. ||| See above, on Ps. xxiii. 1.
134	4	how to Jehovah in beauty ||| bow to Jehovah in beauty	ex. 3, is there any valid ||| cx. 3, is there any valid	on the waters I The God ||| on the waters! The God	Jer. X. 13. ||| Jer. x. 13.
135	3	skip like a calf Lebanon and Sirion ||| skip like a calf, Lebanon and Sirion	on Ps. xxii. 22 (21), ||| on Ps. xxii. 22 (21).	is universally}^ admitted ||| is universally admitted
136	3	versal delude, as the grandest ||| versal deluge, as the grandest	but *hut says " glory!''* ||| but *says* "*glory!*"	as then-constant and involuntary ||| as their constant and involuntary
137	4	as an absolute phrase ||| as an absoulte phrase	Ps. xl. 3 (2), below,—*Hast ||| Ps. xl. 3 (2), below.—Hast	*to* re;rejoice by abandoning ||| to rejoice by abandoning	3 (2). *Jehovah, my God ||| 3 (2.) Jehovah, my God
138	1	I shall not he moved for ever ||| I shall not be moved for ever
139	8	(or *the grave) f Will dust praise* ||| (or the grave)? Will dust praise	Jehovah, he a helper for ||| Jehovah, be a helper for	asked God to become his helper, ||| asked God to become his helper.	and not he dumb Jehovah, my God ||| and not be dumb, Jehovah, my God	temple everything says ||| temple every thing says	bound to praise him,—*Not he dumb,* ||| bound to praise him.—Not be dumb,	stronger phrase than *not he silent.* ||| stronger phrase than not be silent.	Isa. xxx-viii. 20. ||| Isa. xxxviii. 20.
140	3	A Psalm, by David. ||| A Psalm by David.	Let me not he shamed for ever ||| Let me not be shamed for ever	thou wilt lead me and (Conduct me ||| thou wilt lead me and conduct me
141	1	with the last Ps. xxvii, 1 ||| with the last Ps. xxvii. 1
142	8	on Ps. vi, 8 (7) ||| on Ps. vi. 8 (7)	*For wasted with grief (ox indignation) ||| For wasted with grief (or indignation)	mid to my neighbours very ||| and to my neighbours very	in the street fled from. me ||| in the street fled from me	compare Job xix. 18, 14 ||| compare Job xix. 13, 14	18 (12). *I was forgotten ||| 13 (12). I was forgotten	English proverb. *Out of sight ||| English proverb, Out of sight	xxv. 34, xlviii. 88 ||| xxv. 34, xlviii. 38
143	5	*And I on thee did trust ... thou I* ||| thou !	let me not he shamed ||| let me not be shamed	*Sow great is thy goodness* ||| How great is thy goodness	(or *mankind) I* Some suppose ||| (or mankind) ! Some suppose	successive stages of God'? ||| successive stages of God's
144	1	*And* (yet it was) / (that) ||| *And* (yet it was) I (that)
145	2	the righteous, ver, 10, 11. ||| the righteous, ver. 10, 11.	be borrowed from Exod, xxxiv. 7 ||| be borrowed from Exod. xxxiv. 7
146	1	oii Ps. XXX. 9 (8) ||| on Ps. xxx. 9 (8)
147	2	in the nay which thou shalt go ||| in the way which thou shalt go	that of Mendly watchfulness ||| that of friendly watchfulness
148	1	upright in heart 1* This is ||| upright in heart ! This is
149	5	in the other to *thanks* Ps. vii. 18 ||| in the other to thank, Ps. vii. 18	while in Ps. xcii. 4 (8) the two words ||| while in Ps. xcii. 4 (3) the two words	reappears in later psalms Ps. xl. 4 ||| reappears in later psalms—Ps. xl. 4	Rev.. V. 9, xiv. 3. ||| Rev. v. 9, xiv. 3.	(done) *in faithful' ness.* ||| (done) in faithfulness.
150	3	Ps. lxxviii. 13» ||| Ps. lxxviii. 13.	as men handle soUd substances ||| as men handle solid substances	j)lans of the peoples ||| plans of the peoples
151	2	without and, above the earth ||| without and above the earth	shall not he freed by greatness ||| shall not be freed by greatness
152	0	
153	1	1, *By David, in* ||| 1. *By David, in*
154	2	*His saints,* those get apart ||| *His saints,* those set apart	*to see good f* The interrogation ||| *to see good ?* The interrogation
155	0	
156	4	require a *hut* instead of ||| require a *but* instead of	See above, Ps. xxxii. 8, and below ||| See above, Ps. xxxii. 3, and below	also in Isa. xxxiv, 16 ||| also in Isa. xxxiv. 16	recognised and known aS' such ||| recognised and known as such
157	4	shield and luckier; and stand up ||| shield and *buckler*; and stand up	in my defence (or *f(yr my help)* ||| in my defence (or *for my help*)	*S. And draw out the spear* ||| 3. *And draw out the spear*	The fu-st verb properly means ||| The first verb properly means
158	4	Shamed and confounded he the seekers ||| Shamed and confounded be the seekers	turned hack and made to blush ||| turned back and made to blush	*Turned lack,* disgracefully repulsed ||| Turned back, disgracefully repulsed	as chaff' before a wind ||| as chaff before a wind
159	3	and then a *ruin,* both, in the narrower ||| and then a ruin, both in the narrower	*bereavement to my sold. "* ||| bereavement to my soul. "	(or *ones self),* ||| (or one's self),
160	3	i. ^. degraded criminals ||| i. e. degraded criminals	time? how long f Wilt thou see ||| time? how long? Wilt thou see	*I. e.* designed to ruin others ||| i. e. designed to ruin others
161	4	is. *I will thank thee in the great assembly* ||| 18. *I will thank thee in the great assembly*	they have said. Aha, aha, ||| they have said, Aha, aha,	" our. own eyes have seen" ||| " our own eyes have seen"	Lord, he not far from me ||| Lord, be not far from me
162	0	
163	0	
164	1	As there is ap reflexive pronoun ||| As there is no reflexive pronoun
165	0	
166	2	is marked in the;he original ||| is marked in the original	in Ps. x. 9, xxviii 3, above ||| in Ps. x. 9, xxviii. 3, above
167	6	the ideas of spuming trampling ||| the ideas of spurning trampling	*Struck,* or *smitten doum,* a ||| *Struck*, or *smitten down*, a	they carmot stand their ground ||| they cannot stand their ground	See especially 1 Sam. xxv. 89 ||| See especially 1 Sam. xxv. 39	and in chap. iii. 81, xxiii. 17 ||| and in chap. iii. 31, xxiii. 17	evil-doers; he not envious at ||| evil-doers; be not envious at
168	5	shall they be mourn, and like ||| shall they be mown, and like	xi. 17. *The green herb,* ||| xi. 17.—*The green herb*,	See above on Ps. xxiii. 2 ||| See above, on Ps. xxiii. 2	*Delight thyself* seek and find ||| *Delight thyself*, seek and find	reliance as well as that of union ||| reliance, as well as that of union
169	1	Be silent la Jehovah ||| Be silent to Jehovah
170	7	*Their how,* often coupled ||| *Their bow,* often coupled	the *suffering, and needy,* ||| the suffering and needy,	for God and fi-om the malice ||| for God and from the malice	tile parallel expression ||| the parallel expression	not only fi-om its etymology ||| not only from its etymology	its use in 1 Sam, iv. 14 ||| its use in 1 Sam. iv. 14	Prov. XV. 16.—*Of many wicked* ||| Prov. xv. 16.—Of many wicked
171	5	For the arms of the wicked shall he broken ||| shall be broken	hut sustaining the righteous ||| but sustaining the righteous	They shall he satisfied ||| They shall be satisfied	they now prevent yom being so ||| they now prevent your being so	near the beginning of thus very ||| near the beginning of this very
172	3	on the other hand, or *hit, his cursed ones* ||| or *but, his cursed ones*	but *shall he cut off,* destroyed ||| but *shall be cut off,* destroyed	as a reason for the reference of condition ||| as a reason for the difference of condition
173	0	
174	2	*I saur* (such) *a wicked man* ||| *I saw* (such) *a wicked man*	*and he ivas not found,* ||| *and he was not found,*
175	1	He will deliver them, from the wicked ||| He will deliver them from the wicked
176	2	as u heavy burden, they ||| as a heavy burden, they	*Gone over,* passed, *i.e.* ||| *Gone over,* literally *passed, i. e.*
177	1	form (Lev. li. 14, Josh. V. 11) ||| form (Lev. ii. 14, Josh. v. 11)
178	3	my friends all-ay from my stroke ||| my friends away from my stroke	parallel expression,far off *off)* literally ||| parallel expression, far off, literally	And those seeking my sow ||| And those seeking my soul
179	0	
180	3	I will he anxious on account ||| I will be anxious on account	then *instead of* and more rarely ||| then instead of, and more rarely	*my God, he not far from me* ||| my God, be not far from me
181	2	I will keep my wag, from sinning ||| I will keep my way, from sinning	understood by some to mean frow ||| understood by some to mean from
182	0	
183	0	
184	4	*I am. silenced, I will not open ||| I am silenced, I will not open	the second verb (7 *opened not)* ||| the second verb (I opened not)	thy stroke; from, the strife of thy hand ||| thy stroke; from the strife of thy hand	See Isa. lxvi. 16, Ezek, xxxviii. 22 ||| See Isa. lxvi. 16, Ezek. xxxviii. 22
185	3	Look away ay from me ||| Look away from me	of ver. 6 (5^ above ||| of ver. 6 (5) above	<missing heading before "The Psalmist celebrates"> ||| Psalm 40
186	3	and he lowed (or inclined) ||| and he bowed (or inclined)	*Bowed himself* or the heavens ||| Bowed himself, or the heavens	6 (4). *Happy the man ||| 5 (4). Happy the man
187	0	
188	1	*The volume of the hook,* ||| The volume of the book,
189	0	
190	0	
191	1	ver. 5-10 ((4-9).. He concludes ||| ver. 5-10 (4-9). He concludes
192	5	8 (2). *Jehovah will keep him ||| 3 (2.) Jehovah will keep him	he shall be 2)prospered in the land ||| he shall be prospered in the land	literally *into the sold,* here put ||| literally into the soul, here put	Jehovah will support him. on the couch ||| Jehovah will support him on the couch	The pronoun at the beguming ||| The pronoun at the beginning
193	0	
194	0	
195	3	and cause me to arise, and;ind I will repay them ||| and cause me to arise, and I will repay them	interrupted by th? description ||| interrupted by the description	because m,y enemy is not to triumph ||| because my enemy is not to triumph
196	2	*From the 'perpetuity* (already past) ||| From the perpetuity (already past)	by the Sons of Korah, These were ||| by the Sons of Korah. These were
197	2	*When shall I come* I implies a local ||| *When shall I come ?* implies a local	*Where is thy God* / The very question ||| *Where is thy God ?* The very question
198	1	literally *wilt thou he?* Why wilt thou persevere ||| literally *wilt thou be?* Why wilt thou persevere
199	2	all thy allows and thy waves ||| all thy billows and thy waves	my bill of holiness ||| my hill of holiness
200	6	With murder in my hones ||| With murder in my bones	*My enemies, enemies,* oppressors ||| My enemies, oppressors	(0) my soul ||| (O) my soul	disquieted within one ||| disquieted within me	*m,y face* is a bold ||| my face is a bold	ceding verse. *Where is thy God?* ||| ceding verse, Where is thy God?
201	1	Num. i. 60). This petition ||| Num. i. 50). This petition
202	2	Ps. xlii. 6 (6). *Within me* ||| Ps. xlii. 6 (5). *Within me*	(0) *my soul,* which ||| (O) *my soul*, which
203	5	2 Chron. xx, 7, Hab. iii. 2 ||| 2 Chron. xx. 7, Hab. iii. 2	means properly to *county* ||| means properly to *count,*	For not with (heir sword ||| For not with their sword	the second ^3 by *hut* gives ||| the second [Heb.] by *but* gives	my King, (0) God I Command ||| my King, (O) God ! Command
204	8	compare Ps, xiii. 5 (4) ||| compare Ps. xiii. 5 (4)	compare Deut. xxxiii, 17, 1 Kings ||| compare Deut. xxxiii. 17, 1 Kings	For not in my how will I trust ||| For not in my bow will I trust	on Ps. *vi..* 11 (10), xiv. 6 ||| on Ps. vi. 11 (10), xiv. 6	just described, " But now thou dost ||| just described. " But now thou dost	See above; on Ps, xliii. 2 ||| See above; on Ps. xliii. 2	Compare 2 Sam, v. 24 ||| Compare 2 Sam. v. 24	make vs turn hack from the adversary ||| make us turn back from the adversary
205	4	hast scattered us.* The consecution ||| hast scattered us, The consecution	*Thou wile sell thy people ||| Thou wilt sell thy people	a scoffs and a jest ||| a scoff and a jest	*avenging one's self* Here, as in ||| avenging one's self. Here, as in
206	5	Jer. ix. 10 (H), x. 22 ||| Jer. ix. 10 (11), x. 22	io a strange God ||| to a strange God	viii. 88, Isa. i. 15 ||| viii. 38, Isa. i. 15	search this out f For he knoweth ||| search this out ? For he knoweth	have we been kilted all the day ||| have we been killed all the day
207	3	cast of for ever ||| cast off for ever	of thy mercy, i.e, ||| of thy mercy, i.e.	a motive and an cud ||| a motive and an end
208	4	ver. 3 ('2), as a conquering hero ||| ver. 3 (2), as a conquering hero	ver. 14-16 (13-3 5). In conclusion ||| ver. 14–16 (13–15). In conclusion	A song of loved (ones'). ||| A song of loved (ones).	seem to be entirely}' secular ||| seem to be entirely secular
209	0	
210	7	8 (2). *Beautiful, beautiful ||| 3 (2). *Beautiful, beautiful	unintelligible. K the first clause ||| unintelligible. If the first clause	at the end o( the sentence ||| at the end of the sentence	that of mortals (Job i. 10) ||| that of mortals (Job xl. 10)	conclusion that be is here ||| conclusion that he is here	6 (4). *And (in) thy majesty ||| 5 (4). *And (in) thy majesty	as in Isa. liii, 10 ||| as in Isa. liii. 10
211	0	
212	2	Judges V. 14, and Isa. xlvi. 3 ||| Judges v. 14, and Isa. xlvi. 3	IS similar to that in Isa. lix. 18 ||| is similar to that in Isa. lix. 18
213	1	*Forget thy people, dc,* is a strong ||| *Forget thy people, &c.*, is a strong
214	2	(therefore) *how thyself to him.* ||| (therefore) *bow thyself to him.*	*lich of the people shall, dc.)* ||| *rich of the people shall, &c.)*
215	3	to be *all 'perfume,* and mankind ||| to be *all perfume,* and mankind	cloths shall she he conducted ||| cloths shall she be conducted	her companions)anions, brought unto thee ||| her companions, brought unto thee
216	5	in general, bUt between *fathers* ||| in general, but between *fathers*	as it is in ver, 3-11 (2-10) ||| as it is in ver. 3-11 (2-10)	by Rehoboam (2 Chi-on. xi. 23) ||| by Rehoboam (2 Chron. xi. 23)	thy name to he remembered ||| thy name to be remembered	<missing heading before "The Church is safe"> ||| Psalm 46
217	3	God (is) for lis a refuge ||| God (is) for us a refuge	on Ps. XV. 4), we may understand ||| on Ps. xv. 4), we may understand	xxvii. 1, Dan, vii. 2, 3 ||| xxvii. 1, Dan. vii. 2, 3
218	3	xlix. 15 (14), xc. 14, ex. 8 ||| xlix. 15 (14), xc. 14, cx. 8	*A refuse,* literally a high place ||| A refuge, literally a high place	reach of enemies und dangers ||| reach of enemies and dangers
219	2	*Leave of, and know that ||| Leave off, and know that	I will he exalted in the ||| I will be exalted in the
220	4	8 (2). *For Jehovah, Most High ||| 3 (2). *For Jehovah, Most High	and peoples tender our feet ||| and peoples under our feet	See Mal.. i. 2, and compare ||| See Mal. i. 2, and compare	sing praises I* The Hebrew ||| sing praises! The Hebrew
221	3	in a wide sense. Messianic ||| in a wide sense, Messianic	Tho first word properly means ||| The first word properly means	The generic term *'psalm (mizmôr)* ||| The generic term psalm (mizmôr)
222	3	to le praised exceedingly ||| to be praised exceedingly	Mount Zion, (orb) the sides ||| Mount Zion, (on) the sides	on Ps. xxxi, 23 (22) ||| on Ps. xxxi. 23 (22)
223	3	literally *(hy palace,* a term ||| literally thy palace, a term	and *hy])raise* the glory due ||| and by praise the glory due	*ends of (he earth,* literally ||| ends of the earth, literally
224	0	
225	5	still stronger one in Deut. Xxxii. 1 ||| Deut. xxxii. 1	See below, Ps. 1. 1, and compare];compare Isa. ||| See below, Ps. l. 1, and compare Isa.	lxxxix. 48 (47). ^ ||| lxxxix. 48 (47).	The word *man ]here* corresponds ||| The word man here corresponds	literally Ukeness or comparison ||| literally likeness or comparison
226	1	BO much to ransom it ||| so much to ransom it
227	2	*Their inward thought* (is that J ||| (is that) *their houses*	Greek word *(τιμῆ)* It here includes ||| Greek word (τιμή). It here includes
228	2	Like a flock, to the grave ||| Like a flock to the grave	meaning of the words is. *Death* ||| meaning of the words is, *Death*
229	0	
230	1	proper causal sense *offer, because.* ||| proper causal sense of *for, because.*
231	0	
232	2	yer. 7-15, and then of the second ||| ver. 7-15, and then of the second	in a kind of climax. *El, Elohim, Jehovah.* ||| in a kind of climax, El, Elohim, Jehovah.
233	2	essential symbol of the t}typical or ||| essential symbol of the typical or	or *I ivill speak,* the peculiar form ||| or I will speak, the peculiar form
234	5	" K I needed bulls ||| "If I needed bulls	every least of the forest ||| every beast of the forest	the second *leasts* or *brutes* ||| the second beasts or brutes	the flesh of lulls and ||| the flesh of bulls and	drink the Hood of goats ||| drink the blood of goats
235	1	is not an exhortation to offer thanks ||| is not an exhortaton to offer thanks
236	2	The expression *if thou saicest* implies ||| The expression *if thou sawest* implies	and I hare held my peace ||| and I have held my peace
237	3	lest I rend and there he no deliverer ||| lest I rend and there be no deliverer	whoso ofereth praise glorifieth me ||| whoso offereth praise glorificth me	on Ps. xxii. 18 (17), xxxvii. 3 ||| on Ps. xxii. 18 (17), xxxvii. 34.
238	2	*Be gracious to me,* (0) *God ||| (O) *God*	that thou may est be just ||| that thou mayest be just
239	4	use in Job xv. 7, Prov. viii.. 24, 25 ||| Prov. viii. 24, 25	wisdom thou wilt make vie know ||| wisdom thou wilt make me know	hyssop, and I shall he clean ||| hyssop, and 1 shall be clean	and I shall he whiter than snow ||| and I shall be whiter than snow
240	7	The change fi-om this condition ||| The change from this condition	above. What be asks ||| above. What he asks	*A pare heart create for me ||| A pure heart create for me	for me, (0) God ||| for me, (O) God	a confession of impurity}', and ||| a confession of impurity, and	and interrupted by his yielding ||| and interrrupted by his yielding	utterly fail, bis fixedness ||| utterly fail, his fixedness
241	1	will I teach transgressors thy ways ||| will I teach transgressrs thy ways
242	3	*"* K thou wilt open my lips ||| "If thou wilt open my lips	*&8* the sense of the original ||| as the sense of the original	crushed, (0) God, thou wilt not despise ||| crushed, (O) God, thou wilt not despise
243	1	Then shall thou he pleased ||| Then shalt thou be pleased
244	4	expression as in Ps. U. 2. ||| expression as in Ps. li. 2.	mighty ((man) ?) 1 The mercy of ||| mighty (man)? The mercy of	might have been sa eminent ||| might have been so eminent	See above, on Ps. V. 5 (4), 1. 1. ||| See above, on Ps. v. 5 (4), l. 1.
245	3	as it is commonly translated, *land of the living* ||| as it is commonly translated, and of the living	See above, on Ps. xxvii.. 13 ||| See above, on Ps. xxvii. 13	the verbs translated *see see and *fear** ||| the verbs translated see and fear
246	3	xxii. 6, xxvii. 4, 6, xxxvi. 9 ||| xxii. 6, xxvii. 4, 5, xxxvi. 9	on Ps. vi. 6 (5), vii.. 18 (17) ||| on Ps. vi. 6 (5), vii. 18 (17)	but with the nearer antecedent ||| but with the neare antecedent
247	2	xxii. 1, xiv. 1. By *disease* ||| xxii. 1, xlv. 1. By *disease*	disease (Exod. XV. 26, Prov. xviii. ||| disease (Exod. xv. 26, Prov. xviii.
248	2	two verses are compressed into one ||| two verses are com-presed into one	man—*thou hast 2)ut to shame* ||| man—thou hast put to shame
249	4	See above, on Ps. liii, 1. ||| See above, on Ps. liii. 1.	hiding himself with us / The verse ||| hiding himself with us ? The verse	(מִסְתַּתֵּר); which remains unchanged ||| (מִסְתַּתֵּר), which remains unchanged	See above, on Ps. lii. 5 (8). ||| See above, on Ps. lii. 5 (3).
250	1	*K free-will* or *voluntary offering,* ||| A *free-will* or *voluntary offering*,
251	1	*From, the voice of the enemy ||| *From the voice of the enemy
252	2	the place of action but the act itself ||| the place of action bnt the act itself	See above, on Ps. vii, 17 (16) ||| See above, on Ps. vii. 17 (16)
253	2	the Climes of others ||| the crimes of others	X. 18. But it seems ||| x. 18. But it seems
254	1	Li this particular, the case ||| In this particular, the case
255	0	
256	2	*Se has stretched out his hands ||| He has stretched out his hands	but seems to bo poetically used ||| but seems to be poetically used
257	2	Ps. xxxviii. 14 (18), lvi. 2 (1) ||| Ps. xxxviii. 14 (13), lvi. 2 (1)	(19, 20), X. 18 ||| (19, 20), x. 18
258	5	because my devour-ers are many ||| because my devourers are many	means strictly *vex* or pain?, but is here ||| means strictly vex or pain, but is here	*My wanderings thou least told* ||| My wanderings thou hast told	are they not in thy book* / ||| are they not in thy book?	*wanderings* and *tears axe* both ||| wanderings and tears are both
259	1	his vows or voluntary' obligations ||| his vows or voluntary obligations
260	4	(1 Sam. xxii, 1), or of Engedi ||| (1 Sam. xxii. 1), or of Engedi	O God, he merciful unto me ||| O God, be merciful unto me	(these) calamities he overpast ||| (these) calamities be overpast	striking similarity, in sentiment ||| striking similiarity, in sentiment
261	6	*He will send, from heaven* ||| He will send from heaven	above, on Pa. lvi. 2, 3 (1, 2) ||| above, on Ps. lvi. 2, 3 (1, 2)	Though surrounded by hons I ||| Though surrounded by lions I	of which this maybe regarded ||| of which this may be regarded	on Ps. lvi, 3 (2) ||| on Ps. lvi. 3 (2)	The *phrase pressed doum* is borrowed ||| The phrase *pressed down* is borrowed
262	7	on Ps. U. 12 (10) ||| on Ps. li. 12 (10)	xvi. 9, XXX. 13 ||| xvi. 9, xxx. 13	In like manner, Ovid sajs ||| In like manner, Ovid says	among the nations. Lord; I will praise ||| among the nations, Lord; I will praise	celebrated is so gi-eat and ||| celebrated is so great and	let thy glory he above all the earth ||| let thy glory be above all the earth	<missing heading before "1. To the Chief Musician"> ||| Psalm 58
263	2	as in Ps. lvi, 1 ||| as in Ps. lvi. 1	is it possible'? ||| is it possible ?
264	5	literally frow ||| literally *from*	nothing inconsistent with, the doctrine ||| nothing inconsistent with the doctrine	Ps. xiv. 1, h. 7 (5) ||| Ps. xiv. 1, li. 7 (5)	5, G (4, 5) ||| 5, 6 (4, 5)	the likeness of Compare its use ||| the likeness of. Compare its use
265	13	lions shatter, O Jehovah.' ||| lions shatter, O Jehovah!	breaking off", and breaking through ||| breaking off, and breaking through	Exod. XV, 7, xix. 21 ||| Exod. xv. 7, xix. 21	Lev, xiv. 45 ||| Lev. xiv. 45	1 Kings xviii, 30, ||| 1 Kings xviii. 30.	imperatives in ver, 7 (6) ||| imperatives in ver. 7 (6)	used in Ps, xv, 9 ||| used in Ps. xv. 9	in Ps. lxiv. G (5) ||| in Ps. lxiv. 6 (5)	lxvi. 7 (6), In the next ||| lxvi. 7 (6). In the next	on Ps, lvii, 4, 7 (3, 6), ||| on Ps. lvii. 4, 7 (3, 6).	(12), xi, 2, xxxvii, 14 ||| (12), xi. 2, xxxvii. 14	they were cut off", *i.* e. ||| they were cut off, i. e.	a doubtful etymology}'. ||| a doubtful etymology.
266	2	The verb translated *Now away* ||| The verb translated *blow away*	the tempest of divine Wrath carries ||| the tempest of divine wrath carries
267	3	strong ones, n not (for) ||| strong ones, not (for)	Ps. XX. 2 (1). Compare ||| Ps. xx. 2 (1). Compare	Ps. V. 6 (5), vi. 9 (8) ||| Ps. v. 6 (5), vi. 9 (8)
268	4	like the (log, and go around ||| like the dog, and go around	wilt laugh at (hem ||| wilt laugh at them	on Ps. ii. 4, xxxvii. 18 ||| on Ps. ii. 4, xxxvii. 13	thou who art ray strength ||| thou who art my strength
269	9	my people forget: make them wander ||| my people forget ; make them wander	and they shall he taken in their pride ||| and they shall be taken in their pride	that is to say, obscure m its particular ||| that is to say, obscure in its particular	their lips they shall he token, either overlooks ||| their lips they shall be taken, either overlooks	unmeaning, they shall even he taken ||| unmeaning, they shall even be taken	They shall he taken, caught, surprised ||| They shall be taken, caught, surprised	of desire, may they he taken! ||| of desire, may they be taken !	and let them he no more, and let them know ||| and let them be no more, and let them know	Let them he no more, let them cease to be ||| Let them be no more, let them cease to be
270	1	Then Jet them return at evening ||| Then let them return at evening
271	2	To he Learnt. ||| To be Learnt.	to the king of Ai-am Zobah ||| to the king of Aram Zobah
272	3	thou, wilt restore to us ||| thou wilt restore to us	4 (2). *Thou, hast made the earth ||| 4 (2). Thou hast made the earth	(or *ansuer) us.* ||| (or answer) us.
273	1	Ps. lxviii. 22 (21), ex. 6 ||| Ps. lxviii. 22 (21), cx. 6
274	4	*city of defence, ox fortification,* ||| city of defence, or fortification,	*hast thou not cast us off* But it seems ||| hast thou not cast us off? But it seems	Compare 2 Sam, v. 24. ||| Compare 2 Sam. v. 24.	*Give us help from trouble (ox from the enemy)* ||| Give us help from trouble (or from the enemy)
275	5	a stringed instrument of David ||| a stringed instrumeut of David	See above, on Ps. V. 2, 3 (1, 2) ||| See above, on Ps. v. 2, 3 (1, 2)	song—Ps. XXX. 6 (5) ||| song—Ps. xxx. 6 (5)	tower), fro?7i *before* ||| tower), *from before*	on Ps. XV. 1, xxiii. 6 ||| on Ps. xv. 1, xxiii. 6
276	0	
277	2	*be moved* (or *shaken) ||| *he moved* (or *shaken)	on Ps. xxxix. 6 (5), *A falsehood,* ||| on Ps. xxxix. 6 (5). *A falsehood,*
278	5	12, 13 (11, 12), *One (thing)* ||| 12, 13 (11, 12). *One (thing)*	is only introduced ta qualify ||| is only introduced to qualify	a different connection, may rot mean ||| a different connection, may not mean	The pronoun (זו) in ver. 12 ||| The prononn (זו) in ver. 12	<missing heading> ||| Psalm 63
279	6	for thee thirsts my soul: for thee longs ||| my soul ; for thee longs	in Isa. xxvi. 9, The act of seeking ||| Isa. xxvi. 9. The act of seeking	2 Sam. xvii. 2, The Hebrew word ||| 2 Sam. xvii. 2. The Hebrew word	the best among the man}' which have ||| the many which have	*Because thy favour is letter than life ||| is better than life	which was scared}' entitled ||| which was scarcely entitled
280	4	*Twill meditate of thee,* ||| *I will meditate of thee,*	thy right hand holds vie. ||| thy right hand holds me.	They shall he abandoned ||| They shall be abandoned	jackals shall they he. ||| jackals shall they be.
281	2	that which I have reason to fear fi-om him ||| reason to fear from him	8 (2). *Thou wilt hide me ||| 3 (2). Thou wilt hide me
282	7	arrow, hitter speech ||| arrow, bitter speech	literally *trod* (^. e. *bent) it,* ||| literally trod (i. e. bent) it,	by the epithet *hitter.* ||| by the epithet bitter.	See above, on Ps. xv. 2, xviii. 24 (23), vii. 9 (8), XXV. 21 ||| xxv. 21	Compare Ps. X. 11, lix. 8 (7) ||| Compare Ps. x. 11, lix. 8 (7)	the wounds ure theirs ||| the wounds are theirs	on Ps. Hi. 10 (8), lv. 14 (13) ||| on Ps. lii. 10 (8), lv. 14 (13)
283	2	pronounce (if) God's doing ||| pronounce (it) God's doing	Glad shall the righteous he in Jehovah ||| Glad shall the righteous be in Jehovah
284	3	we shall he sated ||| we shall be sated	the confidence of nil the ends ||| the confidence of all the ends	He is then metaphorically}' represented ||| He is then metaphorically represented
285	0	
286	3	thine enemies lie lie to thee.. ||| thine enemies lie to thee.	lxviii. 35 (84), Jer. xiii. 16 ||| lxviii. 35 (34), Jer. xiii. 16	compare Isa. ii. 8, 5 ||| compare Isa. ii. 3, 5
287	1	the voice of his praise f ||| the voice of his praise!
288	4	Thou host caused us to come ||| Thou hast caused us to come	But even when soused, it strictly ||| But even when so used, it strictly	Ps. xl. 7 (6), 1. 8, U. 18 (16) ||| Ps. xl. 7 (6), l. 8, li. 18 (16)	Which my lips Jittered and my mouth ||| Which my lips uttered and my mouth
289	3	The word fatlings is especially applied ||| The word translated fatlings is especially applied	if I have seen in. my heart ||| if I have seen in my heart	19. *((But)) verily God hath heard ||| 19. (But) verily God hath heard
290	7	*A Psalm, a Song, i. e.* ||| *A Psalm. a Song, i. e.*	2 (1). *God he merciful unto us ||| *God be merciful unto us	from the sacerdotal benediction. Num. vi. 24 ||| from the sacerdotal benediction, Num. vi. 24	*That thy way may he known ||| *That thy way may be known	because thou shall judge peoples ||| because thou shalt judge peoples	thou shall guide them ||| thou shalt guide them	manner, all restriction ||| manner, all restriciton
291	2	ver. 21—24 (20-23), The triumphal ||| ver. 21-24 (20-23). The triumphal	as wax: is melted before ||| as wax is melted before
292	2	And the righteous shall he glad ||| And the righteous shall be glad	compare Isa. xl. 3, Mal.. iii. 1 ||| compare Isa. xl. 3, Mal. iii. 1
293	0	
294	3	When ye He down between the borders ||| When ye lie down between the borders	only here and in Ezekiel xl. 43 ||| only here and in Ezekel xl. 43	patriarchal title mentioned m Exod. vi. 3 ||| patriarchal title mentioned in Exod. vi. 3
295	1	*to dwell* (here). *Lord, God!* ||| to dwell (here), Lord, God!
296	4	*Lay a load upon vs,* ||| *Lay a load upon us,*	will heap upon)on us our salvation ||| will heap upon us our salvation	*will load lis with salvation.* ||| *will load us with salvation.*	as in Isa. xlix, 12 ||| as in Isa. xlix. 12
297	0	
298	4	*hath ordained thy strength; he thou strong ||| hath ordained thy strength; be thou strong	on Ps. v, 8 (7), xlviii. 10 (9) ||| on Ps. v. 8 (7), xlviii. 10 (9)	Moriah overhung the cit}^ and as ||| Moriah overhung the city, and as	translated flock; in ver. 11 (10) above ||| lated flock in ver. 11 (10) above
299	6	neighbouring state of Gush or ||| neighbouring state of Cush or	Deut. X. 14, xxxiii. 26 ||| Deut. x. 14, xxxiii. 26	appears to speak fi-om heaven ||| appears to speak from heaven	out of thy holy places(ices; the Mighty ||| out of thy holy places; the Mighty	BUssed (be) God! ||| Blessed (be) God!	<missing heading before "A SUFFERER"> ||| Psalm 69
300	6	and the flood, has overwhelmed me ||| and the flood has overwhelmed me	See above, on Ps. vi.. 7 (6) ||| See above, on Ps. vi. 7 (6)	Ps. XXXV. 9, xxxviii.. 20 (19) ||| Ps. xxxv. 9, xxxviii. 20 (19)	Let not them he ashamed in me ||| Let not them be ashamed in me	that wait for thee. Lord, Jehovah ||| that wait for thee, Lord, Jehovah	but lii *me*, as the representative ||| but in me, as the representative
301	2	*Became for thee* (or *thy sake) ||| *Because for thee* (or *thy sake)	*Far the zeal of thine house* ||| *For the zeal of thine house*
302	1	With the phrase, 7 *am sick,* ||| With the phrase, I am sick,
303	2	where the vei-se before us ||| where the verse before us	as thy bUnd unconscious instrument ||| as thy blind unconscious instrument
304	10	Let them he blotted from the hook of life ||| Let them be blotted from the book of life	(or *of the living)^ and ||| (or *of the living*), *and	let them not he written ||| let them not be written	The *hook* is not here a figure ||| The *book* is not here a figure	use of the phrase *hook of life* ||| use of the phrase *book of life*	See Philip, iv. 3 ||| See Philip. iv. 3	And it shall he letter to Jehovah ||| And it shall be better to Jehovah	than ox (or) *hullock horned* ||| than ox (or) *bullock horned*	of intrinsic vii-tue ||| of intrinsic virtue	*horning, hoofing, i. 6.* having ||| *horning, hoofing,* i. e. having
305	0	
306	8	confounded shall he (those) seeking ||| confounded shall be (those) seeking	turned hack and disgraced shall he ||| turned back and disgraced shall be	See above, on Ps. xl. 15 (14) ||| See above. on Ps. xl. 15 (14)	6 (4). *They shall rejoice ||| 5 (4). They shall rejoice	hasten unto me I My help ||| hasten unto me ! My help	in old age, ver. 9-18 ||| in old age, ver. 9-13	and promisee a suitable ||| and promises a suitable	let me not he shamed ||| let me not be shamed
307	3	from ike hand of the wicked ||| from the hand of the wicked	thou (art) my hinging out ||| thou (art) my bringing out	Isa. liii.. 14, 1 Cor. iv. 9 ||| Isa. liii. 14, 1 Cor. iv. 9
308	5	They shall he shamed, they shall cease ||| They shall be shamed, they shall cease	(or *he consumed)* ||| (or be consumed)	(or *he clothed with)* ||| (or be clothed with)	*let them he shamed,* &c. ||| let them be shamed, &c.	and lxvi.. 13, in both ||| and lxvi. 13, in both
309	5	Compare Isa, viii. 7, 8 ||| Compare Isa. viii. 7, 8	on Ps. xxii. 4 (8) ||| on Ps. xxii. 4 (3)	xxxv. 28, xxxvii.. 30 ||| xxxv. 28, xxxvii. 30	30, xxxviii, 13 ||| 30, xxxviii. 13	<missing heading before "A GLOWING description"> ||| Psalm 72
310	2	the ten-aces still visible ||| the terraces still visible	(1 Kings V. 4) ||| (1 Kings v. 4)
311	1	the first verb *(how)* is too weak ||| the first verb (bow) is too weak
312	4	all kings how (or ])rostrate themselves) ||| all kings bow (or prostrate themselves)	the poor and needy, ami the souls ||| the poor and needy, and the souls	designated b}- the plural ||| designated by the plural	he will not sutler it to be destroyed ||| he will not suffer it to be destroyed
313	3	His name shall he for ever ||| His name shall be for ever	and hy him shall they ||| and by him shall they	name to eternity, and filled ||| name to eternity, aud filled
314	3	A potiori fit (denominatio. ||| A potiori fit denominatio.	some psalms by other waiters ||| some psalms by other writers	on Ps. 1. 1), together ||| on Ps. l. 1), together
315	3	literally *inclined* or *hent,* ||| literally inclined or bent	*For there are no hands at their death* ||| For there are no bands at their death	*they surpass)ass the desires of their heart* ||| they surpass the desires of their heart
316	2	Therefore he brings hack his people ||| Therefore he brings back his people	can there he knowledge in the Highest ||| can there be knowledge in the Highest
317	1	clause seams to be ||| clause seems to be
318	3	and (i)i or as to) my reins ||| and (in or as to) my reins	a least have I been with thee ||| a beast have I been with thee	And (yet) 2 (am) still with thee ||| And (yet) I (am) still with thee
319	3	ing *even if ox even when* my flesh ||| even if or even when	Lev. XX. 6, Num. xiv. 33 ||| Lev. xx. 6	both are expressed. *Draw nigh to God* ||| both are expressed, Draw nigh
320	3	*Cast of,* a verb implying ||| *Cast off,* a verb implying	on Ps. xliii. 2, xliv! 10 ||| on Ps. xliii. 2, xliv. 10	those who feed upon th}' pasture ||| those who feed upon thy pasture
321	1	The whole senSe conveyed ||| The whole sense conveyed
322	3	(or *shall he known) as* ||| (or *shall be known*) *as*	See I lungs vi. 29 ||| See 1 Kings vi. 29	The suffix *thereof)* has no ||| The suffix (*thereof*) has no
323	8	there is no more* (any) *'prophet ||| (any) prophet	Israel's peculiar gelation to him ||| Israel's peculiar relation to him	contemn thy name for ever f* ||| contemn thy name for ever?	despise thy name for ever f) ||| despise thy name for ever?)	(why dod thou withdraw thy hand?) ||| (why dost thou withdraw thy hand?)	See above, on Ps. xviii, 51 (50) ||| on Ps. xviii. 51 (50)	passage of the Pied Sea ||| passage of the Red Sea	described as talcing place ||| described as taking place
324	3	didst cleave fount and food ||| didst cleave fount and flood	all the hounds of earth ||| all the bounds of earth	compare Deut. xxxii, 6 ||| compare Deut. xxxii. 6
325	2	making it an abstract, *darkness,* ||| making it an obstract, *darkness*	the voice of thy joes ||| the voice of thy foes
326	2	on Ps. lxviii, 1. ||| on Ps. lxviii. 1.	but the one to v/hich the psalm ||| but the one to which the psalm
327	5	Lift not up the horn I ||| Lift not up the horn !	the habits of homed animals ||| the habits of horned animals	compare Job XV. 26 in Hebrew ||| compare Job xv. 26 in Hebrew	The sense will then be that promotion Cometh not ||| that promotion cometh not	Idumæa and Arabia Petraea ||| Idumæa and Arabia Petræa
328	5	for the wrath of God, See above ||| for the wrath of God.  See above	phrase, *it foams with nine;* ||| phrase, it foams with wine;	See above on Ps. xl. 15 ((14).. ||| See above on Ps. xl. 15 (14).	10 (9). *And I will declare ||| 10 (9.) And I will declare	xlvii. 7 (6), lxvi.. 4. ||| xlvii. 7 (6), lxvi. 4.
329	3	*And in Salem was his tabernacle, and his home* ||| his tabernacle. and his home	means a *booth,* or *shed* composed ||| means a booth or shed composed	*mountains of prey, i, e.* ||| mountains of prey, i. e.
330	4	2 Kings xix. 85 ||| 2 Kings xix. 35	lxviii. 31 (80) ||| lxviii. 31 (30)	when once thou art angry f ||| when once thou art angry?	Judges v. 81, Isa. xiv. 7 ||| Judges v. 31, Isa. xiv. 7
331	1	He cuts of the spirit of princes ||| He cuts off the spirit of princes
332	1	(or *perpetuities.')* ||| (or *perpetuities.*)
333	7	24 (9, 23), k. 3, 12 (2, 11) ||| 24 (9, 23), lx. 3, 12 (2, 11)	longer) f ||| longer)?	word to generation and generation f ||| word to generation and generation?	See above on Ps. xviii. 81 (30) ||| See above on Ps. xviii. 31 (30)	And T said, This is my affliction ||| And I said, This is my affliction	on Ps. lxviii. 5 (4), ||| on Ps. lxviii. 5 (4).	on account of Exod, xv. 11 ||| on account of Exod. xv. 11
334	1	extended to surrounding nations. This is ||| extended to surrounding nations, This is
335	5	(2 Sam. V. 5), Its design ||| (2 Sam. v. 5). Its design	to that of EH. ||| to that of Eli.	my people, to wy law ||| my people, to my law	lii. l,&c. ||| lii. 1, &c.	utter riddles from an' antiquity ||| utter riddles from antiquity
336	5	written and authoritative record, ||| written and authoritative record.	tell ((it) to their own sons ||| tell (it) to their own sons	equivalent to well anned soldiers ||| equivalent to well armed soldiers	and in his lata refused to walk ||| and in his law refused to walk	vocation, and relumed to do the ||| vocation, and refused to do the
337	5	*rivers.* Ihis verse relates ||| *rivers.* This verse relates	means a desert, properly bo called ||| means a desert, properly so called	and all (he night by light ||| and all the night by light	*And spake of God [and] said ||| And spake of God (and) said	Will the Almighty be able ||| Will the Almightg be able
338	5	literally *from above,* *above,* but see on Ps. 1. 4 ||| literally from above, but see on Ps. l. 4	25. *Bread, of the mighty (ones)* ||| Bread of the mighty (ones)	But io these the epithet ||| But to these the epithet	the history. See Exod. xvi. 3. ||| See Exod. xvi. 8.	and guides hy his power ||| and guides by his power
339	3	See Exod. xvi. 13, Num. xi, 31. ||| Num. xi. 31.	still ((was)) their food ||| still (was) their food	34. // *he slew them ||| 34. If he slew them
340	3	And their heart was not fi,fixed ||| And their heart was not fixed	or *turned, hack* from his service ||| or turned back from his service	in their unbelief. *Holy One of Israel,* ||| in their unbelief, Holy One of Israel,
341	1	to *shut tip in the hand* ||| to *shut up in the hand*
342	3	And smote all the first-horn in Egypt ||| And smote all the first-born in Egypt	hand lion. The bound or border ||| hand won. The bound or border	Red Sea, Exod. XV. 19 ||| Red Sea, Exod. xv. 19
343	1	And revolted, and dealt falsely ||| And revolted and dealt falsely
344	2	See Josh, xviii. 1 ||| See Josh. xviii. 1	and compare Deut, xii. 11 ||| and compare Deut. xii. 11
345	4	And he struck his foes hack ||| And he struck his foes back	(and) disgrace cf eternity gave them ||| (and) disgrace of eternity gave them	took him from the sheep folds ||| took him from the sheep-folds	From behind them, t. e. from following ||| From behind them, i. e. from following
346	1	compare Ps, xiii. 2 (1) ||| compare Ps. xiii. 2 (1)
347	6	on Ps. xxiii. 2, lxv.. 13 (12) ||| on Ps. xxiii. 2, lxv. 13 (12)	9. *Help* Its, *O God ||| 9. Help us, O God	should the nations say. Where (is) ||| should the nations say, Where (is)	in our sight, he the avenging ||| in our sight, be the avenging	as was described above, in ver. 8 ||| as was described above, in ver. 3	Or the meaning may be. Where is the proof ||| Or the meaning may be, Where is the proof
348	0	
349	0	
350	4	and let us he saved! ||| and let us be saved!	Num. vi. 2?>. See above ||| Num. vi. 25. See above	*Bow long,* literally ||| How long, literally	Rev. v. 8, viii. 3, 4, There is ||| Rev. v. 8, viii. 3, 4. There is
351	3	See above, on ver. ||| See above, on ver. 5 (4).	the emulous, desire of their neighbours ||| the emulous desire of their neighbours	did it fill the laud ||| did it fill the land
352	2	It sends forth its houghs to the sea ||| It sends forth its boughs to the sea	*Thy light hand* implies an exertion ||| Thy right hand implies an exertion
353	4	Let thy hand he on the man ||| Let thy hand be on the man	Acts V. 81. ||| Acts v. 31.	let us he saved! ||| let us be saved!	smile upon them, save th ||| smile upon them, save them.
354	5	8 (2). *Raise the song ||| 3 (2). *Raise the song*	4 (3). *blow, in the month ||| 4 (3). *Blow, in the month*	have been that of the fall moon ||| have been that of the full moon	or feast, \*". e. the great day ||| or feast, *i. e.* the great day	lx. 1, lxxviii. 6, lxxx. 1 ||| lx. 1, lxxviii. 5, lxxx. 1
355	2	(Exod. xvii.. Num. xx.) ||| (Exod. xvii., Num. xx.)	Prov. xxiv, 11, are cited ||| Prov. xxiv. 11, are cited
356	3	And I gave them tip to the corruption ||| And I gave them up to the corruption	lack my hand ||| back my hand	and compare Ps, lxxiii. 2 ||| and compare Ps. lxxiii. 2
357	0	
358	1	Isa. V. 23, 1. 8 ||| Isa. v. 23, 1. 8
359	3	or like *a. man* indefinitely ||| or like *a man* indefinitely	Exod. xix. 21, Jer. viii, 12 ||| Exod. xix. 21, Jer. viii. 12	This is not, as come interpreters ||| This is not, as some interpreters
360	1	*O God, he not silent ||| O God, be not silent
361	1	*Gebal and Amnion and Amalek ||| Gebal and Ammon and Amalek
362	2	as a fame kindles mountains ||| as a flame kindles mountains	lxxxix. 46 (46) ||| lxxxix. 46 (45)
363	1	but the derivative noon (Hi)")) is used ||| but the derivative noun (רִנָּה) is used
364	2	Happy the wan who ||| Happy the man who	with that in Ps. I. 23, Prov. xvi. 17 ||| with that in Ps. l. 23, Prov. xvi. 17
365	2	the verb that (follows, ||| the verb that follows,	look Upon it graciously ||| look upon it graciously
366	3	*To* (or *hy)* the Sons of Korah ||| To (or by) the Sons of Korah	8 (2). *Thou didst take away ||| 3 (2). Thou didst take away	in Ps. xxiii. 1, 5 ||| in Ps. xxxii. 1, 5
367	0	
368	1	for wretched and needy* (am) /. ||| for wretched and needy (am) I.
369	0	
370	1	I will invoice thee ||| I will invoke thee
371	0	
372	3	(or *hy) the Sons of Korah ||| (or by) the Sons of Korah	A Psalm.. A Song. ||| A Psalm. A Song.	I will mention Rahab and Babylon ||| I will mention Rahab aad Babylon
373	2	This (one) was horn there ||| This (one) was born there	inscribing in a Ust or register ||| inscribing in a list or register
374	3	A didactic Psalm.. By Heman ||| A didactic Psalm. By Heman	XV. 20, 2 Sam. vi. 16 ||| xv. 20, 2 Sam. vi. 16	vi. 18 (33), XV. 17, xvi. 41 ||| vi. 18 (33), xv. 17, xvi. 41
375	4	as a man with no strength ||| as a man witth no strength	but a cognate form in Ps. xxii, 20 (19) ||| but a cognate form in Ps. xxii. 20 (19)	honour (Ps. lxxxvi.. 16) ||| honour (Ps. lxxxvi. 16)	80 to be free from his service ||| so to be free from his service
376	7	xxxviii. U (10) ||| xxxviii. 11 (10)	See my note on Isa, xiv. 9 ||| See my note on Isa. xiv. 9	Shall thy mercy he recounted ||| Shall thy mercy be recounted	Shall thy wonders he known ||| Shall thy wonders be known	hide thy face from, me? ||| hide thy face from me?	expiring from, childhood ||| expiring from childhood	I have home thy terrors ||| I have borne thy terrors
377	2	*Than hast put far from me* ||| Thou hast put far from me	For ever shall mercy he built up ||| For ever shall mercy be built up
378	1	Sons of the Mighty 9 ||| Sons of the Mighty?
379	1	application, Ps. lxxvi.. 12 (11) ||| application, Ps. lxxvi. 12 (11)
380	2	(it was) *thou*?and none other that) ||| (it was) *thou* (and none other that)	xliv. 4 ^3), lxxxiii. 9 (8) ||| xliv. 4 (3), lxxxiii. 9 (8)
381	2	on Ps. xxi. 8 (5) ||| on Ps. xxi. 6 (5)	on Ps. lxxviii. 31, 68 ||| on Ps. lxxviii. 31, 63
382	2	first-horn will give him ||| first-born will give him	81-33 (30—32). If his sons ||| 31-33 (30-32). If his sons
383	0	
384	0	
385	3	wilt thou hide thy self for ever 7 ||| wilt thou hide thyself for ever ?	*O remember*—/—*what* ||| O remember—I—what	lxxviii. 89, cxix. 84 ||| lxxviii. 39, cxix. 84
386	1	*Blessed (he) Jehovah to eternity* ||| Blessed (be) Jehovah to eternity
387	1	A Prayer. By Hosts, the Man ||| A Prayer. By Moses, the Man
388	2	also found in Job X. 9 ||| also found in Job x. 9	*he is mourn and withers.* ||| *he is mown and withers.*
389	2	though 6}synonymous, is not identical ||| though synonymous, is not identical	an eminent interpreter has well said, throws ||| an eminent interpreter has well said. throws
390	2	according to thy fear, thy wrath f ||| thy wrath ?	govern the same object. " "Who knows ||| the same object. " Who knows
391	5	God's gi-ace is here presented ||| God's grace is here presented	on Ps. v, 4 (3), xlvi, 6 (5), xlix, 15 (14), lix, 17 (16), lxxxviii, 14 (13) ||| on Ps. v. 4 (3), xlvi. 6 (5), xlix. 15 (14), lix. 17 (16), lxxxviii. 14 (13)	that we may rejoice, etc, ||| that we may rejoice, &c.,	thy glory on their sorts ||| thy glory on their sons	The expression *on m,* as before ||| The expression on us, as before
392	3	recurrence in ver. 9 to the theine propounded ||| recurrence in ver. 9 to the theme propounded	of the A Almighty he is lodged ||| of the Almighty he is lodged	The *fowler s snare* is a figure ||| The fowler's snare is a figure
393	2	though a thousand fall, dc, ||| though a thousand fall, &c.,	Compare Deut. xxxii. 85, 41 ||| Compare Deut. xxxii. 35, 41
394	7	thou shall tread; thou shalt trample ||| thou shalt tread; thou shalt trample	his followers, Luke X. 19 ||| his followers, Luke x. 19	set his love v])on me ||| set his love upon me	I will rescue him.; I will set him ||| I will rescue him; I will set him	49 (48), XX. 2 (1) ||| 49 (48), xx. 2 (1)	lxix. 80 (29) ||| lxix. 30 (29)	*Calls vie* to his aid ||| Calls me to his aid
395	3	1, *A Psalm. A Song.* ||| 1. A Psalm. A Song.	name, Most High I* The duty ||| name, Most High ! The duty	Ps. xl. G (5), Isa. lv. 9 ||| Ps. xl. 6 (5), Isa. lv. 9
396	8	*for la, thine enemies shall perish* ||| for lo, thine enemies shall perish	the simple passive, *shall he scattered* ||| the simple passive, shall be scattered	*of those rising up against* w?, *evil-doers* ||| of those rising up against me, evil-doers	it means *watchers,* Hers in wait ||| it means watchers, liers in wait	the accessory}' idea of rebellion ||| the accessory idea of rebellion	See above, on Ps. Hi. 10 (8) ||| See above, on Ps. lii. 10 (8)	is just*—*my Hock*—*and no ||| is just—my Rock—and no	*Bock* may be simply in apposition ||| Rock may be simply in apposition
397	0	
398	2	as it certainly is in Deut. xxxiii. 2, Ps. 1. 2 ||| Ps. l. 2	xxxiii. 2. See above, on Ps. 1. 2. The plural form ||| Ps. l. 2
399	7	all the workers of iniquity f ||| all the workers of iniquity ?	*Four forth* is a figure ||| Pour forth is a figure	Deut. X. 18. ||| Deut. x. 18.	And t J ley say, Jah will not see ||| And they say, Jah will not see	and the God, of Jacob ||| and the God of Jacob	80, that the God of Israel ||| so, that the God of Israel	eye, shall he not see f ||| eye, shall he not see?
400	4	thou warnest, Joh, and from thy law ||| thou warnest, Jah, and from thy law	*Wamest* and wilt warn ||| *Warnest* and wilt warn	rest from, days of evil ||| rest from days of evil	with workers of iniquity 9 ||| with workers of iniquity?
401	2	If I say. My foot slips ||| If I say, My foot slips	xxxviii. 18 (12), lii. 4 ||| xxxviii. 13 (12), lii. 4
402	1	aloud and with a voice of triumph, ||| aloud and with a voice of triumph.
403	2	Come, let us how dawn and bend ||| Come, let us bow down and bend	as in Ps. lxxxi. 9 (8), In both cases ||| as in Ps. lxxxi. 9 (8). In both cases
404	0	
405	10	to he feared (is) ||| to be feared (is)	For all the gods of ike nations ||| For all the gods of the nations	Honour and majesty [are] before him ||| Honour and majesty (are) before him	See above, on Ps, lxxi. 8, *His holy place* ||| See above, on Ps. lxxi. 8. His holy place	whatever it may be, ||| whatever it may be.	The expression families;families *of nations* ||| The expression families of nations	the glory of his name ■; take ||| the glory of his name; take	Ps. lxviii, 30 (29), lxxii. 10, lxxvi, 12 ||| Ps. lxviii. 30 (29), lxxii. 10, lxxvi. 12	(1 Chron, xvi, 29) has ||| (1 Chron. xvi. 29) has	parallel passage (1 Chron, xvi. 24) ||| parallel passage (1 Chron. xvi. 24)
406	3	it shall not he moved ||| it shall not be moved	Be will judge the peoples ||| He will judge the peoples	As in Ps. xciii, 1 ||| As in Ps. xciii. 1
407	3	glad he the many islands ||| glad be the many islands	a cause for universal jo}' ||| a cause for universal joy	him goes, and hums up around ||| him goes, and burns up around
408	5	Shamed shall he all serving ||| Shamed shall be all serving	directly in Heb. i, 6 ||| directly in Heb. i. 6	hate evil I He keeps ||| hate evil ! He keeps	pare Ps. V. 12 (11) ||| pare Ps. v. 12 (11)	thanks to the memo)'y of his ||| thanks to the memory of his
409	4	With this verse compare Isa. Hi. 10 ||| With this verse compare Isa. lii. 10	combination in Ps, xcii. 8 ||| combination in Ps. xcii. 3	all the earth 1 Burst forth ||| all the earth ! Burst forth	and sing, and play I ||| and sing, and play !
410	2	sound of comet, shout before ||| sound of cornet, shout before	described is the jo}joyful acclamation ||| described is the joyful acclamation
411	7	*Jehovah in Thou (is) great ||| Jehovah in Zion (is) great	See above, on Pa. vi. 5 (4) ||| See above, on Ps. vi. 5 (4)	or *to he feared,* ||| or to be feared,	X. 17, xxviii. 58 ||| x. 17, xxviii. 58	some would read. *Holy (is) it* ||| some would read, Holy (is) it	change of person. *He* instead ||| change of person, He instead	by a habitually}^ pure administration ||| by a habitually pure administration
412	2	or what was literally time of Moses ||| or what was literally true of Moses	our God, and how down to his holy hill ||| our God, and bow down to his holy hill
413	1	bless his name I ||| bless his name !
414	1	A Psalm. 31 Mercy and judgment ||| A Psalm. Mercy and judgment
415	2	Exod. xx. 21, This interrogative ||| Exod. xx. 21. This interrogative	him I will not hear ||| him I will not bear
416	1	rehed upon, confided in ||| relied upon, confided in
417	2	Compare Ps. X. 1, xiii. 1 ||| pare Ps. x. 1, xiii. 1	(10), XXXV. 10, xlii. 11 (10) ||| (10), xxxv. 10, xlii. 11 (10)
418	3	my enemies lave taunted me ||| my enemies have taunted me	and thy wrath: for thou hast taken ||| and thy wrath ; for thou hast taken	reflexive pronoun (7 *myself)* ||| reflexive pronoun (*I myself*)
419	4	certainly arise from thig apparent inaction ||| this apparent inaction	see above on Ps. lxxv. 3 (2), ||| Ps. lxxv. 3 (2).	15 (14). *when thy servants love ||| When thy servants love	sions of Isaiah (lix. 19) ||| sions of Isiah (lix. 19)
420	1	high place of his holiness I Jehovah ||| high place of his holiness ! Jehovah
421	6	means originally *to the face* and then ||| to the face, and then	Hebrew verb (חלף) The corresponding ||| (חלף). The corresponding	compare Ps. xlix, 15 (14) ||| compare Ps. xlix. 15 (14)	thy years shall not he finished ||| thy years shall not be finished	The meaning then is. Thou art ||| The meaning then is, Thou art	Ps. lxxxix. 87 (36) ||| Ps. lxxxix. 37 (36)
422	0	
423	3	borrowed from Deut, xxix. 21 ||| borrowed from Deut. xxix. 21	in ver. 3, *the [one] redeeming ||| in ver. 3, the (one) redeeming	XXV. 6, xl. 12 (11) ||| xxv. 6, xl. 12 (11)
424	0	
425	1	put far from us our transgressions ||| put far from us our trangressions
426	3	mindful that dust (are) ne. ||| mindful that dust (are) we.	lxxviii. 39, lxxxix, 48 (47) ||| lxxviii. 39, lxxxix. 48 (47)	as in Ps. cxlii. 6 (4) ||| as in Ps. cxlii. 5 (4)
427	0	
428	1	Bless, O my soul, Jehovah I ||| Bless, O my soul, Jehovah !
429	1	quoted in the New 'Testament ||| quoted in the New Testament
430	0	
431	1	the old *'English fowl,* ||| the old English fowl,
432	1	they belong to (or are intended for) the wild goats. ||| ... the wild goats,
433	3	the sun knows his selling ||| the sun knows his setting	in Ps. lxxv. 8 (2), cii. 14 ||| in Ps. lxxv. 3 (2), cii. 14	when the sou appears ||| when the sun appears
434	0	
435	4	(Exod. xvi. 1, 5, 16)), to which there is ||| (Exod. xvi. 1, 5, 16), to which there is	confounded; thou, withdrawest their breath ||| confounded; thou withdrawest their breath	Compare Ps. xc. 8, ciii. 14 ||| Compare Ps. xc. 3, ciii. 14	*2 hey are created* refers the effect ||| They are created refers the effect
436	2	similar to that of yer. 28 ||| similar to that of ver. 28	The last word. *Hallelujah ||| The last word, Hallelujah
437	2	xxxiv. 6 (4)^ lxi. 4 (3) ||| xxxiv. 5 (4), lxi. 4 (3)	Ps. ix. 11 (10), X. 4, xiv. 2 ||| Ps. ix. 11 (10), x. 4, xiv. 2
438	1	the shore. Gen. xxii. 17. ||| the shore, Gen. xxii. 17.
439	2	Gen. V. 22, xvii. 1 ||| Gen. v. 22, xvii. 1	(Gen. xii. 17, XX. 3) ||| (Gen. xii. 17, xx. 3)
440	2	token for (food, a sign that God ||| token for good, a sign that God	*To hind his chiefs at his pleasure ||| To bind his chiefs at his pleasure
441	2	is *let its deal wisely* ||| is *let us deal wisely*	exactly, *let its make ourselves wise* ||| exactly, *let us make ourselves wise*
442	2	genesis of animals. Gen. i. 20 ||| genesis of animals, Gen. i. 20	and the yelek,* and? (that) ||| and the yelek, and (that)
443	2	had fallen upon, them ||| had fallen upon them	42. *Because lie remembered ||| Because he remembered
444	1	mighty deeds of Jehovah / (Who) ||| mighty deeds of Jehovah ? (Who)
445	0	
446	2	And Tie saved them from the hand ||| And he saved them from the hand	Exod. XV. 1. ||| Exod. xv. 1.
447	1	Deut. ix. 18, 19.. *To turn back* ||| Deut. ix. 18, 19. *To turn back*
448	3	provoked him hy their crimes ||| provoked him by their crimes	is riot here mentioned ||| is not here mentioned	it was had for Moses ||| it was bad for Moses
449	4	contradictory to Scripture, According to ||| contradictory to Scripture. According to	xxvi. 9, U. 16 (14) ||| xxvi. 9, li. 16 (14)	compare Num. XXXV. 33 ||| compare Num. xxxv. 33	of Uke spirit,—the same nations ||| of like spirit,—the same nations
450	6	*hy their counsel, and* ||| by their counsel, and	when he hard them cry ||| when he heard them cry	with the second. Num. ||| with the second, Num.	Neh. xiii, 22 ||| Neh. xiii. 22	and has given, them for mercies ||| and has given them for mercies	(1 Chron. xvi. 86) has ||| (1 Chron. xvi. 36) has
451	0	
452	0	
453	3	is borrowed from Isa, xxix. 8 ||| is borrowed from Isa. xxix. 8	death-shade, hound in affliction ||| death-shade, bound in affliction	cvi. 7, 83, 43 ||| cvi. 7, 33, 43
454	6	15. 16. *Let* (such) ||| 15, 16. *Let* (such)	*wonderful works to the sons of man ||| wonderfal works to the sons of man	Job xxxiii, 22, Isa. xxxviii. 9 ||| Job xxxiii. 22, Isa. xxxviii. 9	See above on ver, 6, 13 ||| See above on ver. 6, 13	20. *Be sends his word ||| 20. *He sends his word	and fi-om which escape ||| and from which escape
455	1	Jer. xxxi. 85. ||| Jer. xxxi. 35.
456	1	31. 32. *Let* (such) ||| 31, 32. *Let* (such)
457	1	The sentence is continued fi-om the foregoing verse ||| The sentence is continued from the foregoing verse
458	12	to a former time, ". e. ||| to a former time, i. e.	describes him as spuming the most lordly ||| describes him as spurning the most lordly	on Ps. XX. 2 (i), xci. 14 ||| on Ps. xx. 2 (1), xci. 14	reduced in strength and numbers, ||| reduced in strength and numbers.	as in Ps, xxxiii, 1, Num. xxiii, 10, Dan. ||| as in Ps. xxxiii. 1, Num. xxiii. 10, Dan.	xi. 17, With the last clause ||| xi. 17. With the last clause	compare Job v, 16, Isa. lii. 15 ||| compare Job v. 16, Isa. lii. 15	1, *A Song. A Psalm.* ||| 1. A Song. A Psalm.	7-14 (5-12), The supposition ||| 7-14 (5-12). The supposition	of Ps, xviii, liii., lxx ||| of Ps. xviii., liii., lxx	date of Ps, lvii, and lx ||| date of Ps. lvii. and lx	as in Ps, liii. and lxx ||| as in Ps. liii. and lxx
459	2	led) me up to Edom f ||| led) me up to Edom?	our hosts f See above ||| our hosts? See above
460	2	he not silent ||| be not silent	xli. 34. Num. i. 50 ||| xli. 34, Num. i. 50
461	2	*Let there he no one to him ||| Let there be no one to him	Ps. xxxvii. 37^ 38 ||| Ps. xxxvii. 37, 38
462	2	Let them he before Jehovah ||| Let them be before Jehovah	for thy names sake ||| for thy name's sake
463	3	is equivalent to sa}'ing ||| is equivalent to saying	Exod. X. 19, Joel ii. 20 ||| Exod. x. 19, Joel ii. 20	my adversaries he with confusion ||| my adversaries be with confusion
464	0	
465	0	
466	1	and expresses that idea by a figure ||| and expresess that idea by a figure
467	4	Thou (shalt he) a priest ||| Thou (shalt be) a priest	but in Heb. V. 6, vii. 17 ||| but in Heb. v. 6, vii. 17	in ver, 3) is almost peculiar ||| in ver. 3) is almost peculiar	This, likeness consists ||| This likeness consists
468	4	here as in Ps. cix. 81, where ||| Ps. cix. 31, where	to happen as ahead}' past ||| to happen as already past	probable meaning of the first clause ||| meaning of thr first clause	not be exhausted Uke those wandering ||| not be exhausted like those wandering
469	2	Compare Ps, cxix. 2 ||| Compare Ps. cxix. 2	lxiv. 8 (2), lxxxiii. 4 (8) ||| lxiv. 3 (2), lxxxiii. 4 (3)
470	0	
471	7	Job xxviii. 28, The intimate ||| Job xxviii. 28. The intimate	This is equivalent to saying ||| This is eqvivalent to saying	to the *Hallelujah* at the beginning ||| to the Halleujah at the beginning	1. *Sappy the man fearing Jehovah ||| Happy the man fearing Jehovah	shall he his seed ||| shall be his seed	his righteousness endureth fot ever ||| his righteousness endureth for ever	his justification, *Endureth,* ||| his justification. Endureth,
472	5	sustain his affairs hy justice ||| sustain his affairs by justice	he shall not he moved ||| he shall not be moved	of eternity he shall he righteous ||| of eternity he shall be righteous	righteous shall he in everlasting remembrance ||| righteous shall be in everlasting remembrance	shall not he afraid of evil tidings ||| shall not be afraid of evil tidings
473	4	his horn shall he high with honour ||| his horn shall be high with honour	As the title. *Servant of Jehovah,* ||| As the title, Servant of Jehovah,	so the plural. *Servants of Jehovah,* ||| so the plural, Servants of Jehovah,	<heading missing> ||| Psalm 113
474	3	ver. 6, 8, where the same Hebrew word ||| ver. 5, 8, where the same Hebrew word	»'. e. with the noblest of mankind ||| i. e. with the noblest of mankind	Hallelujah I The common version ||| Hallelujah! The common version
475	1	*Ill the coming forth of Israel* ||| *In the coming forth of Israel*
476	2	Ps. cvii. 85, and compare Exod. ||| Ps. cvii. 35, and compare Exod.	xxiii. 17, Mal.. iii. 1 ||| xxiii. 17, Mal. iii. 1
477	3	compare Num. xiv. 16, Isa. ||| compare Num. xiv. 15, Isa.	Isa. xliii, 7, 25 ||| Isa. xliii. 7, 25	expressed in other words. Gen. xviii. 14 ||| expressed in other words, Gen. xviii. 14
478	1	to your children I ||| to your children !
479	3	equivalent to our *hy.* ||| equivalent to our by.	for himself, ho designed the earth ||| for himself, he designed the earth	to eternity. *Hallelujah I* As it is not ||| to eternity. Hallelujah ! As it is not
480	8	Ps. xviii. 2 (1), Deut. vi. 6. ||| Deut. vi. 5.	Both verbs maybe translated ||| Both verbs may be translated	lxxviii. 1, cii. 8. ||| lxxviii. 1, cii. 3.	see above, on Ps. civ. 38. ||| on Ps. civ. 33.	Compare Ps. cxix. 148 with ||| Compare Ps. cxix. 143 with	with Prov. vi. 83. ||| with Prov. vi. 33.	*Bell,* in the wide sense ||| Hell, in the wide sense	strictly translated (7 *will call)* ||| strictly translated (I will call)
481	8	*Best,* literally *rests* ||| *Rest,* literally *rests*	borrowed from Ps. lvi.. 14 (13) ||| borrowed from Ps. lvi. 14 (13)	Compare Ps. xxvii. 18. ||| Compare Ps. xxvii. 13.	is in contrast with Pa. cxv. 17. ||| is in contrast with Ps. cxv. 17.	I said in my terror. All mankind ||| I said in my terror, All mankind	cviii. 18 (12) ||| cviii. 13 (12)	cxlvi. 8, 4. ||| cxlvi. 3, 4.	what (means) f See Gen. ||| what (means)? See Gen.
482	2	18. *]My vows to Jehovah ||| 18. My vows to Jehovah	*before all his people..* Some regard ||| before all his people. Some regard
483	1	for unto eternity)eternity (is) his mercy ||| for unto eternity (is) his mercy
484	1	(is) his mercy. Oh that the fearers ||| (is) his mercy.' Oh that the fearers
485	2	in the nams of Jehovah ||| in the name of Jehovah	(I declare) *that will cut them off.* ||| (I declare) that I will cut them off.
486	5	xlvii. 2(l),with Ps. xvii. 1 ||| xlvii. 2 (1), with Ps. xvii. 1	as if he had said. Hark! ||| as if he had said, Hark!	recount the works of J ah ||| recount the works of Jah	I will come in hy them ||| I will come in by them	I mil thank Jah ||| I will thank Jah
487	5	sung. But this, though possible ||| Bung — transcription reads "Bung" where image prints "sung"	See above, on ver. *6.* ||| See above, on ver. 5.	by our Saviour, ho applied ||| by our Saviour, he applied	the chief or comer-stone ||| the chief or corner-stone	*wonderfully done,* the Hebrew ||| *wonderfully done,* tho Hebrew
488	2	in the name of Jehovah I We bless you ||| in the name of Jehovah ! We bless you	this passage or to Mal.. iii. 1 ||| this passage or to Mal. iii. 1
489	1	such passages as ver. 68, 74, 79 ||| such passages as ver. 63, 74, 79
490	1	to the precept ^ Lev. xviii. 4 ||| to the precept in Lev. xviii. 4
491	1	Teach me thy statutes I ||| Teach me thy statutes !
492	1	22. *Boll from off me reproach ||| 22. *Roll from off me reproach
493	3	in the last clause e. ||| in the last clause.	See above, on Ps. xxx. 4 (3). *Thy 'word,* ||| Thy word,	O Jehovah, put me not to shams. ||| put me not to shame.
494	0	
495	2	had said. Only let thy word ||| had said, Only let thy word	and will not he ashamed ||| and will not be ashamed
496	4	the Taising of the heart ||| the raising of the heart	*(upon which, dc.)* ||| (upon which, &c.)	convey the sense Supposed ||| convey the sense supposed	saves alive or restores to life ||| saves alive, or restores to life
497	3	53. *Rage has seized me ||| 58. *Rage has seized me	arising or proceeding, because of ||| arising or proceed-from, because of	well with the scOrn excited ||| well with the scorn excited
498	3	(my) *heart; he gracious unto me* ||| heart; be gracious unto me	*The hands of wicked men environed me* ||| The bands of wicked men environed me	to denote which in English *hut* has ||| to denote which in English but has
499	3	refers to Mal.. iii. 24 ||| refers to Mal. iii. 24	the knowledge of God's will The connection ||| the knowledge of God's will. The connec-	*A fellow* ((am)) *I to all* ||| *A fellow* (am) *I to all*
500	5	have forged a he against me ||| have forged a lie against me	with all (my) hearty mil keep thy precepts ||| with all (my) heart, will keep thy precepts	their heart. J (in) thy law delight ||| their heart. I (in) thy law delight	Ps. xvii. 10, lxxiii, 7 ||| Ps. xvii. 10, lxxiii. 7	made to suffer, io the end that I ||| made to suffer, to the end that I
501	7	admits, to *letter than.* ||| admits, to better than.	illumination. Compere Deut. xxxii. 6 ||| illumination. Compere Deut. xxxii. 6 (transcription reads "Compare")	that righteousness are thy judgments ||| that righteouness are thy judgments	and (m) faithfulness thou hast afflicted ||| and (in) faithfulness thou hast afflicted	for *in faithfulness* we may read ||| for in faithfulnes we may read	(נָא)> correctly paraphrased ||| ), correctly paraphrased	literally to;o *comfort (or console) me ||| literally to comfort (or console) me
502	4	Let my heart he perfect ||| Let my heart be perfect	that I may not he ashamed ||| that I may not be ashamed	84. *Sow many are the days ||| 84. How many are the days	*Execute judgment* or *do justice,* ||| Execute judgment, or do justice,
503	2	literally *the whole, to τὸ πᾶν,* ||| literally *the whole,* τὸ πᾶν,	for thy j)recepts I have sought ||| for thy precepts I have sought
504	2	than wy enemies do thy ||| than my enemies do thy	meaning, in which Sometimes ||| meaning, in which sometimes
505	3	sweeter than honey to my mouth I ||| honey to my mouth !	*lamp* or *lantern. Far my foot* ||| *lamp* or *lantern. For my foot*	*Thy righteous judgments,* as m ver. 7, 62 ||| *Thy righteous judgments,* as in ver. 7, 62
506	3	I fray thee, O Jehovah ||| I pray thee, O Jehovah	See above, on Ps. xxvii. 6, xxxii. 7 ||| See above, on Ps. xxvii. 5, xxxii. 7	and let me not he ashamed of my hope ||| and let me not be ashamed of my hope
507	2	Sustain me and I shall he saved ||| Sustain me and I shall be saved	Compare Deut. vi. 24, x. 18 ||| Compare Deut. vi. 24, x. 13
508	1	compare Isa. xxiv. 6. ||| compare Isa. xxiv. 5.
509	7	*Turn to me, and he gracious to me* ||| and be gracious to me	lxxxi. 6 (4). For the meaning ||| lxxxi. 5 (4). For the meaning	see above, on Pa. V. 12 (11) ||| see above, on Ps. v. 12 (11)	*My steps establish hy thy word* ||| My steps establish by thy word	Buffered by the restored Jews ||| suffered by the restored Jews	they do not keep thy lata. ||| they do not keep thy law.	xiii. 17, Lam, i. 16 ||| xiii. 17, Lam. i. 16
510	5	by supplying *to* or *to he:* ||| by supplying to or to be :	literally _;?find?, as in Ps. cxvi. 8 ||| literally find, as in Ps. cxvi. 8	144. *Bight (are) thy testimonies ||| 144. Right (are) thy testimonies	shall live. *Bight,* righteousness ||| shall live. Right, righteousness	includes *let ma live* ||| includes let me live
511	2	testimonies, I. *e.* obey thy precepts ||| testimonies, i. e. obey thy precepts	Job vii. 4, The second verb ||| Job vii. 4. The second verb
512	0	
513	2	for thou unit teach me thy statutes ||| for thou wilt teach me thy statutes	As if he had said. Now shall my lips ||| As if he had said, Now shall my lips
514	7	with the second, ver, 24, 77, 92, ||| with the second, ver. 24, 77, 92.	*Judgments,* as in ver. 149, 156, ||| Judgments, as in ver. 149, 156.	first clause (Z *have gone astray)* ||| first clause (I have gone astray)	Compare Jer. 1, 6. ||| Compare Jer. l. 6.	fifteen psalms (cxx.-cxxxiv,), all bearing ||| fifteen psalms (cxx.-cxxxiv.), all bearing	(xl. 6, 22, 26, 31, 34, 37), But apart ||| (xl. 6, 22, 26, 31, 34, 37). But apart	But apart fi-om the intrinsic ||| But apart from the intrinsic
515	0	
516	1	Ishmael (Gen. xxv, 13) ||| Ishmael (Gen. xxv. 13)
517	1	Whence Cometh my help? ||| Whence cometh my help?
518	4	on Ps, cix. 6, ex. 5 ||| on Ps. cix. 6, cx. 5	and the moon hy night ||| and the moon by night	See Gen. i. 16, xxxi, 40 ||| See Gen. i. 16, xxxi. 40	saying to me. To the house of Jehovah ||| saying to me, To the house of Jehovah
519	2	thrones for the home of David ||| thrones for the house of David	admits of a different construction. *Let me speak ||| admits of a different construction, *Let me speak*
520	0	
521	0	
522	0	
523	3	upon Israel I* The participle ||| upon Israel ! The participle	Deut. ix. 16, Mal.. ii. 8, 9 ||| Deut. ix. 16, Mal. ii. 8, 9	but the terms are BO selected ||| but the terms are so selected
524	1	Joel ii. 21.. *To these,* ||| Joel ii. 21. *To these,*
525	2	A Song of the Ascents, By Solomon ||| A Song of the Ascents. By Solomon	human care and toU are unavailing ||| human care and toil are unavailing
526	2	6. *Sappy the man who has filled ||| 5. Happy the man who has filled	*A Song of Ascents. Sappy is every fearer ||| A Song of Ascents. Happy is every fearer
527	11	equivalent to saying. Look upon ||| equivalent to saying, Look upon	See above, on Ps, xxii. 18 (17) ||| See above, on Ps. xxii. 18 (17)	*Pence (be) upon Israel I* ||| Peace (be) upon Israel !	thou shall see thy children's children ||| thou shalt see thy children's children	see above, on Ps, cxxv. 5 ||| see above, on Ps. cxxv. 5	oh let Israel say I ||| oh let Israel say !	on Ps. cxx. 6, cxxiii. 4, But most ||| on Ps. cxx. 6, cxxiii. 4. But most	Ps. cxviii, 2, cxxiv. 1 ||| Ps. cxviii. 2, cxxiv. 1	Ps. vi. 8 (7), vii, 5 (4), xxiii, 5 ||| Ps. vi. 8 (7), vii. 5 (4), xxiii. 5	*Many* (« *time) have they distressed ||| Many (a time) have they distressed	Upon my back j)loughed ploughers ||| Upon my back ploughed ploughers
528	0	
529	7	do I invoice thee, O Jehovah ||| do I invoke thee, O Jehovah	let thine ears he attentive ||| let thine ears be attentive	in precisely the same manner. Job x. 14 ||| in precisely the same manner, Job x. 14	Nah. i. 6, Mal.. iii. 2 ||| Nah. i. 6, Mal. iii. 2	that thou mayest he feared ||| that thou mayest be feared	and in his word do 2 hope ||| and in his word do I hope	as in Ps. cxix, 74, 81 ||| as in Ps. cxix. 74, 81
530	0	
531	0	
532	5	*S. If I go into the tent* ||| 3. *If I go into the tent*	the couch where I he. ||| the couch where I lie.	to my eyelids slumber ||| to my eylids slumber	memorable saying. Mat. viii. 20 ||| memorable saying, Mat. viii. 20	(1 Sam. Xvii. 12 ||| (1 Sam. xvii. 12
533	2	Let thy priests he clothed ||| Let thy priests be clothed	he will not turn hack from it ||| he will not turn back from it
534	4	12. 7/" *thy sons will observe ||| 12. *If thy sons will observe*	on Ps. *xviii..* 11 (10) ||| on Ps. xviii. 11 (10)	2 Sam, xxi. 17 ||| 2 Sam. xxi. 17	counterpart of that in ver.. 9, 16 ||| counterpart of that in ver. 9, 16
535	5	2. *hike the oil, the good ||| Like the oil, the good	running down upon the heard ||| running down upon the beard	the heard of Aaron ||| the beard of Aaron	8. *Like the dew of hermon ||| 3. Like the dew of Hermon	80 the general term *dew* ||| so the general term dew
536	0	
537	5	translated, *lie is lovely ||| translated, *he is lovely	our Lord [more] than all gods ||| our Lord (more) than all gods	as such speaking m his name ||| as such speaking in his name	Eccles. viii, 3, Jonah i. 14 ||| Eccles. viii. 3, Jonah i. 14	the wind from h is treasures ||| the wind from his treasures
538	3	Who smote the first-horn of Egypt ||| Who smote the first-born of Egypt	*From man lo beast,* including both ||| From man to beast, including both	likewise there is no heath in their mouth ||| likewise there is no breath in their mouth
539	0	
540	8	for Unto eternity (is) his mercy ||| for unto eternity (is) his mercy	as in ver. 5, *Above* (not upon ||| as in ver. 5. Above (not upon	The Sim to rule by day ||| The sun to rule by day	*To ride,* literally for *rules* ||| To rule, literally for rules	smote Egypt in their fist-born ||| smote Egypt in their first-born	*Bim that smote* (or ||| Him that smote (or	iv. 34, V. 15, vii. 19 ||| iv. 34, v. 15, vii. 19	that parted the Bed Sea into parts ||| that parted the Red Sea into parts
541	3	From the analogy of Ps. cvii, 16 ||| From the analogy of Ps. cvii. 16	See Matt. vi. 80. ||| See Matt. vi. 30.	as in Ps. xxiii. 2, *Babel* ||| as in Ps. xxiii. 2. *Babel*
542	2	Sing to us from, a song of Zion ||| Sing to us from a song of Zion	How shall ice sing the song ||| How shall we sing the song
543	7	6. *Let my tongue cleave ||| 5. *Let my tongue cleave	Make bare, make hare, to the very ||| Make bare, make bare, to the very	or gi-eat catastrophe ||| or great catastrophe	See also Jer, xlix. 7-22 ||| See also Jer. xlix. 7-22	Ezek. XXV. 12-14 ||| Ezek. xxv. 12-14	at large. The last last clause ||| at large. The last clause	Hosea xiv. 1, Nah, iii. 10 ||| Hosea xiv. 1, Nah. iii. 10
544	1	In ike day I called ||| In the day I called
545	4	thy hand, a)td save me ||| thy hand, and save me	as in Ps. XXX. 4 (3), lxxi. 20 ||| as in Ps. xxx. 4 (3), lxxi. 20	let thy mercy he for ever ||| let thy mercy be for ever	<missing heading before "The Psalmist describes"> ||| Psalm 139
546	4	means to *dig* and is applied ||| means to dig, and is applied	(Job xxviii. y) ||| (Job xxviii. 3)	human fife ||| human life	expressed thuS in English ||| expressed thus in English
547	2	lie down in the gi-ave or hell ||| lie down in the grave or hell	literally frow *thee, i. e.* ||| literally *from thee, i. e.*
548	3	literally *fearful*;Z *(things),* ||| literally fearful (things),	and in thy hook all of ||| and in thy book all of	them arc written, days are formed ||| them are written, days are formed
549	4	18. 7 *will count them* ||| 18. *I will count them*	on Ps. i. 2, xvi.. 7, lxiii. 7 ||| on Ps. i. 2, xvi. 7, lxiii. 7	as in Ps. vi. 9 (8), cxix, 15 ||| as in Ps. vi. 9 (8), cxix. 15	strictly parallel,and take? *take* (thy name) ||| strictly parallel, *and take* (thy name)
550	5	if a way of pain he in me ||| if a way of pain be in me	eminent originality}-, the very structure ||| eminent originality, the very structure	(9-13), So clearly do these ||| (9-13). So clearly do these	2 (1), *Deliver me, Jehovah ||| 2 (1). Deliver me, Jehovah	from the had man ||| from the bad man
551	2	Not *as a serpent (does'),* ||| Not as a serpent (does),	hi. 14 (13), cxviii. 13 ||| lvi. 14 (13), cxviii. 13
552	7	*Those surrounding mA,* ||| Those surrounding me,	turn hack or retreat ||| turn back or retreat	The first noun *m.* Hebrew ||| The first noun in Hebrew	*Shall he cast* is the keri ||| Shall be cast is the keri	A man of tongue shall not he established ||| shall not be established	evil shall hunt him, dc. ||| evil shall hunt him, &c.	power of temptation, ver. 8, 4 ||| ver. 3, 4
553	1	Jehovah, I invoke thee; hapten to me ||| hasten to me
554	3	scattered are our hones at the grave's mouth ||| scattered are our bones at the grave's mouth	(so) *our hones are scattered* ||| (so) our bones are scattered	—*pour not Old my soul.* ||| —pour not out my soul.
555	2	It is called *a, prayer,* ||| It is called a *prayer,*	cix. 6, ex. 5, cxxi. 5 ||| cix. 6, cx. 5, cxxi. 5
556	0	
557	2	not injustice, by abandoning him ||| not in justice, by abandoning him	Ps. XXV. 1-4, H. 10 (8) ||| Ps. xxv. 1–4, li. 10 (8)
558	4	xxiii. 3, XXV. 12, xxxi. 4 ||| xxiii. 3, xxv. 12, xxxi. 4	1. *hy David.* ||| 1. By David.	Jehovah, my Bock, the (one) ||| Jehovah, my Rock, the (one)	perpetuated in the Messiah, *He in whom I trust,* ||| perpetuated in the Messiah. He in whom I trust,
559	1	Jehovah, how thy heavens and come down ||| Jehovah, bow thy heavens and come down
560	4	11. *Bid me and free me* ||| Rid me and free me	The comer-stones are mentioned ||| The corner-stones are mentioned	Palestine, vol. i, pp. 422-426 ||| Palestine, vol. i. pp. 422-426	in any other language, A somewhat ||| in any other language. A somewhat
561	1	and to he praised exceedingly ||| and to be praised exceedingly
562	9	*(Of)) the beauty of the honour ||| (Of) the beauty of the honour	date and a corrupted taste ||| date and a corupted taste	and then *to he feared* ||| and then to be feared	*mighty deeds* in ver.. 5 ||| mighty deeds in ver. 5	The memory of thy great goodness they pour forth ||| The memory of thy great goodnes they pour forth	previous use in ver, 3, 6 ||| previous use in ver. 3, 6	Sie above, on Ps. ciii. 22 ||| See above, on Ps. ciii. 22	I he argument implied is ||| The argument implied is	See above, on ver, 1 ||| See above, on ver. 1
563	1	or gi-ant their prayer ||| or grant their prayer
564	2	without entirely excluding the other, *His thoughts,* ||| without entirely excluding the other. *His thoughts,*	cxxi. 2, cxliv. 2, ||| cxxi. 2, cxliv. 2.
565	5	*Believes,* restores, raises up ||| Relieves, restores, raises up	*Hallelujah* (praise ye Jab)! ||| Hallelujah (praise ye Jah)!	xii. 27, 35, 41, 48. ||| xii. 27, 35, 41, 43.	Compare Ps. cvii. 8. ||| Compare Ps. cvii. 3.	ciii. 8, and compare Isa. lxi. 1. ||| ciii. 3, and compare Isa. lxi. 1.
566	5	*Of much 'power,* or abundant ||| Of much power, or abundant	10. *Hot in the strength ||| 10. Not in the strength	of a horse does hi delight ||| of a horse does he delight	as forming the military}' strength ||| as forming the military strength	14. *(R is) he that makes ||| 14. (It is) he that makes
567	2	The preposition frow denotes ||| The preposition *from* denotes	*Hallelujah I Praise ye Jehovah ||| *Hallelujah! Praise ye Jehovah
568	3	Ps. lxxii. 6, lxxxix, 3, 37 ||| Ps. lxxii. 5, lxxxix. 3, 37	hills, fruit-trees and all cedars, Not fruitful ||| hills, fruit-trees and all cedars. Not fruitful	and all cattle, creeping thing ||| and all cattlle, creeping thing
569	0	
570	1	Ps. xxix, 9, xcvi. 7 ||| Ps. xxix. 9, xcvi. 7
571	3	The verse simply cames out the idea ||| The verse simply carries out the idea	Hallelujah 1 Praise God in his sanctuary I ||| Hallelujah ! Praise God in his sanctuary !	Praise him in the firmament of his power I ||| Praise him in the firmament of his power !
572	2	2 Sam. vi.. 5, Ezra iii. 10 ||| 2 Sam. vi. 5, Ezra iii. 10	Neh, xii, 27 ||| Neh. xii. 27
