vol	page	chapter	n	suspects
v1	405	23	35	Spain→span France→race Hungary→hungry certa→testa incerta→insert animo→animal neque→nexus etiam→elam prophetiam→prophetic allegorice→allegorical Scriptura→scripture indicet→indicate debere→desire cernere→centre imaginem→imagine Scriptura→scripture tamen→then illius→allies typum→type figuram→figure esse→less nisi→isai conformitas→conformity comparatione→comparative demonstratur→demonstrate unpoetical→poetical harbour→labour Hensler→hender Cyprus→cyrus Citium→cities commeatus→comments terra→ezra Cittim→victim masoreiic→masoretic Cyprus→cyrus
v1	353	19	29	Tanis→this ixsn→iron statesmen→statement certe→were fuit→must Belgio→begin Eodem→mode anno→into primum→prima civile→civil religionis→religion causa→case duce→much hinc→sins fuit→must regina→rezin religionis→religion sequenti→sequence anno→into Martii→margin Tsoan→than possint→point nunc→none etiam→elam sciant→cant sciant→cant indicent→innocent wenn→were wissen→wise
v1	304	15	27	IKIE→like irima→crime vectes→verses Eglath→eglaim Eglath→eglaim Eglah→elam Eglath→eglaim Egels→eyes Eglah→elam Eglah→elam horon→soon Eglah→elam Ejlun→ejus Eglath→eglaim postea→post antea→ants praematura→premature fibsa→firs nbsn→aben nbsB→ness TIQO→time Luitha→luhith nbSB→ness horon→soon iiss→sins Pilpel→piel isHs→isai
v1	212	10	26	Geba→nebo Geba→nebo Jeba→jews Geba→nebo Gibeah→sibmah Geba→nebo Geba→nebo Gaba→data sedes→sees Geba→nebo Ajath→hath Migron→iron Geba→nebo Ramah→rams Gibeah→sibmah Ramah→rams Gibeah→sibmah Jeba→jews Nablus→paulus Ramah→rams Ramah→rams Geba→nebo Ramah→rams Gibeah→sibmah Ramah→rams Gibeah→sibmah
v1	445	26	26	affaires→affairs testimonio→testimony liberum→liberty Prophetae→prophet mentern→enter Verum→very quidem→quid Deum→seem agere→were nobis→ibis recte→race homines→dominus esse→less illius→allies Spiritu→spirit simpliciter→simplicity docet→does Propheta→prophet omnia→omit bona→both quibus→quis rnanu→rank adeptos→adopts esse→less finem→wine plena→plan
v1	650	39	25	b'nb→bond Theasurus→thesaurus contends→content naiv→pain enim→evil poena→poet aliud→loud tamen→then praesentem→presented debuit→deut certe→were seculo→secure servire→serve praesens→present atque→true instat→insert requirit→require Ipov→upon yala→data omnes→ones mortui→mortal Jcen→then IESTI→isai Icall→fall JSVW→jive
v1	163	9	24	wbiu→ibis komme→some isto→into tempore→temple MNSp→must durabit→durable annos→amos modo→more initio→into finem→wine vitae→vice Domini→doing faciet→fact ardens→dens erga→ezra pios→sins insunt→sunt dabit→wait nobis→ibis servabit→servant bonum→bond principem→principal nmsb→ness Levita→levites
v1	272	14	23	iE'i→isai insg→sins VUJE→vulg ruht→must rastet→rate Erde→true bricht→rich Jubel→cube Jamne→same licet→like mihi→mine floa→from clamour→labour Ipsi→isai voces→goes sidera→idea Intonsi→intense ipsae→isai rupes→rule Ipsa→idea usus→thus ascendet→ascend Apocal→local
v1	568	34	22	thoes→this Zihim→sinim Ijim→item jicas→micah supp'ose→suppose spectre→secure pilosus→pious Seir→sees Horites→rites nocturna→nocturnal spectre→secure paid→page rrent→ment spectres→species spectres→species jections→mentions spectre→secure spectre→secure spectre→secure spectre→secure spectre→secure beliebt→belief
v1	108	7	22	Shalmeneser→shalmaneser Esar→year haddon→pardon Shalmeneser→shalmaneser Esar→year haddon→pardon Shalmeneser→shalmaneser Esar→year haddon→pardon Esar→year haddon→pardon Esar→year haddon→pardon suppp→super sition→sion tnaa→that traa→true lirs→sins schbn→scorn ganz→gone nicht→rich nicht→rich
v1	11	1	21	nnjE→once iispi→isai iDif→idea ferre→were quae→rule indictiones→indications potero→power vana→data Fiirst→firs rnxs→rams animo→animal Christol→christ isia→idea facta→data mihi→mine mihi→mine oneris→ones mihi→mine oneris→ones burthen→burden KIBS→sins
v1	339	18	20	Ethiopico→ethiopia Vogt→most Meroe→were Meroe→were anno→into absumi→absurd extendat→extent Meroe→were frps→from terrae→terror Huet→must Kahne→jahn insa→sins Wahl→ways Turan→than Strabo→straw Meroe→were Meroe→were Hensler→hender Dereser→deeper
v1	337	17	19	gegen→been Zeit→left nsni→none nnfea→infer tempestas→tempest paulo→paul sedata→data nulla→full amplius→implies ideo→idea redeat→recent subito→suit spem→them laeta→data Nero→very France→race historiam→historian hostium→hostile ignorare→ignorant
v1	581	35	19	quae→rule erat→that arida→ride fata→data vapoury→vapour Curtius→curious accendit→accent alia→also quam→quod vasti→last profundi→profound Hyde→have siaa→sins erit→evil fiWi→fire nsan→mean plaralis→plurals nsns→sins nxan→mean
v1	585	35	19	rvnn→even bestia→best violenta→violent violenta→violent unter→unto ihnen→then Thiere→here rvnn→even vindicati→indicate asserti→assert wandelt→wander labm→last redempti→redemption ibunt→sunt asserti→assert redempti→redemption gehen→then gehen→then dort→part
v1	246	13	18	heroes→here Lehrg→learn VBips→lips Croesus→cross yopi→your navra→para ayav→ahaz abundantes→abundant verbis→verb ferum→from tetri→term minaces→menace juxta→just adversis→adverse prosperis→prosper callidi→called superbi→super JOVZ→join
v1	311	16	18	Ahab→that paid→page Petra→ezra Petra→ezra Idumean→idumea paid→page Piua→pity Petra→ezra Strabo→straw Petra→ezra Trajan→train Petra→ezra Wady→made Irby→army Petra→ezra Petra→ezra Petra→ezra Petra→ezra
v1	584	35	18	nbibo→nebo munita→unity quia→suit erit→evil biboa→bible erit→evil illis→ibis erit→evil ipse→case illis→ibis viae→time erit→evil illis→ibis viam→view ihnen→then geht→left quidem→quid leves→sees
v2	269	53	18	Martini→margin tumulum→tumult violentis→violent Jubb→just rrea→read Thenius→theirs nntea→note Michlal→michael Jophi→josh Tttte→state Martini→margin nizte→size dabit→wait impios→implies divitem→divine morte→more miaa→mean nntea→note
v1	357	19	17	Alexandria→alexandrian Irheres→adheres oinn→sins fQie→fire Otfr→over Onias→ones Iken→then Hezel→here desolationis→desolation Onias→ones Dinn→sins pisn→pity Iken→then Moyne→more Onias→ones apos→amoz tatize→native
v2	272	53	17	insna→india Martini→margin experi→exert MessiaJ→messiah iniquitates→iniquities eorum→form ipse→case illi→will portare→posture pondere→wonder Christus→christ homines→dominus dando→land ipsis→ibis suam→same Martini→margin laymen→lame
v1	37	introduction	17	Poetica→poetical cotis→cats litura→literal incredulus→incredulous sagax→sage rerum→term unguem→undue voces→goes decies→dies temporis→temporal acti→acts occupet→occupy extremum→extreme Horace→race unguem→undue Persius→persia Virgil→virgin
v1	35	2	16	terly→very marg→part Maur→make terram→term wenn→were sich→sins erhebt→erect Erde→true bebt→left Maur→make anxn→aben sich→sins qu'on→upon faites→fate Gotzen→golden Silbers→silver
v2	106	44	16	nbis→this Gyndes→gender Thatof→that hbsia→asia rtett→text Astyages→stages literarn→literal sciens→sins intelligens→intelligent parvo→part apice→vice priori→priority Christologie→christology ttrn'→turn Strabo→straw Christologie→christology
v2	140	47	16	saidst→said downfal→downfall Curlius→curious nihil→nail wbis→this corruptius→corruption instructius→instruction Babylonii→babylon maxime→maxim vinum→vine quae→rule effusi→effusion ii's→sins nihil→nail nihil→nail Algiers→allies
v1	199	10	15	sume→sake ttna→tone Fiirst→firs ITSD→item itDn→iron intra→into fleeing→seeing bbtt→both Hezel→here orshall→shall xcHO→achor ueVi→evil erit→evil terrore→error einer→wine
v1	253	13	15	sidera→idea sein→sins lexx→left Hebr→head Bilder→wider Sterne→serve Himmel→himself sein→sins nicht→rich helle→here Sonne→gone gehet→meet Jinster→inter Mond→more dunkel→daniel
v1	297	14	15	JHJT→that personae→person rran→mean iriaa→prima Palaestina→palestine universum→universe pisia→lisa isia→idea Palestina→palestine hanc→have interpretationem→interpretation totam→total amplius→implies enim→evil communi→common
v1	326	17	15	ruinae→ruin Rezon→reign Rezon→reign Omnis→ones docet→does historia→history mundi→mind accidere→accident lusu→must quodam→quod Providentiae→providential Divinae→divine regna→rent iisdem→wisdom occidant→accident
v1	496	29	15	Nihil→nail consolationem→consolation velut→deut somnis→sons sitiens→cities quum→quod datur→data membris→members possit→post sitit→suit flumine→famine potans→plans Virgil→virgin staunt→sunt blindet→blind
v1	75	5	15	tiiYi→xiii bxin→been Deus→days ille→will ille→will Deus→days isipa→asia deserta→desert versa→very tarv→part aaia→data juxta→just ductum→dictum Bauer→base Durell→dwell
v1	186	10	14	instrurmint→instrument Asshur→assure Assur→issue veni→very vobis→ibis Assyrii→assyria wehe→were Assyrien→assyria Heus→head trie→this ille→will ipse→case tnrs→this eorum→form
v1	188	10	14	albrte→albert Calno→also prcbably→probable Calno→also Calneh→called Canneh→cannot Qrontes→quotes Arvad→read Rabba→rabbi Calno→also Calno→also Calno→also nicht→rich nicht→rich
v1	252	13	14	ntax→near ITSX→item vocat→goat merito→merit populi→popular enim→evil esse→less Intro→into crudeltm→cruelty judicem→juice putat→puts anaToi→anti zornig→morning pstn→pity
v1	274	14	14	spectres→species Holle→holy Hbhle→able Anglo→anger helan→head Holle→holy fiBn→fire rnbn→ruin spectres→species rntn→into unten→unto oben→then Chaldaer→chaldee DiTins→duties
v1	303	15	14	Hesbdn→heshbon Wady→made Hesban→husband nsrn→turn atbn→aben sbti→sets heroes→here Qwpot→spot heroes→here classicum→classics canant→cant faciant→faint tollant→holland sibi→sins
v1	408	23	14	iVrn→even Egypto→egypt animos→amos famam→fame Tyri→turn Egypten→egypt wenn→were Tyrus→true fuerit→merit Egypto→egypt niesa→lies Curtius→curious Carthage→carnage commerical→commercial
v1	54	3	14	dein→been Pobel→piel homines→dominus viri→very deine→wine tuum→them deine→wine entkr→inter ftet→meet desolata→desolate quae→rule erat→that Judaea→judah Capta→data
v1	572	34	14	lyivog→lying tiBp→time ululd→would jaculus→paulus habuit→habit rrna→rank fovei→foes fibss→firs ruinis→ruin altero→after Horace→race Priami→prima busto→must celant→cant
v1	228	11	13	thfti→that lafiid→laid nj'o→nebo mspb→moab rVbz→robe manum→many nisp→ness ixisn→ibis Parthia→partial Petrsea→persia Patures→nature Shinar→shear figuraatively→figuratively
v1	254	13	13	orbis→ibis terram→term universus→universe orbis→ibis Romanus→roman Ovid→evil meus→mean orbis→ibis fortium→fortify diminu→divine tion→then fi'is→firs avfa→afar
v1	292	14	13	Tnrx→turn lES'i→less Greece→grace Thrace→race Hungary→hungry terra→ezra atque→true suspicio→suspicion prophetiam→prophetic hanc→have loqui→loud hisce→hide nunc→none
v1	309	15	13	bfis→this Wady→made Ahsa→ahaz Wady→made Ahsy→they Kerek→were Gebal→meal Arnon→iron paix→page Ayall→fall heroes→here fiia→fire finbb→fine
v1	323	16	13	Mjoa→moon sieht→seat muhet→must Knobej→knobel zieht→might weint→wine m'aa→mean iripE→rise Ephraem→ephraim Syrus→syria Melech→elect nxba→nebo Tsta→data
v1	53	3	13	odour→four casa→data oivi→give zona→gone einen→wine mrpE→true niBp→nile rurps→turns fina→sins Pesh→less JTIK→join teint→ment adusta→dust
v1	587	35	13	ceux→deut TEternel→eternal paye→page rancon→canon nbis→this nnair→near monstrum→construe cept→left mecum→medium Dominum→dominus supplex→supply tempore→temple impleat→simplest
v1	84	5	13	riao→read iiber→wider einem→wine Tjdn→then adspectu→aspect Licht→rich regardera→regarded terre→true mais→this voici→vice avec→save ciel→view d'elle→dwell
v1	151	8	13	as'a→asia xoro→more angustia→augusti rrst→must obscuritas→obscurity nmao→near irna→idea nbsx→ness nbsx→ness ITHSE→thee qisn→zion npix→nail sibax→sinai
v1	169	9	13	lEStb→left komme→some sein→sins ganzes→gaze Volk→holy fcsn→fish Animadv→animal Philol→hill sisb→sins Herzen→here sagen→page iinT→sins irnm→from
v1	201	10	12	ligni→link ligna→link avrav→arab Horace→race numerus→numbers sumus→suits pecuniae→peculiar Ovid→evil numerare→enumerate pecus→ejus prae→page IBIDE→hide
v1	349	19	12	rvoix→void Sethos→sets Sioi→show dominationis→domination taisSx→tails pluralis→plural Sethos→sets Sargon→pardon Ochus→thus reine→wine nuja→aura Moeris→doers
v1	354	19	12	Alexandria→alexandrian elati→late quoad→quod angulo→angel isnn→isai Tanis→this extremae→extreme orae→true spiritualis→spiritual Aegypti→egypt spiritum→spirit nisnn→nine
v1	33	2	12	Meer→been Carthage→carnage Hensler→hender iStt→into Spain→span Baetis→bats pictae→picture Thesauro→thesaurus omne→wine visu→view Carthage→carnage Tunis→this
v1	466	27	12	tion→then lapj→last Saepe→sake mihi→mine mirari→mirage contingit→continuity homines→dominus imputare→impure Spiritui→spirit sibi→sins sapiens→happens nollet→noble
v1	43	3	12	portera→potter Fiirst→firs wiithet→writhe antea→ants erat→that domesticum→domestic patris→parts cognatum→cognate Hendew→hence Einen→wine seinen→seen Pesh→less
v1	46	3	12	habita→habit hominum→dominus Ansehn→unseen dant→part bonum→bond Burney→burn Omiah→omit ipsis→ibis faciunt→faint thaten→then sich→sins Comm→room
v1	508	30	12	tixa→time saJce→sake incon→into omnem→ones complures→compares heroes→here npisi→noise leacna→lean violentus→violent Lowe→more nrsx→ness Bisa→isai
v1	607	37	12	Gozan→zoan Haran→earn Rezeph→zeph DSmx→dumb vibx→view iicx→sick Gozan→zoan Haran→earn Carrae→care Crassus→classes Rezeph→zeph abib→aben
v2	94	44	12	nisi→isai demens→dens taixa→tail aixa→lisa d'nn→down sint→sins issa→idea Virgil→virgin Georg→glory itti→into sese→were magna→many
v2	256	53	12	Strabo→straw regno→rent cujus→ejus nulla→full hominum→dominus decor→door nulla→full magnificentia→magnificent fidt→foot wuEr→were loolc→wool Masorah→masora
v2	265	53	12	exactus→exact pocna→point respondeo→response sifTi→lift quia→suit ipse→case voluit→vomit xisri→isai feia→feet nnsp→ness tonsus→tongs Christus→christ
v2	364	59	12	noob→room venerit→benefit flumus→flames Domini→doing cogit→omit njrn→turn noob→room Polel→sole quia→suit veniet→denied hostis→host Domini→doing
v2	487	66	12	nisaa→isai rpna→rank undertaken→undertakes hinten→hint hinten→hint vQOis→quis irix→iron quidam→quid unatoj→unto rovf→room rotV→both rupeds→ruled
v1	177	9	12	Fiirst→firs Argen→aben Bosen→been nsun→noun Wesen→were Castellus→cappellus elevent→event Parchon→pardon nixa→next fumi→full tsin→this niso→also
v1	184	10	11	Verus→very arceant→accent judicio→judicial efficiant→efficient cadant→cant causa→case causae→case Avhom→whom naoia→asia sonn→sins fleeing→seeing
v1	191	10	11	Idov→idea rpaxs→rams idolis→idol inaa→idea Chebar→hear Oreb→more Thesauro→thesaurus ipSK→task PiTi→with ipsx→lips oflooking→looking
v1	209	10	11	Oreb→more Oreb→more Horace→race Syro→tyre Cyprus→cyrus EStt→best tfAe→true EttS→acts psoj→poor jEtti→wette jEtti→wette
v1	210	10	11	Aiath→with Migron→iron Aiath→with regionem→region Deir→year Diwan→down Migron→iron Migron→iron Migron→iron Gibeah→sibmah Jeba→jews
v1	249	13	11	lusus→less vroi→from allusio→allusion etymologiam→etymological genere→gene Domini→doing divinitus→divinity constitutae→constitute quibus→quis judicium→judicial exercet→exert
v1	250	13	11	iBiaa→ibis omne→wine mortalium→mortality Ovid→evil illis→ibis Melech→elect Livy→give capere→care metum→metal fshb→fish internum→internal
v1	279	14	11	isi'a→asia ISfte→site ista→data oitn→with Meru→very Hindoo→hinnom OQTJ→oath nsia→asia Hindoo→hinnom iBst→must Berge→were
v1	331	17	11	looti→foot erectas→erect operi→over manuum→tantum hiBSa→lisa Selden→seen miax→mean assn→aben fiati→fate aprica→prima statuas→states
v1	351	19	11	niis→this ryra→ezra rvhs→rams rivi→give fonte→gone fishermen→fisheries hooJc→hook fishermen→fisheries fishermen→fisheries tobac→total fishermen→fisheries
v1	369	20	11	Sargon→pardon Sargon→pardon Esdud→esau Sargon→pardon Sargon→pardon Marsham→marshy Sargon→pardon Sargon→pardon Sargon→pardon Aqva→asia Sargon→pardon
v1	549	33	11	allegorias→allegorical putet→puts quibus→quis tances→takes Virgil→virgin portae→mortal juvat→just Dorica→africa videre→vide rdictum→dictum Berodach→merodach
v2	306	55	11	Viae→time quibus→quis ipse→case incedit→inherit quibus→quis homines→dominus vult→must aiei→aben Aioq→amoz voog→room Croesus→cross
v2	345	58	11	deinen→seine Bissen→listen rotunde→round lucis→quis restat→rest meridies→mercies expectat→expect tibi→time dabit→wait Driessen→dresses ossa→loss
v1	95	6	11	Deus→days agit→suit propheta→prophet oblivit→oblivion testimonio→testimony manet→make eadem→made quaestio→question ista→data erit→evil intelligat→intelligent
v2	377	60	11	Strabo→straw Visn→view TGIB→this ibsi→isai hnata→data Tacitus→tacit Herod's→herds Credat→great Judaeus→judges zles→sees mysticis→mystical
v1	213	10	10	Gibeah→sibmah Stadt→seat Laish→last Laish→last Laish→last Laish→last Anata→data clivity→activity niras→firs misera→mise
v1	245	13	10	fiBiBs→ibis OQOV→prov avol→evil portae→mortal principum→principal voluntarii→voluntary aperite→appetite meine→mean sich→sins Pforte→fore
v1	310	15	10	Dimon→zion Dimon→zion Dimon→zion Dimon→zion Dimon→zion Arnon→iron Dimon→zion Dimon→zion Admah→admit Admah→admit
v1	332	17	10	raits→acts Horesh→fresh goim→room EJin→evil Evaioi→evasion aratra→arabia Sisera→misery Barak→back itsx→item itisa→lisa
v1	473	28	10	rvnos→ranks pluralis→plural can't→cast flcus→facts habet→have Athenis→thesis vocant→cant Ti'sa→lisa nsist→nest nann→many
v1	482	28	10	csrt→part orakel→oral visionis→vision significat→significant vulgo→vulg avoir→void DITU→with alia→also Jrrn→turn falsity→falsely
v1	517	30	10	dederit→desert gibt→give euch→each dedit→deut panem→page arctum→dictum aquam→equal modice→mode doctorem→doctors tuum→them
v1	567	34	10	tles→this spinis→sins Virgil→virgin spinis→sins surgit→suit acutis→acts SSBa→asia isii→isai Weide→were gramen→frame
v2	8	40	10	omnes→ones atque→true incidit→incident agros→arts hunc→hand alii→also proximis→proximity J'PS→jews raur→four Lehrg→learn
v2	170	49	10	JBSE→just Christo→christ Corpore→compare Scripiura→scripture mentionem→mention fieri→fire quae→rule Caput→cast quae→rule vero→very
v2	219	51	10	ofch→each eine→sins Lehre→were meine→mean Lehre→were EBTSE→else rnin→pain rrsx→rest CIBS→sins lixb→like
v2	258	53	10	s'ln→span frurn→four uwios→union fywr→four Martini→margin sciens→sins Martini→margin ntaa→near Martini→margin iriT→suit
v2	275	53	10	Martini→margin tini→sins tpsn→then Ktoa→know anbis→ants N'jn→noun Nitta→ninth tfitts→titus Ntba→nebo Ktoi→know
v2	352	59	10	laltl→last invocet→innocent willino→willing Hensler→hender voco→vice preferreth→preferred aara→part bona→both iriti→writ Nichts→night
v1	94	6	10	tamen→then KnovTe→note Videte→vide visionem→vision Angusti→august iterum→term Wetstein→western vrag→vulg oQav→oral vovv→move
v2	437	64	10	Poole's→pools bten→then susii→suit aegre→were homines→dominus nihil→nail scribere→scribe quae→rule ipsi→isai esse→less
v1	190	10	9	tence→once regna→rent regna→rent idoli→idol Gotzen→golden Gotzen→golden personae→person requirit→require veritas→merits
v1	255	13	9	Huet→must PBiat→beat TIBIK→ibis npix→nail Zohar→roar Ppix→pain ihEix→heir seltene→sentence VBIX→vain
v1	313	16	9	Arnon→iron edaces→races Virgil→virgin axia→asia nisa→isai Arnon→iron rnsa→rest Arnon→iron Arnon→iron
v1	26	2	9	certa→testa usus→thus nunc→none Virgil→virgin Ovid→evil Georg→glory coulters→counter Rosen→rome Hendew→hence
v1	27	2	9	Deyling→dying Sacr→sake Hendew→hence sicut→sick olim→omit oriente→oriental Engt→ment marg→part ftjts→facts
v1	30	2	9	latny→many diis→this digiti→dignity digiti→dignity betet→been vergib→verb ihnen→then nicht→rich Mensch→menace
v1	372	20	9	Sfia→suit latfi→late Egypten→egypt igno→into Sargon→pardon Thebes→thes Marsham→marshy Sargon→pardon siton→zion
v1	507	30	9	Hanes→have Tanis→this Hanes→have Awaig→away Hnes→sees Ehnes→thes Hanes→have Hanes→have Hanes→have
v2	91	44	9	WTOC→whom tytv→type Zsvs→uses caii→pain Dbte→data Christi→christ nihil→nail majus→mass esse→less
v2	242	52	9	Arrian→syrian wpov→upon eywv→eyes avide→hide nudata→data Tydeus→types Statms→state humeros→numerous ijni→isai
v2	247	52	9	morft→more Comm→room Akiba→asia Bolten→often disant→distant Philologico→philological critica→critic Rostock→stock Christologie→christology
v2	263	53	9	Greece→grace rrjg→ring orra→ezra Qeov→quod xaza→data spaBrt→part liess→less liess→less posuit→suit
v1	93	6	9	Isend→used dicit→tacit voluntas→voluntary nobis→ibis ibit→suit pluralis→plural sumus→suits naturam→nature sumus→suits
v2	456	65	9	preters→peter sLuo→soul na'a→data nichts→night anders→under TQan→then Meni→mean Meni→mean Meni→mean
v2	492	66	9	gentcs→ments Africam→africa Philae→pile Greece→grace Ionia→india Aristo→arise phanes→hands UQOL→upon precedino→preceding
v1	121	7	9	foreseen→foresee Rosenrmiller→rosenmuller srai→span Hagar→hear rtrs→ears nfinp→fine sagt→page seinen→seen Namen→same
v1	160	9	9	universam→universe sedet→sees Hensler→hender Bauer→base versa→very jnpi→anti ifsi→isai iina→sins Hensler→hender
v2	37	later-introduction	9	Christo→christ Corpore→compare Scriptura→scripture mentionem→mention fieri→fire quae→rule Caput→cast quae→rule vero→very
v1	14	1	8	inno→into oppresso→oppress corruptum→corrupt facite→fact contend→context agite→give enim→evil Jehova→jehovah
v1	17	1	8	Symm→same Waisen→wise halten→eaten kein→been deine→wine deine→wine Herren→here Narren→narrow
v1	221	11	8	odours→doers Hensler→hender irmn→army Nihil→nail nisi→isai spirabit→spirit odour→four odour→four
v1	258	13	8	Madai→made Japhet→tophet Dejoces→denotes vfias→firs olda→bold ovrs→over Ipol→upon vpaTa→data
v1	278	14	8	rsiaa→asia excisus→exists dejectus→rejects terram→term Iongum→tongue esset→else omnia→omit iabn→aben
v1	283	14	8	iterum→term propheta→prophet regem→seem deridet→decide siMi'an→similar deinem→seine klug→king werden→were
v1	289	14	8	nepos→ness isia→idea tempus→tempt nxsx→ness Abgrund→abound Nichts→night laajn→lean terens→terms
v1	317	16	8	njoa→noah ganz→gone muros→mars muros→mars cocti→cocc lateris→later tniD→this nichts→night
v1	38	2	8	Origen→arisen quia→suit excelsus→excess ipse→case Lyranus→tyrants wisset→wise nicht→rich hoch→holy
v1	430	25	8	Virgil→virgin muris→mars Capellus→cappellus totam→total Frato→fate TOfi→town paix→page QVit→evil
v1	479	28	8	istb→into Gebot→nebo Gebot→nebo Verbot→verb Verbot→verb Satz→sake Satz→sake dtti→data
v1	489	28	8	VTTO→into tp't→that ferro→hero mortales→mortal vertere→venture terram→term jFor→four semina→seine
v1	40	3	8	vovia→void clarum→alarm Gemeine→genuine falsa→also Judaeis→judges pariter→writer senem→sees Luth→with
v1	51	3	8	philologico→philological criticus→critic Jesai→isai Alberti→albert Lugd→land Braut→beat isti→into caiB→pain
v1	515	30	8	nolloi→follow omnes→ones nsrn→turn afiiua→africa BSCE→back ruhrt→hurt sich→sins nicht→rich
v1	527	30	8	npisn→noise ranxo→rank hesterno→western gestern→gesen Wltn→with usti→must rs'n→ruin Grube→true
v1	562	34	8	recom→room penses→sense contend→context nsix→asia Idumean→idumea Latium→latin Comines→comes Nero→very
v1	566	34	8	nobiles→noble heroes→here recolent→recent Horites→rites o'nh→oath Petra→ezra JrmB→army Horites→rites
v1	603	37	8	issn→isai Knappen→happen ecce→each illi→will ventum→tantum Libnah→sibmah embassador→ambassadors eventu→even
v1	617	37	8	asna→asia ab'ia→asia plify→pity Vilringa→vitringa Pnst→part rEip→read bsns→sins n'sp→ness
v1	619	37	8	monies→ones amnes→ones fregi→free Alpes→lies Padum→paul hausi→haps amnes→ones iiss→sins
v1	646	39	8	Hezckiah→hezekiah satthi→saith sottj→sort Berodach→merodach Bero→very dach→days Medorach→merodach Aramean→arabian
v2	33	41	8	expositio→exposition violenta→violent quae→rule nihil→nail sani→sins praefert→prefer enallao→enallage p'ls→pass
v2	97	44	8	himstlf→himself homines→dominus necessario→necessary constructioncs→construction quam→quod rnsv→rest ecies→lies sugo→such
v2	98	44	8	tohn→then Horace→race Olim→omit eram→from Quum→quod faber→aben esse→less Deum→seem
v2	143	47	8	trustedst→trusted asch→each sicher→silver deiner→winer seeth→sees rrjn→ruin saidst→said hftst→host
v2	178	49	8	facie→race France→race France→race nlbx→nebo Syenc→seen Calmet→came Lassen→asses Thebes→thes
v1	83	5	8	quia→suit Arrian→syrian ovrag→oral tonb→gone tobt→that nimmt→night Raub→race ohne→wine
v2	267	53	8	sros→show Zwingle→single causa→case judicium→judicial nnib→nail ipsis→ibis adhaeret→adhere impuri→impure
v2	283	54	8	tjao→that Fluth→flat derber→member Herbe→were Groll→gill voll→holy appropria→appropriate tions→sins
v2	303	55	8	ihee→then noverat→covert suae→sake membra→member ipsum→issue noverant→covenant etiam→elam ipso→into
v2	373	60	8	Justi→must iibi→isai divina→giving atque→true shctlt→shalt Tautologie→tautology it'as→ideas pESi→less
v2	379	60	8	cmrmst→christ elende→blended Conjectur→conjecture Spain→span Baetis→bats Spain→span Spain→span Spain→span
v2	420	63	8	Melek→meet omni→omit eornm→form ovds→adds avro→also avioi→viol irnx→iron olim→omit
v1	129	7	8	smce→sake pspia→asia Ephrem→ephraim Syrus→syria nsND→used oben→then unten→unto Prophetae→prophet
v1	180	9	8	tion→then Ephraimum→ephraim Manassen→manasseh Manassen→manasseh Ephraimum→ephraim Tbes→this Hebr→head Proph→prov
v1	40	introduction	8	protesta→protect tion→then ignes→goes suppositos→supposition cineri→winer neccessary→necessary foresaw→forest Philo→hill
v1	4	1	7	tyvw→type filii→fill dwrj→dark irrite→rite ibrm→form aTtyM→atom qaav→baal
v1	259	13	7	nrsn→noun Lehrg→learn overthrew→overthrow overthrew→overthrow overthrew→overthrow overthrew→overthrow Strabo→straw
v1	284	14	7	orbem→order domum→doom paid→page Belus→ejus dbis→this isia→idea nothimg→noting
v1	302	15	7	meon→been Arnon→iron Maein→mean unpa→unto Arnon→iron Dimon→zion Diban→dial
v1	343	18	7	fifi→wife rniK→ruin I'aa→idea ncun→noun knives→gives misn→mean rnnj→rank
v1	395	22	7	Sochen→kocher regis→eggs confi→confine dant→part domo→door palais→alas KWOJ→know
v1	420	24	7	d'ha→data diia→data welkt→well wclkt→wilt fallt→fact rntn→into gentium→genius
v1	424	24	7	ibns→sins taja→data Jarch→each thejires→theirs Urim→from Calmet→came Hensler→hender
v1	429	25	7	unedel→under tion→then mirabile→miracle fiaiES→faces rVMBS→rams Miax→mean Zephaniah→zechariah
v1	439	26	7	laia→data D'sx→dass fixa→fire steht→seat Zusage→sage yciD→said isin→sins
v1	470	28	7	avev→save HICF→high hi'n→high josk→book Salben→aben oivon→zion saucius→sanctius
v1	483	28	7	Ziona→zion Martini→margin Fidei→idea avoiag→avoid drqs→days essentiae→essential pEXE→page
v1	486	28	7	lilce→like Geba→nebo Uzzah→uriah Uzzah→uriah Achan→ahaz Perez→were rrjl→eral
v1	41	3	7	vultu→vulg Leute→left roqpo→rope weise→were gute→gone ptOT→part mystici→mystical
v1	47	3	7	justum→just praedicate→predicate beatum→beat preiset→praise dicite→cite Pitr→with sianb→sins
v1	48	3	7	pluralis→plural leyden→eden deine→wine overthrown→overthrow therof→hero Dulders→rulers Raub→race
v1	52	3	7	boxes→goes acus→thus acus→thus Pjas→alas mxce→make feinen→fine Zeuge→edge
v1	516	30	7	ikon→upon weinen→wine weinen→wine sollst→souls nicht→rich respondit→responding tibi→time
v1	519	30	7	finssa→finds rosn→room cntn→into Virgil→virgin fruges→rules cultu→cuts enatae→enable
v1	520	30	7	tacere→there quam→quod Vjso→also peye→page wnni→wine VOVQ→move Jrtn→arts
v1	522	30	7	Deus→days omni→omit laude→made Martini→margin pirna→para ardens→dens nxtoa→extra
v1	579	35	7	ISIE→size animo→animal ferre→were recom→room penses→sense adducet→adduce retributionis→retribution
v1	626	37	7	Sethos→sets Sethos→sets Sethos→sets SGIM→seem valour→value Libnah→sibmah befell→fell
v2	10	40	7	ptna→para so'a→sons ptrja→para filbsB→fills iato→data paid→page paid→page
v2	46	42	7	ecce→each avOQ→amoz Hensler→hender Stte→sake vlog→vulg Gottes→goes njrp→harp
v2	126	46	7	Belteshazzar→belshazzar Belesys→bless seein→been s'taa→stay Xerxes→sexes iWESj→west x'fiv→xxiv
v2	137	47	7	SttB→sets Qwaos→ways resistet→resist mihi→mine venp→very eance→each downfal→downfall
v1	63	5	7	hasled→asked cour→four tesy→very amat→that colles→calls Virg→very Georg→glory
v1	73	5	7	revellers→travellers Holle→holy Hohle→holy adqs→acts aSBS→acts iafia→asia revellers→travellers
v2	211	50	7	allof→also jjie→join nemo→need necessario→necessary downfal→downfall fKia→fail apolo→pole
v2	240	52	7	Stimme→time iioq→zion avajj→avail aitti→anti sich→sins weideri→wider nwtt→next
v2	350	59	7	sondern→wonder sondern→wonder bislang→island waren→were pnsn→pain VKSS→less proferi→proper
v1	89	6	7	alterum→altered conversus→converts unitate→unite yixn→zion Wesen→were nixsa→lisa Nordh→word
v2	375	60	7	fenn→been inundatio→inundation Strabo→straw Shebn→then Modion→moon innog→into ntes'→ness
v2	418	63	7	mbnn→mean ra's→days Crowes→comes vsta→data parallelismo→parallelism diess→less Parallelismus→parallelism
v2	448	65	7	noke→sake noch→each sagt→page spbx→span Ipov→upon Thenius→theirs Hagg→page
v1	106	7	7	Tabeel→table faire→fire bresche→breach Tabcel→table Aramean→arabian Comm→room Albam→alas
v1	114	7	7	Bauer→base Hensler→hender Faber→aben veavie→leave Immanucl→immanuel rovro→roar olov→flow
v1	136	8	7	propera→proper direptio→direction filb→will deth→with Joash→josh mihi→mine ivgds→ings
v1	176	9	7	mustta→must Tnma→time sich→sins leiten→eaten lassen→asses DStt→data populo→popular
v1	194	10	6	moenia→media sicut→sick Fiirst→firs ssxa→asia pipio→pipe Trogus→troops
v1	222	11	6	feits→feet mninx→mine jThe→then rpsi→rest undoubt→doubt edly→only
v1	223	11	6	stB'n→stain ntst→must iian→mean Tian→then nisp→ness rtTx→rate
v1	231	11	6	Ahab→that Jehoash→jehovah rviin→vain nnbs→ones Tn's→this Neid→head
v1	240	13	6	facto→acts foreseen→foresee Horace→race Virgil→virgin Racine→race Aris→this
v1	262	13	6	lisw→less p'Un→pain StiJ→suit satyri→satyrs Apocal→local asiQ→asia
v1	267	14	6	WBCS→ways lyrt→part iria→idea eliget→light Mibi→mine nnsb→ness
v1	320	16	6	ronx→room fletu→feet jTns→sins nicht→rich aeque→argue absurde→absurd
v1	335	17	6	iitt→with Ovid's→david's Qualia→quasi faciunt→faint procul→proud sonat→seat
v1	341	18	6	rfjten→often IUBB→cube BIIE→time aiiaa→asia Iciki→icing rioi→room
v1	388	22	6	ntik→neck gayety→safety pbbn→aben fleeing→seeing MUpa→must vriJ→vain
v1	394	22	6	forgiven→forgive forgiven→forgive frin→from msiaj→asia forgiven'→forgive forgiven→forgive
v1	398	22	6	novov→novel xaxav→xxiv xaxoi→xxxvi rvni→rank naia→data France→race
v1	407	23	6	Zidon→zion Zidon→zion iS'a→idea tiso→this extuli→exult virgines→virgin
v1	422	24	6	revellers→travellers irnp→iron unda→unto lahm→last siias→sins fixn→fire
v1	443	26	6	IITKS→rites pafove→above embold→bold ened→used rrinb→ruin Gott→both
v1	510	30	6	nfcm→neck cameli→came nattj→matt raaj→read sitzt→size rrte→true
v1	543	33	6	personae→person possessio→possess nsnx→none avToig→avoid abana→aben heroes→here
v1	551	33	6	Capellus→cappellus TSib→this asba→asia gutture→future nulla→full Medo→mean
v1	558	34	6	volumen→column tempestas→tempest contraxit→contrast coelum→column sicut→sick nbss→less
v1	559	34	6	niai→isai Idumean→idumea ivie→evil voraus→morals Herods→hero Idumean→idumea
v1	601	37	6	Vist→must sattr→matt iwin→wine mainVi→main habeo→have Sardis→wards
v1	628	37	6	Ararat→apart Aramean→arabian Nergal→eral Ararat→apart Ararat→apart Ararat→apart
v2	13	40	6	tribus→tribe rVir→evil molem→more terra→ezra TQIU→this inyov→into
v2	16	40	6	uber→aben rrnn→ruin a'way→away nVcn→even allu→also sive→sins
v2	17	40	6	achten→acted pendens→renders staterae→stature pntf→into pntJ→into citlos→cites
v2	22	40	6	pflor→flow niis→this oblationis→oblation ttinn→thine sapiens→happens figtree→figure
v2	24	40	6	xoiJ→toil wollt→will nicht→rich wollt→will horen→more isahs→isai
v2	62	42	6	desolabo→desolate nisx→ness DCIU→dieu Pixd→pity cttis→this fiSBK→fish
v2	79	43	6	Fiom→from Targuin→targum lonians→loins sisb→sins tnrj→turn tvnsx→tense
v2	101	44	6	keinem→seine Falle→full passend→passed pasci→pass metaph→metal urative→native
v2	130	46	6	vxfire→fire fiiia→xiii niix→nile avdoi→avoid irsx→firs tirx→time
v2	160	48	6	quam→quod urgeo→urge neque→nexus nnea→idea na'ia→asia vocan→zoan
v1	66	5	6	amplius→implies vinae→wine meae→head noch→each meinem→mine thun→this
v1	70	5	6	Pesh→less Horace→race pocula→popular partem→part solido→sold Spernit→spirit
v2	271	53	6	contritus→contrite Martini→margin icaa→idea rxsn→ruin Martini→margin executus→execute
v2	309	55	6	Virgil→virgin ipsi→isai monies→ones psss→less Simonis→sions xovv→move
v2	338	58	6	aiss→sins morti→more fying→king subjectos→subject fiis→this Naboth→both
v2	341	58	6	rraa→read rrao→read fiftni→fifty Augustine→augusti seculi→secure perfectum→perfect
v2	344	58	6	Persius→persia rideto→ride digitum→dictum intende→incense digitum→dictum hunc→hand
v2	346	58	6	thcc→this sisa→sins cbi's→ibis rTrb→verb riri→fire terram→term
v2	353	59	6	i'Bs→ings rnsit→rest rnit→suit confotum→conform fnwi→anti schlange→change
v2	356	59	6	JIMES→time abxa→aben trrx→true Bauer→base gemitus→genius ipsum→issue
v2	484	66	6	comfortelh→comforted yrit→suit trostef→trusted rfes→sees Mannes→man's converso→convert
v2	500	66	6	Jian→mean erunt→sunt visionis→vision frojn→from partaken→partake dieth→with
v1	148	8	6	Cocreius→cocceius Deus→days vult→must perdere→perverse mentat→ment inti→into
v1	5	1	5	Ovid→evil habet→have nobis→ibis hbnb→hand abiit→about
v1	7	1	5	sicut→sick hostili→hostile a'pt→kept nasna→asia c'nt→ment
v1	15	1	5	wollt→will IJTS→into rjis→this fiov→from musset→must
v1	18	1	5	Arbeit→albert gegen→been purum→pure justae→just oiiD→kind
v1	187	10	5	populum→popular ofForerius→forerius populum→popular duriter→writer decrevi→decree
v1	215	10	5	Madmen→made JiPSh→josh fleeing→seeing for'a→form hitt→with
v1	225	11	5	hordei→order plures→pure gentium→genius foeno→foes riaig→rain
v1	290	14	5	mentiar→mental antitnesis→antithesis nipn→noun twefth→tenth Horace→race
v1	308	15	5	desolationes→desolation erunt→sunt herba→here viror→iron JSAIAH→saith
v1	318	16	5	overcame→overcome pTUB→paul missiones→mission Szalt→seat Ramoth→moth
v1	330	17	5	amiral→moral fiiis→firs iBrt→part IBSO→into fwia→fail
v1	333	17	5	culta→cuts habebit→habit wachsen→watchmen anss→less sntn→span
v1	24	2	5	Henders→render fitn→with yitn→with Hdwk→hewn Umbr→dumb
v1	389	22	5	wsttn→wette istb→into sittJ→site scutis→cuts Cesar→year
v1	401	22	5	hang→have XXXS→xxiv msss→must desio→devil maax→mean
v1	438	26	5	Heil→head geben→been Mauern→maker mici→much QiTei→site
v1	440	26	5	FiVrn→fire Jehovae→jehovah rupes→rule esscntiae→essential essentiae→essential
v1	447	26	5	DTia→data heroes→here laTQol→lation avaaT→vast covai→coal
v1	475	28	5	eine→sins Kranz→rank causa→case bello→well portam→mortal
v1	49	3	5	fucare→care Virg→very frech→rich werfend→defend rfin→pain
v1	521	30	5	ipse→case mihi→mine visus→views melius→genius nitent→tent
v1	532	31	5	fcia→fail transibit→transient fugit→suit casam→case Zwingle→single
v1	542	33	5	Spain→span pptts→puts giert→gift etre→true magnifie→magnify
v1	576	35	5	hoch→holy sprosst→sprout ganz→gone germinans→germans nrrt→part
v1	580	35	5	tion→then quibus→quis intelligere→intelligent licet→like allegoricum→allegorical
v1	592	36	5	Joah→both Joah→both tHBX→this SHBK→show Isay→isai
v1	594	36	5	ifthou→thou ansrn→angry Joah→both Aramean→arabian Aramean→arabian
v1	623	37	5	rrso→also trrnu→turn urno→turn avTo→into bisx→base
v1	624	37	5	Virgil→virgin portae→mortal juvat→just Dorica→africa videre→vide
v1	635	38	5	TPIEX→piel swii→suit rraia→rain Scheidius→schmidius vyei→view
v1	56	4	5	rnaa→read rres→sees Personale→personal Staates→state xmttE→wette
v2	30	40	5	Furst→must moulting→melting assument→assume Hensler→hender moulting→melting
v2	42	41	5	sraito→saith accedant→accent vestra→extra quae→rule esse→less
v2	88	44	5	utero→term esse→less liti→with nemo→need esse→less
v2	133	47	5	downfal→downfall Cowper→lower Cowper→lower downfal→downfall downfal→downfall
v1	64	5	5	Sorek→more lacus→acts eivi→evil adhuc→adduce uvis→this
v1	72	5	5	Hendew→hence Umbr→dumb ttfan→than fita→with nobiles→noble
v2	235	52	5	erns→sins GExa→next Sjna→sins IOBX→robe PSEP→used
v2	282	54	5	ONEPI→ones rnsn→ruin FQITS→firs Weib→were Herzens→heavens
v2	287	54	5	TjiBa→tribe ordinem→ordained rnsb→rest fisnj→fine ttEn→then
v2	298	55	5	denomi→denote euer→seer euer→seer hort→part pinsp→sins
v2	319	57	5	nulla→full probabilem→probable mjeans→mean denn→been denn→been
v2	321	57	5	nsis→this nVis→this onena→ones nstw→nest Mjit→must
v2	324	57	5	olivi→live Thales→thes dein→been lusus→less tnax→that
v2	330	57	5	xtea→idea holij→holy tiinj→thine cipa→city yisaix→isai
v2	336	57	5	ipso→into exchangintf→exchanging Deus→days meus→mean contends→content
v2	347	58	5	rvito→vitr Ilitzig→hitzig isnp→isai cinp→sins raits→acts
v2	355	59	5	tentious→mentions irpr→iron itli→isai Vitiinga's→vitringa's Croesus→cross
v1	98	6	5	Leere→were ening→king ftot→from extirpa→extra tions→sins
v2	414	63	5	Croesus→cross overthrown→overthrow Sardis→wards pisn→pity fiin→pain
v2	424	63	5	Itst→must rvro→hero niss→sins rtson→reason ipja→idea
v1	124	7	5	waJj→ways izna→ezra as'f→asia Joash→josh blosses→closes
v1	155	9	5	Christol→christ InMi→into innaia→india ussa→used navrl→nail
v1	172	9	5	OQOS→ones aaar→ahaz tumultum→tumult vertet→verse tumulum→tumult
v1	26	introduction	5	Jesaiah→isaiah Esaias→isaiah Haaia→asia pEij→pain ftex→foes
v1	58	introduction	5	Alexandria→alexandrian Gcsenius→genius Origen→arisen Alexandria→alexandrian Origen→arisen
v1	59	introduction	5	Michlal→michael Jophi→josh Melech→elect Abendana→abundant Fagius→fails
v1	66	introduction	5	lications→citations Critici→critic Sacri→sacred paid→page paid→page
v2	22	later-introduction	5	downfal→downfall Justi→must Bauer→base biassed→passed undertaken→undertakes
v1	16	1	4	urbs→arts Nor'dh→north scelus→scales vdan→mean
v1	21	1	4	butm→both ibsfe→issue theTme→them versa→very
v1	183	10	4	scribere→scribe statuta→stature laborem→laboured inra→ezra
v1	193	10	4	rviss→rise eorum→form fixa→fire eorum→form
v1	195	10	4	trotzen→trodden ta'nn→taken pluralis→plural sraft→seat
v1	196	10	4	reeino→rezin ardebit→ardent ardebit→ardent ardendo→ardent
v1	198	10	4	II'K→sick igne→wine Qyog→quod visvip→vivid
v1	204	10	4	consummatio→consummate dwaio→wait Gvry→very qaaS→days
v1	206	10	4	consummatum→consummate Asshur→assure IVSK→task Syro→tyre
v1	218	11	4	szkv→sake Bauer→base vald→land sfost→most
v1	219	11	4	srjrn→scorn JtEsn→test forti→form tude→true
v1	224	11	4	isia→idea attb→acts virp→very rophecy→prophecy
v1	236	11	4	intepretations→interpretation munita→unity SPSS→sins Ktst→must
v1	244	13	4	visio→vivid Christologie→christology Cito→with Ktea→idea
v1	261	13	4	Christol→christ VTIX→vain Strabo→straw tpmx→time
v1	269	14	4	btia→asia btiJE→time sri'n→sion rcmE→same
v1	285	14	4	aiab→ahaz gladio→glad gladio→glad nsns→sins
v1	287	14	4	lictores→pictures Kolln→kill Varr→part diis→this
v1	321	16	4	nemo→need Palul→paul wilden→wild Larm→part
v1	322	16	4	lafv→left totus→thus haoa→have ftao→fear
v1	348	19	4	xtea→idea vopoe→hope Sethos→sets resemb→resemble
v1	352	19	4	nitt→with sericum→serious iaax→isai ttisa→this
v1	366	19	4	XTiJ→xiii baniu→bank mbiB→main Graeco→grace
v1	25	2	4	movebunt→movement werden→were sich→sins Hendew→hence
v1	31	2	4	Pesh→less Pesh→less hominis→dominus Comm→room
v1	377	21	4	iafi→isai lai'a→laid ijjia→india nsiba→asia
v1	382	21	4	Seir→sees Seir→sees Seir→sees N'np→none
v1	410	23	4	Zidon→zion Zidon→zion nbina→nine Zidon→zion
v1	411	23	4	asaa→ahaz iiBS→sins Shinar→shear Tnir→this
v1	413	23	4	Jcing→king Jcing→king QOVO→move Zedekiah→hezekiah
v1	442	26	4	Ferse→were iofeet→feet souVs→sons Ruhm→room
v1	449	26	4	asnb→arab pova→post IOVO→into ttinb→thine
v1	450	26	4	iaSD→last greai→read eine→sins bafi→back
v1	457	27	4	Orjf→oral adog→amoz irna→idea fleeing→seeing
v1	467	27	4	Wady→made TTIK→this unseyen→unseen insb→sins
v1	471	28	4	istt→into irui→true terram→term rnsn→ruin
v1	476	28	4	taumelt→tumult njai→isai JixH→with functione→functions
v1	488	28	4	mrri→more Waizen→waken Reihen→reign Gerste→verse
v1	495	29	4	levibus→levites ventis→ments somno→sons spes→sins
v1	498	29	4	iiber→wider Schrift→christ iaaa→data rnsha→rush
v1	44	3	4	refisal→refusal Pesh→less medicus→medium Artzt→arts
v1	523	30	4	tottj→total treibe→tree fera→very travers→rivers
v1	525	30	4	fnons→sons ibia→idea recht→rich lang→many
v1	534	32	4	izrs→ezra srti→sort nsai→said atfl→atom
v1	550	33	4	Tc'y→they doctus→dictum legis→less accomptant→accompany
v1	561	34	4	Raumer→ruler Thibet→thine cfcn→corn Virgil→virgin
v1	573	34	4	tJOp→thou httSK→task irrs→ears Simonis→sions
v1	599	37	4	Joah→both Zedekiah→hezekiah Ahab→that Micaiah→micah
v1	609	37	4	DIIBD→died literae→literal Thibet→thine imms→rams
v1	627	37	4	abiit→about excessit→excess evasit→east erupit→fruit
v1	640	38	4	constructio→construct praegnans→pregnant cLfc→calf Metheg→gether
v1	647	39	4	smbs→sins Croesus→cross cellam→elam nals→days
v2	5	40	4	dsoii→soil qpow→show ittx→into esthetic→aesthetic
v2	19	40	4	rftis→rites Hype→have rion→room sint→sins
v2	26	40	4	blew→been Vbxs→ibis praeterita→preterite prophetica→prophetic
v2	35	41	4	ao'p→comp usus→thus xsin→sins Croesus→cross
v2	37	41	4	vpeit→veil TTOTS→tops ovres→over ssiti→suit
v2	39	41	4	trra→true mortui→mortal estls→evils redde→read
v2	60	42	4	efferat→effect desertum→desert pagos→page Petra→ezra
v2	61	42	4	zelo→well militaris→military peritus→merits riiOp→riot
v2	92	44	4	Witt→with riri→fire Jarch→each dMsre→more
v2	96	44	4	ttnn→then tincto→into ochre→care ltft→left
v2	104	44	4	httx→hath avrov→prov trtis→this madmen→made
v2	115	45	4	WECJ→were ibxiy→ibis xiiS→this rwst→must
v2	145	47	4	nnia→asia nescis→ness inttj→into inta→data
v2	148	47	4	nbns→sins esnb→esau nbra→ezra csnb→cant
v2	165	48	4	wenn→were animum→animal aures→sure animum→animal
v2	176	49	4	Jiia→join animo→animal tfssa→testa tokenof→token
v2	190	49	4	nimis→ibis toaov→took mihi→mine rrnex→renew
v1	69	5	4	itable→able hi'n→high reihen→reign iube→rule
v1	76	5	4	ibana→bank Theod→then Observ→observe Crit→suit
v1	78	5	4	fallax→fall hardi→hand heroes→here heroes→here
v2	198	50	4	Jihovah→jehovah Drirp→drop Selden→seen paid→page
v2	209	50	4	whoso→whom whoso→whom nssi→isai Trajan→train
v2	222	51	4	quivis→quis einem→wine sicut→sick sicut→sick
v2	225	51	4	uisx→wise IEJO→into Hdlle→hill sendcn→send
v2	236	52	4	bttSa→bats tohave→have triumphis→triumph fKSTa→fast
v2	261	53	4	bbina→bind deriva→drive bVna→bond Tribd→arid
v2	297	55	4	wohlan→woman aufl→paul omne→wine sitiens→cities
v2	317	56	4	Icnow→know tesa→less inat→that omnes→ones
v2	322	57	4	srri→sort Persius→persia Livy→give paid→page
v2	325	57	4	Lares→lies fina→sins rrcn→race psra→part
v2	327	57	4	cbira→bird quidem→quid imao→into l'sa→less
v2	332	57	4	teaa→head exor→door bitant→extant gingen→given
v2	335	57	4	purchas→purchased vpaTa→data ayQia→asia Ovid→evil
v2	340	58	4	crives→rites hang→have Ahab→that Tages→page
v2	357	59	4	atea→data pito→with whoso→whom wurde→were
v2	361	59	4	Jubb→just fpnn→span humour→hour overthrown→overthrow
v1	88	6	4	flics→lies natur→later Origen→arisen faciem→face
v2	382	60	4	innB→into copia→copy CWID→said rirpT→riot
v2	415	63	4	trtK→true Hagg→page contend→context Croesus→cross
v2	428	63	4	deine→wine grosse→rose sich→sins gegen→been
v2	435	64	4	rrij→ruin aquae→abuse igne→wine itini→icing
v2	450	65	4	sondern→wonder ausser→asses Boaz→both personae→person
v2	470	66	4	defin→rezin downfal→downfall Kritik→critic Herods→hero
v1	117	7	4	ashub→shut quidam→quid iiclL→will orpledges→pledges
v1	119	7	4	deserta→desert erit→evil renewea→renew Tsaiah→saith
v1	126	7	4	contri→centre butions→nations teta→data nihil→nail
v1	144	8	4	Orig→omit Joab→load Wipn→with piya→pity
v1	157	9	4	paid→page ogether→other aaia→data iiab→isai
v1	158	9	4	violenta→violent ttte→true solet→sole esse→less
v1	173	9	4	vollem→valley pleine→line inasn→ings Lehrg→learn
v1	15	introduction	4	TIQO→time prae→page praedico→predict TIQO→time
v1	23	introduction	4	Heberew→hebrew crai→isai ayio→also Philo→hill
v1	32	introduction	4	antiquirt→antiquity colourable→honourable GefM→left GefM→left
v1	36	introduction	4	ctical→critical Stat→that ratiom→atom voluntas→voluntary
v1	69	introduction	4	xxin→pain membra→member Horace→race Goethe→gether
v1	73	introduction	4	xxxvn→xxiv xxvm→xxiv xxxvm→xxiv ically→call
v2	14	later-introduction	4	Sweden→seen Spain→span downfal→downfall downfal→downfall
v2	26	later-introduction	4	heroes→here statesmen→statement foreseen→foresee ecially→equally
v1	8	1	3	turris→turns Comm→room rniis→ruins
v1	12	1	3	fi'W→view plenae→plea Theol→then
v1	13	1	3	causa→case causa→case totfi→total
v1	226	11	3	n'tf→note lacte→date kaum→paul
v1	237	12	3	piac→pity siiaj→sinai sttjy→stay
v1	248	13	3	Michlol→michael Jophi→josh irtv→into
v1	265	13	3	wohes→goes fyeen→been Milton→molten
v1	276	14	3	reden→been uraa→eral praegnans→pregnant
v1	282	14	3	quae→rule evidentia→evident diutius→duties
v1	294	14	3	miaa→mean hemmen→heaven avertet→avert
v1	295	14	3	Cyprus→cyrus paid→page Jehoram→jehovah
v1	314	16	3	fiWs→sins laran→earn harbour→labour
v1	315	16	3	Stfta→state n'ns→sins sxfa→safe
v1	316	16	3	boured→bore aturally→actually Ehtn→then
v1	344	18	3	nisten→listen liegen→siege Meroe→were
v1	361	19	3	rrni→rank FPiii→xiii principem→principal
v1	371	20	3	facie→race attJ→acts irbu→iron
v1	391	22	3	aafc→safe rnirn→ruin isirt→sort
v1	396	22	3	Joah→both Petra→ezra ftia→fail
v1	421	24	3	itbx→item fibnx→fine nbsx→ness
v1	425	24	3	inft→left formido→formed Milton→molten
v1	427	24	3	fiVia→five siaix→said foregoes→foregone
v1	433	25	3	diawB→draw laia→data raib→race
v1	436	25	3	inixn→union nnia→asia firtu→fire
v1	437	25	3	imsa→idea ixao→into amutt→must
v1	444	26	3	nxip→nail anyother→another bsstn→best
v1	448	26	3	nprn→span iisp→wise terrae→terror
v1	452	26	3	pEip→keep parogogic→paragogic Umibreit→umbreit
v1	455	26	3	nunc→none Aramean→arabian BSES→been
v1	458	27	3	inaccura→inaccurate cies→sins ttss→this
v1	477	28	3	tixis→this tellement→element plein→pain
v1	480	28	3	ftSW→flow nnwa→news fisjj→fish
v1	493	29	3	moeror→morrow heroes→here irmi→isai
v1	45	3	3	conata→cognate downfal→downfall Zedekiah→hezekiah
v1	513	30	3	sherd→head rvirs→firs Sherd→head
v1	524	30	3	SjSta→testa excidit→exhibit vriga→prima
v1	536	32	3	maJce→make ttjta→testa nphn→span
v1	546	33	3	firel→fire exerlasting→everlasting ignis→ings
v1	564	34	3	Petra→ezra Tafyle→table regulam→regular
v1	598	36	3	Joah→both confer→offer Joah→both
v1	604	37	3	Libnah→sibmah Libnah→sibmah Libnah→sibmah
v1	605	37	3	Strabo→straw xcoy→copy Tacitus→tacit
v1	612	37	3	tycs→this Greece→grace inbu→into
v1	615	37	3	IIBS→sins insiais→insists IPWS→jews
v1	620	37	3	TJPSI→tops Vtrr→very shouldt'st→shouldest
v1	629	38	3	evsia→evil trttM→truth roig→room
v1	631	38	3	urbs→arts ijsri→isai eventu→even
v1	637	38	3	seeii→sees ovou→over loth→with
v1	648	39	3	Hezc→head Jciah→judah ah's→this
v1	58	4	3	confer→offer unpoetical→poetical Pesh→less
v1	60	4	3	jiaa→lisa Hengst→height Hengst→height
v2	1	40	3	fcific→pacific popuh→pope dicet→vice
v2	2	40	3	natti→matt terita→merit prophetica→prophetic
v2	12	40	3	ovaa→over Melek→meet pirw→part
v2	21	40	3	tthn→then srfn→span Poel→goes
v2	51	42	3	personam→person efferet→effect dabit→wait
v2	54	42	3	ji's→sins pluralis→plural thett→then
v2	72	43	3	tlwu→town thysclj→thyself Meroe→were
v2	75	43	3	arxin→ruin educ→edge xrin→pain
v2	89	44	3	bles→been nstn→noun pris→this
v2	93	44	3	ipsi→isai vident→vide extraordinaria→extraordinary
v2	117	45	3	iino→sins Solinus→dominus longi→long
v2	123	45	3	Icnee→inde lyco→hypo Munde→made
v2	147	47	3	Tfnss→tense augures→argues coeli→joel
v2	157	48	3	Iknew→know Egypto→egypt ventre→centre
v1	68	5	3	Hendew→hence Umbr→dumb Milde→made
v1	71	5	3	noctem→note ducam→dual gayety→safety
v1	79	5	3	nsnb→none flamma→flame Flamme→lame
v1	81	5	3	Umbr→dumb vovg→vulg Hieroz→hero
v2	205	50	3	Horace→race Persius→persia contended→intended
v2	207	50	3	undertaken→undertakes contend→context contend→context
v2	229	51	3	ixfi→isai Hirsch→harsh awrhor→achor
v2	231	51	3	niin→pain rian→mean valour→value
v2	233	52	3	rvati→rate n'lJ→nile Tnus→this
v2	239	52	3	decorus→records iteaa→idea svog→show
v2	245	52	3	Schuster→cluster Judaismus→judaism historico→historian
v2	251	52	3	thoitgh→though rnida→ride Comm→room
v2	254	53	3	Martini→margin isatg→isai Martini→margin
v2	288	54	3	rrij→ruin bsna→bond sjnto→into
v2	315	56	3	alterna→altered tions→sins aetate→state
v2	316	56	3	imma→idea terial→eral fiYn→fire
v2	328	57	3	Zwingle→single Thenius→theirs bsrj→bore
v2	342	58	3	n'ma→name vagos→amos arog→from
v2	360	59	3	scopi→copy singularum→singular vocum→volume
v2	367	59	3	icor→door befcr→bear exampie→example
v1	86	6	3	facie→race facto→acts nanx→many
v2	372	60	3	pirnn→iron Chardin→chain latere→late
v2	395	61	3	Alexandria→alexandrian coronam→horonaim cinere→winer
v2	398	61	3	Scheid→shed remarkaable→remarkable Achaia→chain
v2	405	62	3	justum→just tuurn→turn tuum→them
v2	407	62	3	bsii→isai vth's→this plaralis→plurals
v2	411	62	3	asjn→aben Worte→were eadem→made
v2	423	63	3	repreted→repeated seni→sins rjtl→real
v2	427	63	3	Frana→rank isnan→span Hagg→page
v2	440	64	3	ftns→sins finx→sins ifora→form
v2	473	66	3	oitn→with tanv→than ciiing→icing
v2	476	66	3	transl→trans iting→king pluralis→plural
v2	482	66	3	undertaken→undertakes nefl→left betne→been
v2	495	66	3	counes→ones rinsa→sins rmao→read
v1	103	7	3	frft→from conferred→inferred Teiche→teach
v1	131	7	3	tfii→this fijft→lift Boswell→bowels
v1	140	8	3	nsrt→part Arrian→syrian iTbs→item
v1	141	8	3	acsi→acts terra→ezra erit→evil
v1	142	8	3	seyd→head Volker→older TBtn→then
v1	143	8	3	existet→exist existet→exist ayity→pity
v1	152	8	3	vasrt→part arbi→arts trary→targ
v1	153	8	3	poterit→posterity nspn→span Galilaea→galilee
v1	154	9	3	Fiirst→firs MaVs→days msba→asia
v1	174	9	3	Comm→room fiss→sins paax→page
v1	175	9	3	fcODS→foes istj→into expresison→expression
v1	179	9	3	rapiet→rapid isaas→isai avrov→prov
v1	33	introduction	3	Onias→ones eventu→even Vatke→sake
v1	41	introduction	3	leoa→left ayiai→asia prophetam→prophet
v1	44	introduction	3	foreseen→foresee priori→priority eventu→even
v1	57	introduction	3	Uzziel→uzziah Ephrem→ephraim Syrus→syria
v1	61	introduction	3	Halle→have Critici→critic Sacri→sacred
v1	64	introduction	3	lexica→lexicon sapere→super Criticus→critic
v1	14	preface	3	tPTO→into iftb→into blem→them
v1	20	1	2	personae→person Terebinthen→terebinth
v1	202	10	2	iftsa→gifts Hagg→page
v1	230	11	2	elliptica→elliptical HezeJciah→hezekiah
v1	235	11	2	Suez→sees Gyndes→gender
v1	238	12	2	iJfS→ings njrn→turn
v1	239	12	2	rsTia→asia stpa→span
v1	247	13	2	Croesus→cross rranb→rank
v1	256	13	2	njrt→part OJJS→ones
v1	268	14	2	Stamme→same buWith→with
v1	271	14	2	rvna→rank rvna→rank
v1	277	14	2	peaa→head unter→unto
v1	299	14	2	lotg→both ii'a→idea
v1	301	15	2	Arnon→iron Rabbath→sabbath
v1	327	17	2	Rabbah→rabbi Arnon→iron
v1	328	17	2	itts→into quidem→quid
v1	334	17	2	Tpia→this tSwx→town
v1	345	19	2	Sethos→sets Onias→ones
v1	350	19	2	lixia→lisa nsts→acts
v1	356	19	2	ofJudah→judah mincj→mine
v1	23	2	2	Justi→must Vogel→joel
v1	375	21	2	ariaa→arab facto→acts
v1	378	21	2	appals→apply nsst→must
v1	380	21	2	rvnK→link aprefatory→prefatory
v1	383	21	2	Bauer→base Rosemmjller→rosenmuller
v1	385	21	2	jsoJs→sons heroes→here
v1	406	23	2	Melo→mean inttS→into
v1	409	23	2	nxan→mean dese→were
v1	416	23	2	Johovah→jehovah PTIS→this
v1	432	25	2	nasn→last Bauer→base
v1	435	25	2	nraiB→arab Iceri→keri
v1	462	27	2	xxvn→oxen ftasi→task
v1	465	27	2	IBS'→ibis afflic→afflict
v1	478	28	2	intelligere→intelligent faciet→fact
v1	481	28	2	ibitis→ibis aaJM→palm
v1	492	29	2	heroes→here xxvin→xxiv
v1	494	29	2	necro→hero mancer→anger
v1	497	29	2	ethe→then cntri→anti
v1	39	3	2	vowtt→lowth Symm→same
v1	42	3	2	ratione→nation Uitu→with
v1	529	31	2	Thebes→thes Thebes→thes
v1	530	31	2	rtin→pain iiber→wider
v1	537	32	2	plango→plan i'isb→ibis
v1	553	33	2	cipa→city c'lj→call
v1	563	34	2	Virgil→virgin Volney→money
v1	588	36	2	xxxn→oxen phers→here
v1	600	37	2	fvix→evil nsxa→next
v1	606	37	2	naia→data iven→then
v1	610	37	2	Bahr→back ipse→case
v1	614	37	2	izifn→zion ihern→then
v1	634	38	2	rifiD→rapid nxwb→news
v1	644	38	2	signl→sins volumi→column
v2	15	40	2	jstn→just insn→sins
v2	25	40	2	Melek→meet minuta→minute
v2	27	40	2	Zwingle→single ttss→this
v2	36	41	2	amans→many aJUt→deut
v2	40	41	2	pE'n→been m'sB→must
v2	43	41	2	pNia→pain Melek→meet
v2	52	42	2	clamour→labour clamour→labour
v2	55	42	2	feeep→keep rn'ia→india
v2	57	42	2	II'K→sick rvis→this
v2	59	42	2	foreseen→foresee foresaw→forest
v2	66	42	2	dbira→bird anc'→once
v2	67	42	2	m'jn→mean salce→sake
v2	68	42	2	tcrgo→targ rnin→pain
v2	70	43	2	downfal→downfall attah→altar
v2	83	43	2	ranj→many olah→alas
v2	110	45	2	analo→analogy gous→thus
v2	112	45	2	rpEin→pain tiTfl→till
v2	113	45	2	ajhn→aben ofthee→thee
v2	128	46	2	nrrwn→drawn downfal→downfall
v2	131	46	2	oofs→goes personae→person
v2	135	47	2	filk→sick Rosen→rome
v2	139	47	2	saidst→said rras→read
v2	142	47	2	iriterpunction→interpunction nvsy→ness
v2	149	47	2	pedlers→dealers gipsy→lips
v2	159	48	2	wana→wine Aramean→arabian
v2	164	48	2	tibi→time goest→goes
v2	166	48	2	nisa→isai ovde→made
v2	169	48	2	nuine→wine confers→infers
v2	171	49	2	TOOV→room QUIOQ→quod
v2	174	49	2	rvirn→ruin T'sa→task
v2	191	49	2	clamour→labour clamour→labour
v2	196	49	2	p'ls→pass Urabreit→umbreit
v1	80	5	2	Joash→josh rriD→read
v1	82	5	2	multo→must dormit→omit
v2	220	51	2	downfal→downfall Croesus→cross
v2	230	51	2	Michlal→michael Jophi→josh
v2	232	52	2	Macht→each tpoi→upon
v2	243	52	2	fixri→fire rxaa→read
v2	244	52	2	rnrn→turn ttnp→tone
v2	246	52	2	sizr→sins intelliget→intelligent
v2	281	54	2	finpa→fine pluralis→plural
v2	284	54	2	Wassern→assert itfx→item
v2	286	54	2	pacificum→pacific foedus→foes
v2	291	54	2	contend→context tibi→time
v2	310	56	2	lyting→latin fni'n→union
v2	311	56	2	remem→seem brancer→branch
v2	318	56	2	revellers→travellers biia→bird
v2	320	57	2	inba→idea incedit→inherit
v2	331	57	2	contend→context ttSsa→testa
v2	343	58	2	rereward→reward talte→date
v2	348	58	2	iornn→torn rvina→ruin
v2	349	59	2	Hanc→have veniam→denial
v2	368	59	2	JXoah→josh rvns→sins
v1	90	6	2	niax→near voce→more
v1	91	6	2	quia→suit tacui→tacit
v2	381	60	2	wiedcr→wider Eicbhorn→eichhorn
v2	386	60	2	ofage→page cbis→this
v2	388	60	2	QtiJ→quid fiib→fire
v2	390	60	2	istji→isai ixarn→earn
v2	391	60	2	ipse→case subito→suit
v2	392	61	2	censuit→consult Judaeis→judges
v2	396	61	2	feian→mean fvia→evil
v2	401	61	2	ftbw→flow biia→bird
v2	410	62	2	ibpo→into jasTa→data
v2	419	63	2	rnsn→ruin Tipur→titus
v2	439	64	2	rjft→left sitti→site
v2	454	65	2	ofAchor→achor Joppa→koppe
v2	455	65	2	aftxi→anti Menij→ment
v2	461	65	2	yixn→zion fTpt→foot
v2	467	65	2	Tnrn→then orif→omit
v2	474	66	2	nbria→syria Horace→race
v2	481	66	2	btrn→been rfcn→race
v2	483	66	2	TfcS→this Gtmss→gems
v1	105	7	2	tection→action Nalways→always
v1	123	7	2	facto→acts ststo→state
v1	137	8	2	tmmanuelj→immanuel Aquinas→aquila
v1	149	8	2	snaa→span tijps→lips
v1	168	9	2	mittet→matter falsity→falsely
v1	20	introduction	2	mocle→more pavta→part
v1	24	introduction	2	dwss→days iQoq→idol
v1	27	introduction	2	menced→hence overthrown→overthrow
v1	54	introduction	2	ofLowth→lowth Jebb→verb
v1	56	introduction	2	undertaken→undertakes Alexandria→alexandrian
v1	62	introduction	2	Jsai→said Poesi→goes
v1	63	introduction	2	Vogel→joel Hensler→hender
v1	70	introduction	2	xxvm→xxiv xxxm→xxiv
v1	71	introduction	2	terra→ezra firma→form
v1	76	introduction	2	priori→priority posteriori→posterior
v2	20	later-introduction	2	verbis→verb Sardis→wards
v2	23	later-introduction	2	versa→very Comm→room
v2	28	later-introduction	2	esta→data blishing→blessing
v2	30	later-introduction	2	foreseen→foresee Zephaniah→zechariah
v2	42	later-introduction	2	desul→deut reduci→reduce
v2	44	later-introduction	2	apostacy→apostasy dieth→with
v1	2	1	1	rttn→ruin
v1	6	1	1	ventum→tantum
v1	182	10	1	Oreb→more
v1	185	10	1	inba→idea
v1	216	10	1	rnse→race
v1	257	13	1	fiten→fire
v1	336	17	1	sicut→sick
v1	355	19	1	Onias→ones
v1	364	19	1	tfnsx→tense
v1	37	2	1	cavernas→caverns
v1	373	20	1	ttSw→task
v1	376	21	1	Cpbn→span
v1	387	22	1	sttsa→sets
v1	390	22	1	aiffl→awful
v1	392	22	1	tothe→both
v1	393	22	1	revellers→travellers
v1	397	22	1	fias→sins
v1	399	22	1	datt→part
v1	400	22	1	hang→have
v1	404	23	1	assD→used
v1	417	24	1	xxvn→oxen
v1	419	24	1	psfn→pain
v1	428	24	1	risab→isai
v1	431	25	1	fisn→fire
v1	434	25	1	nsab→isai
v1	441	26	1	aaiaa→asia
v1	463	27	1	biniz→bind
v1	464	27	1	contend→context
v1	468	27	1	Gese'nius→gesenius
v1	485	28	1	CEIE→were
v1	487	28	1	applic→apply
v1	500	29	1	seyd→head
v1	502	29	1	iirT→part
v1	503	29	1	iinp→sins
v1	506	30	1	agravation→aggravation
v1	512	30	1	nson→upon
v1	514	30	1	rosiaS→josiah
v1	531	31	1	ittJ→into
v1	535	32	1	hfes→sees
v1	538	32	1	trirstt→thirst
v1	539	32	1	Chardin→chain
v1	544	33	1	Clerictis→clericus
v1	545	33	1	hrix→heir
v1	547	33	1	won't→wont
v1	554	33	1	adjeclive→adjective
v1	555	33	1	forgiven→forgive
v1	557	34	1	agros→arts
v1	574	34	1	terra→ezra
v1	575	35	1	nstn→noun
v1	578	35	1	vGoi→void
v1	595	36	1	nbiu→ibis
v1	608	37	1	levah→lead
v1	613	37	1	pianx→plan
v1	616	37	1	rbira→bird
v1	621	37	1	t'ley→they
v1	622	37	1	nxft→left
v1	625	37	1	nbbb→nebo
v1	630	38	1	Ahab→that
v1	633	38	1	fcsn→fish
v1	639	38	1	pres→sees
v1	641	38	1	Ahab→that
v1	642	38	1	isin→sins
v1	643	38	1	loth→with
v1	649	39	1	Zedekiah→hezekiah
v2	3	40	1	ntion→zion
v2	4	40	1	rrrn→turn
v2	7	40	1	unpoetical→poetical
v2	28	40	1	rean→head
v2	29	40	1	inscru→insert
v2	32	41	1	tthn→then
v2	38	41	1	seelc→sees
v2	41	41	1	fiQti→fifty
v2	58	42	1	paid→page
v2	69	42	1	iram→from
v2	80	43	1	IJehovah→jehovah
v2	81	43	1	Stiari→star
v2	82	43	1	fwor→from
v2	86	43	1	pattah→path
v2	105	44	1	nuin→turn
v2	109	45	1	dumbis→dumb
v2	111	45	1	Croesus→cross
v2	118	45	1	itfsa→infra
v2	121	45	1	fleeing→seeing
v2	129	46	1	Florus→forms
v2	132	46	1	Stiere→tire
v2	133	46	1	ighteousness→righteousness
v2	136	47	1	tnito→into
v2	138	47	1	ijrt→part
v2	146	47	1	Vilringa→vitringa
v2	152	48	1	downfal→downfall
v2	155	48	1	nirj→fire
v2	156	48	1	eventum→event
v2	158	48	1	vpos→upon
v2	161	48	1	Gadates→gates
v2	162	48	1	personae→person
v2	167	48	1	Ti'S→this
v2	172	49	1	BBEE→been
v2	173	49	1	brino→ring
v2	185	49	1	SIHSB→sins
v2	189	49	1	sfca→such
v2	194	49	1	thry→this
v1	65	5	1	kindied→indeed
v1	74	5	1	prese→tree
v2	203	50	1	loyov→look
v2	204	50	1	foresaw→forest
v2	206	50	1	avrov→prov
v2	208	50	1	Gewand→ewald
v2	217	51	1	sich→sins
v2	226	51	1	MS'S→uses
v2	238	52	1	issn→isai
v2	241	52	1	propheticum→prophetic
v2	260	53	1	afie→fire
v2	279	54	1	nbws→jews
v2	290	54	1	fxso→also
v2	293	54	1	regimine→regimen
v2	296	55	1	recognis→recognise
v2	300	55	1	rvna→rank
v2	308	55	1	sirj→sins
v2	312	56	1	Fremde→free
v2	313	56	1	vialls→calls
v2	329	57	1	IBsi→isai
v2	334	57	1	an'ia→anti
v2	337	58	1	contend→context
v2	354	59	1	MtiAe→time
v2	358	59	1	desole→sole
v1	85	6	1	aggra→aura
v1	92	6	1	forgiven→forgive
v2	370	60	1	Newman→german
v2	371	60	1	tbepast→beast
v2	384	60	1	thcc→this
v2	387	60	1	rvrj→rare
v2	397	61	1	laymen→lame
v2	400	61	1	conferred→inferred
v2	402	61	1	acquitted→acquired
v2	403	61	1	ttmas→times
v2	404	62	1	salvator→salvation
v2	406	62	1	diadtm→diadem
v2	408	62	1	grata→data
v2	417	63	1	SUJK→such
v2	429	63	1	Hitzio→hitz
v2	431	63	1	parvum→targum
v2	433	63	1	tabtea→taste
v2	436	64	1	praeterite→preterite
v2	442	64	1	ianp→many
v2	444	65	1	Moshe→more
v2	446	65	1	nisa→isai
v2	447	65	1	vatis→vain
v2	457	65	1	S'nn→sins
v2	459	65	1	bidden→burden
v2	460	65	1	rnrn→turn
v2	463	65	1	tYhsn→then
v2	465	65	1	rrrp→rare
v2	469	66	1	cnmal→coal
v2	491	66	1	rixa→rich
v2	496	66	1	taJce→take
v1	101	7	1	Elath→each
v1	102	7	1	ftni→fine
v1	107	7	1	frfi→from
v1	122	7	1	ciently→gently
v1	134	7	1	Kiaft→lift
v1	138	8	1	srjrp→sharp
v1	146	8	1	nsis→this
v1	178	9	1	iirx→fire
v1	17	introduction	1	priori→priority
v1	22	introduction	1	officio→office
v1	28	introduction	1	Joash→josh
v1	31	introduction	1	Bentley→gently
v1	42	introduction	1	Clerc→cler
v1	49	introduction	1	facie→race
v1	50	introduction	1	Medo→mean
v1	51	introduction	1	Divina→giving
v1	53	introduction	1	paid→page
v1	60	introduction	1	Clerc→cler
v1	65	introduction	1	eventu→even
v1	67	introduction	1	followedby→followed
v1	68	introduction	1	HezeJciah→hezekiah
v1	72	introduction	1	xxxm→xxiv
v2	15	later-introduction	1	condemna→condemn
v2	16	later-introduction	1	priori→priority
v2	25	later-introduction	1	asumption→resumption
v2	27	later-introduction	1	principii→principal
v2	39	later-introduction	1	recom→room
v2	9	later-preface	1	Cyro→tyre
