vol	page	chapters	suspects	examples
v1	405	23	71	Ven Spain France Hungary hariolationes hae sequamur certa
v1	304	15	58	IKIE psf avrfi irima vectes mtt ia Eglath
v1	353	19	57	counsellors Tanis ixsn counsellors counsellors counsellors statesmen counsellors
v1	650	39	56	oj b'nb anddovTas eunuchi pmm London nutriti Theasurus
v1	357	19	54	Heliopolis Memphis Bubastus Alexandria Memphis Heliopolis Diospolis Leontopolis
v1	33	2,introduction	51	Oecolampadius Musculus nhoiov alaGaris Schiffe im Meer oceani
v2	487	66	51	rvisan bN nisaa tov oiv rpna tem undertaken
v2	272	53	49	itinere eo laboravit ia aia nx insna rtx
v1	41	3,introduction	48	counsellor honorabilem vultu Mai ehrliche Leute counsellor counsellor
v1	272	14	47	iE'i insg VUJE ruht rastet Erde bricht Jubel
v1	35	2,introduction	46	terly marg Hk Hn Aug fcs Maur bxn
v1	163	9	45	Rosenm ller wbiu KD sedebit komme isto tempore
v1	581	35	44	avvdQog quae erat arida fata Kimmung Wasserschein Sandmeer
v1	199	10	43	sume tna ttna rst harvestfields ITSD itDn Musculus
v1	246	13	43	heroes exulters Lehrg wp ttJ ITC VBips exulters
v1	274	14	43	spectres bi'sia sepulchre Holle Hbhle Anglo helan Schattenreich
v1	37	2,introduction	43	Hk Hn Bs Kn Hk Bs nBh axiapds
v1	445	26	43	ns nos affaires hoc testimonio usi evertendum liberum
v2	106	44	43	nbis Xenophon's Cyropaedia Gyndes Thatof hbsia rtett Cambyses
v1	11	1	42	nnjE tr nf iispi iDif ferre pravitatem quae
v1	337	17	41	nsn gegen zu Zeit firtlba Todesschrecken nn iM
v1	108	7	41	Remaliah's Tiglath Esar haddon ses Stabat Cowper's Tiglath
v1	212	10	40	Michmash Geba Gcba Geba Jeba Michmash Geba Gibeah
v1	213	10	40	Gallim Gallim Laishah Anathoth Gallim neighbourhood Gibeah Stadt
v1	339	18	40	Tirhakah Ethiopico sba crx nt Qvyav Abulwalid Vogt
v1	568	34	40	thoes Raubthiere Zihim Ijim Sylvani Faunis jicas supp'ose
v1	584	35	39	pn Kb nbibo xb Rosenm ller aggerata exaltata
v2	269	53	39	Martini tumulum sepulchralem violentis nn'tea nsa Kennicott Jubb
v1	188	10	38	rra pfyaloi fiuaifaTs flaadsie jWtAeW sLwwJls albrte Calno
v1	54	3,introduction	38	rjn dein Pobel homines Fr tes viri deine
v1	258	13	37	Madai Thucydides Plutarch rn Japhet Dejoces Phraortes Cyaxares
v2	377	60	37	Nabataei Petraea Strabo Diodorus Siculus Tisnb Visn ysv
v1	289	14	36	nepos nm tm isia iaW consanguineum ovopa xal
v1	40	3,introduction	36	yfyavta xal ia vovia Hn ii'aa clarum ordinaryrank
v1	508	30	36	aon izrsirt fl tixa fc ia saJce OQO
v1	585	35	36	yns rvnn bestia reissendes violenta violenta ferarum ein
v2	37	41,later-introduction	36	vpeit ol TTOTS ovres laxQav tyzvt'j sx bsx
v1	15	1,introduction	35	wollt ihr gehorchen sav IJTS xal siaaxov rjis
v1	297	14	35	miseriis rra nn JHJT personae rran Ashdod aittj
v1	84	5	35	qn I's riao ite Eng iis Jn px
v1	228	11	34	ttjrt iznfci thfti iah lafiid Ir nj'o uj
v1	252	13	34	ntax immanitas grausamer ITSX Crudelem vocat merito sed
v1	408	23	33	iVrn IIUXD utfama Egypto commoveret animos dolebunt famam
v1	58	4,introduction	33	confer rnrnn Hn Bs Hn unpoetical Hk Hn
v1	95	6	33	Deus praecipit judicialiter agit criminaliter propheta ministerialiter' impinguando
v1	129	7	33	iim nrs QSa irnisiu novacula smce tne ofl
v1	259	13	32	ias ri mabaa Armenia Realworterbuch tsn inclyta superbia
v2	140	47	32	saidst downfal Curlius nihil wbis corruptius moribus irritandas
v2	265	53	32	exactus exigebatur pocna nss respondeo Der vx fc
v1	14	1,preface	31	inno Musculus psn gvaaGfts ttdixovpsvov subvenite oppresso corruptum
v1	309	15	31	ofjhe DWS bfis Rabcnbach Ravenbrook Wady Ahsa Burckhardt
v1	26	2,introduction	31	meantime certa placidos curvavit usus Agricolae nunc militis
v1	169	9	31	selfsecurity lEStb zu Erkentniss komme QI sein ganzes
v1	279	14	30	isi'a ISfte ista itt oitn jVi Lightfoot sitteth
v1	496	29	30	Nihil consolationem pertineat unsat isfied Ac velut somnis
v1	43	3,introduction	30	Bs insolescet Fr portera arrogamment rst sttirmen lossturmen
v1	49	3,introduction	30	Hk Hn Hn vipylcp iQaxfto rvhjslfla mentientes oculis
v1	60	4,introduction	30	Bs Hn Kn Hk Hk paa dwellingplace jiaa
v2	437	64	30	Rosenm ller Poole's incidas offenderes ii'Ba sirssi bten
v1	27	2,introduction	29	Deyling Obs Sacr ini QlJIse Eng Hendew dTp
v1	369	20	29	Ashdod Sargon Sargon Ashdod Ashdod Psammetichus Ashdod Esdud
v1	473	28	29	rvnos Rosenm ller pluralis majestaticus Askelon can't iTisiisa
v1	46	3	29	habita hominum ihr Ansehn der sn probatio adspectus
v2	345	58	29	jttJBJ pnb yvtfjs Sfi snn ttJsa deinen Bissen
v2	492	66	29	Lud cs jbs gentcs Africam Philae Lud oi
v1	151	8	29	qwB rrnjE as'a arctationis xoro py SiUVrm angustia
v1	160	9	29	Counsellor Cicero rempublicam universam vestris sustinetis sedet mrr
v1	53	3,introduction	28	odour casa Hk laceratio lacerum ein Fetzen oivi
v1	106	7	28	Tabeal Tabeel fissipj suscitemus aufwecken pfcft ysg Schroeder
v1	136	8	28	Makershalal propera festinavit direptio ifitt shalalhash the'inscription ph
v1	262	13	27	lisw p'Un Hierozoicon Qn vampyres nx ss dTix
v1	284	14	27	bnn frugiferam orbem habitalem nfi carcerem Tr pellius
v1	303	15	27	Hesbdn Jericho Wady Hesban nsrn atbn sbti oayvg
v1	311	16	27	Ahab paid Petra Petra Idumean paid Piua Vaa
v1	323	16	27	Mjoa fia sieht muhet Knobej zieht erscheint umsonst
v1	354	19	27	Memphis Psammetichus Alexandria i'ipft elati emarcucrunt nss quoad
v1	572	34	27	lyivog tiBp ululd anataria jaculus habuit foveam enutrivit
v1	576	35	27	onn cr Kennicott Abulwalid autumnale meadowsaffron Oecolampadius hoch
v2	242	52	27	Arrian ds iov wpov eywv yvpvbv tv rfj
v2	258	53	27	s'ln Vnn frurn o't Crt uwios fywr Vin
v2	275	53	27	xkijQovofiqaei noMov dispertiam ei plurimos Martini Rosenm ller
v1	184	10	26	pxx UVoyrfff XQIGIV TTTCO Mai Verus arceant pauperes
v1	201	10	26	ligni reliqua ligna avrav Horace nos numerus sumus
v1	245	13	26	fiBiBs caliginosum OQOV nedtvov Zagrian bij iKa'n avol
v1	317	16	26	njoa quotquot ganz jammre muros colloquemini iwm miittji
v1	349	19	26	wx rvoix tn bx ts Sethos Psammetichus Sioi
v1	30	2	26	idp latny ds fidrcay diis nihili digiti ipsius
v1	430	25	26	Rosenm ller Virgil oppida muris cincta Capellus England
v1	51	3,introduction	26	Schroeder Commentarius philologico criticus vestitu mulierum Hebraearum Jesai
v1	158	9	26	armour armour Diodati jxt armour xb equipped armour
v1	194	10	25	moenia xsv SKS sicut colliguntur reciperem auferrem wie
v1	254	13	25	SPJ orbis habitabilis frugiferam terram Dei fiK universus
v1	285	14	25	sepulchres sepulchres aiab obvolutus interfecti gladio sepulchres Tia
v1	510	30	25	niTsra oratio pronunciata meridiano hippopotamo tpv nfcm gibbum
v1	543	33	25	rrn rsi Gn personae pn possessio salutaris cfejos
v1	587	35	25	ixa ceux desquels TEternel paye rancon nbis nnair
v2	94	44	25	nisi demens fellowworshippers Rosenm ller taixa aixa ETX
v2	256	53	25	Der ttS nto Strabo rem loquuntur regno cujus
v1	94	6	25	tamen intelligetis axojj ctxowm tt KnovTe tttyezs auditeaudientes
v1	186	10	24	instrurmint Asshur Assur veni vae vobis Assyrii wehe
v1	470	28	24	reveller's pn peOvovzes avev Vor HICF COTOI wxa
v2	22	40,later-introduction	24	pflor oi niis Lehrgebaude frugalior oblationis ttasnn amsuchan
v1	63	5,introduction	24	hasled twentysixth cour tesy irt TT Vorsprung Schreckhorn
v2	263	53	24	Scythia Greece xal didfpoQOi rrjg nku ol TQOTTOI
v2	364	59	24	Mai JTJSTJ noob ia venerit flumus viohntus Domini
v1	93	6	24	Isend dicit praecipiat sed proponit audientibus optionem voluntas
v2	420	63	24	ft Melek iix ft omni eornm tribulatus ov
v1	177	9	24	rst atofioi vom Argen vom Bosen ysi ins
v1	209	10	23	Oreb Oreb M'iaS scutica Horace waa rtuJx Syro
v1	250	13	23	iBiaa omne aegrorum mortalium Ovid cecidere illis animique
v1	253	13	23	ysotleafi sidera QIWV sein lexx Hebr seq Bilder
v1	278	14	23	Von Rosenm ller bbn swacpoQog Tertullian rsiaa yixb
v1	292	14	23	Tnrx iiurx ern lES'i Armenia Greece Thrace Illyria
v1	466	27	23	tion aan D'naiK Ws lapj rpBSO Saepe mihi
v1	628	37	23	Nisroch Ararat Esarhaddon selfdefence Nisroch Berosus Ardumusanus Abydenus
v2	8	40	23	Celeriter omnes Gall'ia civiiates perfertur atque illustrior incidit
v2	91	44	23	dr ndvTKiv rtletrj Zei TZ WTOC tytv Zsvs
v1	66	5,introduction	23	faciendum amplius vinae meae noch meinem Weinberge zu
v1	73	5,introduction	23	revellers Vixftj bsttj tB burialplace Holle Hohle adqs
v1	75	5	23	tiiYi bxin bx Deus ille ille Deus fortissimus
v2	267	53	23	sros takejuuKay ixs ckert Zwingle causa citraque judicium
v1	4	1	22	ovx tyvw ov GwqxEv Mai filii degeneres dwrj
v1	18	1,introduction	22	bs Arbeit nehmen gegen auf lauterste xa otQov
v1	326	17	22	acervus ruinae Rezon Benhadad Hazael Rezon Omnis docet
v1	564	34	22	op nefaxav oQvsa onocrotalus fyivoi Petra Burckhardt Tafyle
v1	607	37	22	Gozan Haran Rezeph Telassarl DSmx vibx iicx Gozan
v2	162	48	22	personae TV Athanasius CEcolampadius ft Brentius fcb fin'rrj
v1	121	7	22	anotherchild foreseen rnn Rosenrmiller rt srai Hagar ve
v1	255	13	21	TQ Coromandel Huet tsw PBiat TIBIK tB dro
v1	331	17	21	looti Ashtoreth erectas operi manuum hiBSa mrQTEtt ittJx
v1	332	17	21	raits Horesh Harosheth goim Anfevda AvtQft EJin ol
v1	39	3	21	Iff vowtt iG vovGav Aqu SQeurfta xcu ZQEIGHOV
v1	52	3	21	boxes fascinum Eng Mia Armspangen cts ybn acus
v2	178	49	21	nrj bbo Philadelphia facie aifeHibjection France France nlbx
v2	219	51	21	BS fr IBS Lehrgebaude Kritische Grammatik ofch Rosenm
v2	306	55	21	Oecolampadius Rosenm ller Viae Dei vel quibus ipse
v1	16	1,introduction	20	undergone ig urbs civitas xba Nor'dh iveaJccned scelus
v1	191	10	20	xbn Idov bx rpaxs XSIQQTTODJTOIS sidotioii idolis simulacris
v1	215	10	20	Madmenah Gebimflee Madmen Madmannah latij'j Joshebehaggebim fiisji JiPSh
v1	318	16	20	sx WBIIU ossthe xaTanivovTss ia pppniB overcame tt
v1	320	16	20	ronx tflebo fletu jTns inebriabo irrigabo uberstrome pp
v1	372	20	20	Sfia latfi Mb gefangene Egypten vertrieoene Mohrenland gtl
v1	411	23	20	ttJa mn xb csn HT asaa iiBS diixb
v1	522	30	20	Deus omni laude dignissimus Raymund Martini erschallet echoes
v1	580	35	20	Calovius indisposi tion quibus intelligere licebit quamquam propriam
v2	17	40,later-introduction	20	JLo zu achten ia im pendens staterae pntf
v2	19	40,later-introduction	20	pN njr rftis IM ft Hype rion sint
v2	88	44	20	sp pn utero esse coepisti liti vm nemo
v1	70	5,introduction	20	aio yxa px ir Eng Pesh nxE Horace
v2	247	52	20	Procopius morft pp Comm Bahrdt Staudlin Akiba Bolten
v1	114	7	20	Isenbiehl Bauer Steudel stt Hensler Faber Pluschke Shearjashub
v1	155	9	20	tj Thouhast n'a ia Christol pt nbian InMi
v1	172	9	20	jTSfifi OQOS ZVooV Tbs aaar faaaxedadei tumultum vertet
v1	179	9	20	urx rapiet quisque isaas ib ms res cognatorum
v1	183	10	19	pp counsellors JCFJS jubent scribere Ppn ygdcpovGi ndvog
v1	195	10	19	xBm bs sm trotzen briistet cpn oo av
v1	231	11	19	pre Jephtha Baasha Ahab Jehoash ib rviin nnbs
v1	422	24	19	merryhearted Rosenm ller revellers psm pxx irnp ip
v1	424	24	19	ibns taja Bi ja Jarch thejires nx Urim
v1	44	3,introduction	19	refisal Pesh Hn Hk Hn Kn uhn medicus
v1	524	30	19	pm rro nw nns qs SjSta fS Rosenm
v2	13	40,later-introduction	19	ivcighed bs tribus digitis naaav yJj Lehrgebaude mdkkeph
v2	15	40,later-introduction	19	jstn insn Rosenm ller counsellor counsellor counsellor counsellor
v2	24	40	19	ns aj yu ov yvmasa oi xoiJ wollt
v2	62	42	19	rt utparturientem viptram desolabo rt nxs nisx DCIU
v2	97	44	19	himstlf mittit Libanum homines fuerunt necessario supplenda constructioncs
v1	64	5,introduction	19	SoreJc Sorek toiverin lacus eivi Sedulius Labruscam placidis
v2	203	50	19	iJsb ylMavav nai eia succour MS ynoffTijgtfftti sustentare
v2	352	59	19	ovdiig laltl dixaia invocet justitiam willino Hensler xata'co
v1	148	8	19	spiritmasters vo ft xb nax xb xbn xbn
v1	17	1,introduction	18	avTanodopa Symm iot dem Waisen halten kein Gericht
v1	190	10	18	tence regna nihili rov eidottov regna idoli des
v1	310	15	18	Dimon Dimon Dimon Dimon tt Dimon Arnon Megiddo
v1	341	18	18	rfjten DS px ns Procopius Byblus OJUJQO BxiGTolag
v1	351	19	18	niis inx rns ryra rvhs nudabitur rivi fonte
v1	429	25	18	unedel schmutzig hallucina tion England bfi Rosenm ller
v1	479	28	18	istb Gebot auf Gebot Verbot auf Verbot Satz
v1	507	30	18	Hanes Tanis wai bsn Hanes Champollion Awaig Hnes
v1	527	30	18	npisn JCilj' ftdmEiv Brandstatte Scheiterhaufen ranxo hesterno von
v1	619	37	18	Subsidere nostris pedibus monies arescere vidimus amnes fregi
v1	647	39	18	smbs Croesus PSS niK zov otxov rwv aQWfidv
v2	26	40,later-introduction	18	ovdtv tP secretorum scrutatores blew Vbxs qx praeterita
v2	126	46	18	Belteshazzar Belesys Nebuzaradan Nabopolassar Nabonned res seein s'taa
v2	190	49	18	Tis Rosenm ller nst nimis rH noiqcrdv toaov
v2	240	52	18	bip Ynn erheben Stimme allzumal oq iioq avajj
v2	291	54	18	fc Gousset Rosenm ller contend rna rta CBX
v2	324	57	18	drinkoffering Rosenm ller Arnobius lubricatum lapidem olivi unguine
v2	373	60	18	Justi iibi divina Percipit atque Soncin pn wn
v2	375	60	18	fenn Bti inundatio nssiz Strabo axtjniai ln oi
v1	210	10	17	Lachish Aiath Migron Michmash Aiath Hajanam regionem Deir
v1	249	13	17	lusus verborum I'iro vroi concinna allusio etymologiam veritatis
v1	352	19	17	nitt mn wp sericum rrinttj ttJsa nir D'a
v1	38	2,introduction	17	Hk Kn Origen quia excelsus reputatus ipse Oecolampadius
v1	389	22	17	wsttn istb sp sittJ ta'WB KVQOS Caucasus Girgistan
v1	398	22	17	tps eps ndvog novov jp Sophocles doaiv xaxav
v1	48	3	17	BS Piaab pluralis majestaticus ducunt seducunt leyden verleyden
v1	56	3,4,introduction	17	Connubii liceat turaulo scripsisse CATONIS ftW rnaa Schleusner
v1	579	35	17	ISIE nullas aequo animo ferre possunt nbx xia
v1	612	37	17	iy tycs prr TJS Lehrgebaudc Tjr Tx verysame
v2	5	40	17	reveletur iw aoartjQiov tov dsoii Ob qpow h'yovTov
v2	170	49	17	JBSE Tichonius Christo Corpore Scripiura saepius mentionem fieri
v1	83	5	17	quia acutae Arrian ovrag ettotw larana Aug xwi
v2	283	54	17	forsook Rosenm ller tjao Sj der Fluth der
v1	256	13	16	Sr njrt nrj rt OJJS JM JEschylus ndiAuwtov
v1	290	14	16	mentiar iirvTi oipflS tvt pri tvo le antitnesis
v1	302	15	16	Rosenm ller Bethmeon meon Arnon Maein oir rvs
v1	308	15	16	Aurivillius Lightfoot rivorum ccnfluentium Nimrimorum desolationes erunt Nimrah
v1	24	2,introduction	16	t'n Henders fitn ntn yitn Hdwk rvnnxs Hn
v1	420	24	16	psn pxn bnn d'ha diia ds achzei lechzet
v1	439	26	16	laia D'sx cogitatio fixa Einbildung steht gewisser Zusage
v1	440	26	16	fc ico xvQt xvQiog FiVrn PP tr decentia
v1	476	28	16	taumelt mMs judgmentseat njai nsn Dai p'n isbna
v1	42	3,introduction	16	Hk Kn Gro ratione aetatis sed imprudentiae ineptitudinis'
v1	525	30	16	asm JTi sra fnons ibia supplicii strafenden recht
v1	549	33	16	allegorias sequi putet quibus alienus tances Virgil Panduntur
v2	16	40,later-introduction	16	uber rrnn a'way nVcn rvm sapientia hypostatica communicavit
v2	30	40,later-introduction	16	tj Furst WJD moulting nreQocpvqaovaiv assument Rosenm ller
v2	39	41,later-introduction	16	trra thouworm VMQOI mortui estls rs IBS rra
v2	46	42	16	ecce ids avOQ pp asttja tia Hensler Stte
v2	79	43	16	tht ir Fiom praettritum Targuin lonians sisb tnrj
v2	98	44	16	tohn cn Horace Olim tmncus eram ficulnus Quum
v2	254	53	16	Martini Rosenm ller Rosenm ller Der nsttatiS rumour
v2	336	57	16	Cumque hibemis agitatum fluctibus aequor ipso turbidiora exchangintf
v1	98	6	16	Leere rnifsj jg siiliffl gxjgflgian ening faifipa xav
v2	379	60	16	cmrmst bx elende Conjectur ns iij sn Spain
v2	484	66	16	comfortelh yrit der trostef ovdsis tt iK Achilles
v1	144	8	16	Oin tti Bingham's Orig vm Joab Wipn iK
v1	153	8	16	sstja xb poterit avolare cps yy xb Rosenm
v1	261	13	15	Christol brn bn Rem Rosenm ller VTIX bns
v1	287	14	15	CWE nt transmis Rosenm ller lictores aut Schlachtbank
v1	295	14	15	allofthee Cappadocia Cyprus aMcpvl paid Jehoram Ilulatarivy PIU
v1	396	22	15	sepulchre sepulchre sepulchre Joah sepulchres sepulchre sepulchre sepulchre
v1	482	28	15	ittfx csrt pv bifitiu orakel visionis significat vulgo
v1	47	3,introduction	15	justum praedicate beatum preiset Gerechten dicite Pitr sianb
v1	515	30	15	rciri nolloi omnes ftn Tannenbaum nsrn pr tms
v1	516	30	15	ikon asj diu flebis weinen weinen sollst du
v1	517	30	15	dederit siquidem gibt euch dedit yrb panem arctum
v1	550	33	15	yu Tc'y jgnppaiiwn Schriftgelehrten doctus legis parvulorum dialecticus
v1	566	34	15	nra xnjD rp'Vn nn nJ nobiles heroes recolent
v1	601	37	15	RabghaJceh Vist ibi SWB sattr iwin cpn rrDim
v1	629	38	15	Lightfoot Prideaux nsralj evsia TTQO dvarov rd nfQ
v2	10	40,later-preface	15	nsn ptna so'a bs ptrja btiStt filbsB iato
v2	143	47	15	trustedst asch malitia fiduciam habuisti malitia du sicher
v2	211	50	15	allof jjie nemo necessario cogitat Dei dicMQiTixov downfal
v2	244	52	15	Unreines angstliche pedantische Grundsatze dngsdich andpedaniisch rnrn ttnp
v2	271	53	15	contritus nrr xsn nbn Martini ixs nn plcasefi
v2	361	59	15	nxa armour armour armour equipped Jubb fpnn bs
v2	407	62	15	Azubah Shemamah Hephzibah Azubah Hephzibah bsii tbt vth's
v2	450	65	15	Mai sondern WjW ausser Boaz Rosenm ller bs
v1	187	10	14	cs spn wss populum excandescentiae mss rop Aar
v1	221	11	14	odours Hensler Kuinol irmn Vanderpalm Nihil nisi pietatem
v1	344	18	14	darinnen nisten darinnen liegen oi hyperbolical sq Abyssinia
v1	31	2,introduction	14	Hn Hk Pesh efe Pesh Hn hominis virorum
v1	395	22	14	Sochenite Sochen iti amicus regis confi dant counsellor
v1	413	23	14	Jcing ntf inx Jcing QOVO fiaaittmg Qovog av
v1	450	26	14	iaSD rvjra rn ibs rrrrra ibs greai Sprengel
v1	458	27	14	tb inaccura cies tt Schnurrer iss ttss Gousset
v1	471	28	14	nrn mox sn' ptn paK yalidus excidii istt
v1	478	28	14	pw pns Rosenm ller SISTQIS nrsiatti docebit scientiaml
v1	486	28	14	lilce Perazim Geba Ajalon Uzzah nw Uzzah Achan
v1	489	28	14	asirisb j'tco VTTO vipiarov fxtiafjit tp't ferro mortales
v1	520	30	14	vorgeworfen praestat tacere quam hariolari Vjso efferebant Grosssprccher
v1	605	37	14	Tirhakah oj mis Tirhakah Megasthenes Strabo Sesostris Manetho
v1	635	38	14	IEI TPIEX swii rraia Scheidius ptaijppQia Jt'ov rq
v1	646	39	14	Hezckiah satthi sottj Berodach Bero dach Medorach Von
v2	96	44	14	ttnn ss nn tincto Rothtlstein ochre anx ir
v2	130	46	14	JC iVpoS'i sittJtzJKrn teyopwov vxfire confundamini fiiia niix
v2	137	47	14	WB Bx SttB nrflvvw padscar avziaiqasTni av Qwaos
v1	71	5,introduction	14	Propertius noctem ducam Injiciat mea ous gayety Dn
v1	76	5,introduction	14	Menochius Soncin MSS ibana MS Aq Sym Theod
v2	341	58	14	src rraa rrao riEi'Ta fiftni Augustine Jejunium abstinere
v2	342	58	14	fle dinna n'ma dsx rbyovg Dachlose vagos ano
v2	350	59	14	sondern vieltnehr sondern viclmehr bislang waren scheidend pnsn
v2	356	59	14	FrstBM JIMES abxa ckert caliginosis trrx Bauer Rosenm
v2	424	63	14	Itst ias IES rvro vn rr niss nui
v2	456	65	14	preters Ashtoreth sLuo Mohammed na'a lectisternia showbread nichts
v2	467	65	14	cnx EVJ cvja ual audiam cjcaudiam Ecc Tnrn
v2	470	66	14	moveable HT nri Antiochus Epiphanes defin downfal trennende
v2	476	66	14	nd xai o'Wsn illuslones ifJLftaiypaia transl iting nj
v1	126	7	14	Rosenm ller Tiglath contri butions Hezekiah'rebelled teta Aiting's
v1	176	9	14	mustta sba Tnma sich leiten lassen zu begliickenden
v1	226	11	13	rnsixa STI ISE lighthole n'tf depulsus lacte der
v1	269	14	13	rnhsj ss kwg rrjni btia btiJE bttto Tptf
v1	294	14	13	vereiteln miaa ausgereckte ve rb zuriickschrecken hemmen avertet
v1	321	16	13	EPK nemo vociferabitur wn Palul sii itt ls
v1	333	17	13	Barbarus segetes culta habebit plantabas quamvisplantaveris nur wachsen
v1	335	17	13	Rosenm ller iitt ia Ovid's Qualia fluctus Aequorei
v1	23	2,introduction	13	Justi Credner Vogel Rosenm ller Je Heberew crai
v1	382	21	13	Seir xw Eljandilon Seir Seir Rosenm ller tt
v1	410	23	13	Tartessus nt bankment Rosenm ller fiistsa Zidon Zidon
v1	433	25	13	wc diawB tfnaiB laia ppTft nn fciriBtt ral
v1	452	26	13	pEip parogogic Umibreit BPJ Bn DTE sn xa
v1	455	26	13	nunc Aramean xa pr pVi psa srm BSES
v1	475	28	13	eine liebliche herrlicher Kranz thatsitteth BBIBBJI dicundi causa
v1	551	33	13	Capellus Ludovici TSib asba lipfrom ftu vqxovov gutture
v1	558	34	13	volumen volvo PfeifFer Dubia Vexata Hor horrida tempestas
v1	562	34	13	recom penses contend ft nsix Idumean iht xtt'n
v1	626	37	13	Zwtifelsucht ihe Pelusium Sethos Sethos Sethos lg OQ
v1	640	38	13	iwj iws ws nw msi dYnab constructio praegnans
v2	36	41,later-introduction	13	dVn Abdastartus Abdallah hrt ov fydnqaa amans amatus
v2	42	41,later-introduction	13	tb zb sraito sb laia'j accedant vestra quae
v2	123	45	13	Icnee ZDJ lyco npr ip fij Kbi xb
v2	198	50	13	Jihovah HT fiiptiov zoi anoGiaoiov ib rx hfi
v2	261	53	13	bbina excruciatus deriva bbn Vjn bVna IWB tumour
v2	287	54	13	TjiBa ordinem QCMa yvxog Ludolf rnsb Rosenm ller
v2	303	55	13	Icnowest ihee noverat ecclesiae suae membra ipsum noverant
v1	89	6	13	alterum conversus Rosenm ller rQiadyiov unitate conjuncta triplicitas
v2	395	61	13	Rosenm ller Alexandria Vossius wto INB Putzfur Schmutz
v2	448	65	13	noke noch sagt spbx i'np rrcja aoQQet Ipov
v2	500	66	13	carcases p'sn' nso elg oQaatv Jian erunt satietatem
v1	117	7	13	Shearjashub Shearjashub ashub distingmsji Shearjashub quidam nostris judai'zans
v1	123	7	13	atstj iB pfc Steudel facto ststo im Rosenm
v1	152	8	13	Zebulon ssquj Tiberias from'being vasrt ft alleviata zsn
v1	20	1,introduction	12	personae zu Schanden Terebinthen mocle JViicaiah fx jra
v1	193	10	12	rviss fcwi'rob nrnrmw cqv iayvv avtmv instructissima eorum
v1	204	10	12	commontancestor eo darunter convertentur consummatio Cj ia dwaio
v1	222	11	12	feits mninx nn rumours jThe Kokba Kozba in'nsi
v1	240	13	12	facto foreseen unbiassed Horace Virgil Plaideurs Racine Aris
v1	282	14	12	ss morabimur quae evidentia diutius nx jS biXtfj
v1	330	17	12	rn'bbs ixujiis oyo amiral fiiis iBrt IBSO Thegleanings
v1	407	23	12	Zidon Zidon fcO iS'a tiso mainland Wciari xb
v1	427	24	12	fiVia siaix tx Zoroas ter foregoes gatnenng nsox
v1	467	27	12	nivaia JS n'l'nsia Wady Elarish Rhinocorura TTIK unseyen
v1	483	28	12	Ziona Raymund Martini Pugio Fidei avoiag drqs essentiae
v1	523	30	12	rn tottj nsa cribro mendacii nihilum ns jG'i
v1	573	34	12	iiw isc bs SJE tJOp httSK nms irrs
v1	603	37	12	issn Knappen Buberi ecce apponam illi ventum rm
v1	615	37	12	UJX bx IIBS insiais pp Tro nrx IPWS
v1	617	37	12	psxba asna ab'ia plify Pnst rEip bsns Seetzen
v2	112	45	12	c'E ttSa'iJ mappik occasus co Zendavesta distil sn
v2	165	48	12	xib xb wenn du if'it animum advertisses aures
v1	68	5,introduction	12	Hendew Umbr Gerechllgkeit Schlechtigkeit Begluckung Bedruckung Milde Unbilde
v1	69	5,introduction	12	after'property itable hi'n reihen iube xin xxin xn
v1	79	5	12	acquitting rn glumam debilitat nsnb flamma dissolvitur der
v2	222	51	12	nba atiaovai quivis quemadmodumprobus einem WGTIEQ sicut sicut
v2	235	52	12	erns GExa fc xa Sjna IOBX nsEJOn xn
v2	260	53	12	SK axa fctoj qitQst afie pepaan ytQnwo ntyyets
v2	282	54	12	Malachi ONEPI sssfr rnsn iax FQITS fts ein
v2	330	57	12	xtea cbi cuj holij ia tiinj cipa PXI
v2	346	58	12	thcc sisa cbi's nj urm rTrb riri juietem
v2	347	58	12	rvito dir gefdlli Ilitzig isnp pTr cinp jnp
v2	392	61	12	Pif rhp nipnjsB nps Selbstapologie nothgedrungeii aliquid indulgendum
v2	418	63	12	mbnn ra's Crowes aio vsta bss postulante parallelismo
v2	431	63	12	nd nihilum Rosenm ller parvum Rosenm ller niakkeph
v1	103	7	12	fiffit frft tft AmozjGo Shearjashub Jaffa conferred Jaffa
v1	143	8	12	Loquimini existet Himmanuelis existet nvsvuavi IxGTctGei Svvapei xcu
v1	180	9	12	disrup tion rancour nx Ephraimum Manassen Manassen Ephraimum
v1	206	10	11	abgemessen consummatum nxifis ri otxovft tj Asshur IVSK
v1	218	11	11	szkv Bauer Rosenm ller vald sta xoQfiov pfo
v1	224	11	11	iaj PB KB Aelian isia fia attb sru
v1	277	14	11	bHS bsa DB peaa hb sx gebettet unter
v1	283	14	11	inclinabuntur iterum propheta regem deridet siMi'an prudente deinem
v1	313	16	11	Arnon edaces Virgil axia neighbourhoods ni'nasa nisa Arnon
v1	316	16	11	BB bllto Gedaliah boured S'r ttJ aturally sso
v1	334	17	11	ijiiaatan Mis Mia Tpia nw comploratio iw tSwx
v1	25	2,introduction	11	xaiaJi oms uav movebunt werden sich aufmachen Hn
v1	32	2,introduction	11	gciniejj Bethenyeh Rosenm ller unkrilisch unwissenschaftlich antiquirt colourable
v1	417	24	11	xxvn Oecolampadius Haccohen Haccohen Wallenstein Ratisbon Norlingen England
v1	447	26	11	DT NS jxm DTia heroes CPKSp laTQol ov
v1	514	30	11	rosiaS tf fliegen fliehen bg fliegen fliehen fluchtigen
v1	521	30	11	bleiche Mondlicht Glutlicht Maimonides ipse mihi visus pulchrior
v1	561	34	11	ns Bostra Auranitis Raumer Busaireh Petraea rra Thibet
v1	567	34	11	tles spinis Virgil spinis surgit acutis SSBa sn
v1	61	4,introduction	11	nss Hn Bs rt tnt Ungewitter Halle Schmid
v2	25	40,later-introduction	11	sitteth Melek pf ipr ijh ofbestiolae minuta animantia
v2	33	41,later-introduction	11	expositio violenta quae nihil sani praefert enallao Ins
v2	61	42	11	usa vir bellicosissimus evigilans zelo vir militaris peritus
v2	66	42	11	dbira br anc' donatus JLwwuo venundatus Rosenm redemtus
v2	89	44	11	Mai xvx rr Haggai Malachi bles nstn pris
v2	101	44	11	keinem Falle passend sectatur cinerem pasci aliqua metaph
v2	117	45	11	Sebaim Sabeans Saueans beispielsweise rrn iino pt'yiGroi avdQconwv
v2	176	49	11	rna ttifia Jiia animo tfssa arr I'a abhorreth
v1	72	5,introduction	11	Hendew Umbr I'lias ttfan ns htE fita nobiles
v2	209	50	11	wallceth whoso walltcth Rosenm ller whoso nssi iitix
v2	236	52	11	ttba bttSa tohave vVfiStt VrH sibb'in'j hoivfy jEschylus
v2	298	55	11	denomi euer Ermuhetes euer Erspartes vielmehr hort Kx
v2	483	66	11	consoJaticns TfcS pt omnimoda iw bns itt fcs
v1	8	1	10	veritatis loc rn turris custodiae' Tingstad Comm rniis
v1	196	10	10	zra pinguia rnn ip reeino ardebit ardebit ardendo
v1	208	10	10	Rosenm ller zs QX nst QK ost nrvbnn
v1	223	11	10	stB'n bi ntst iian Tian nts nisp iit
v1	225	11	10	Hrn hordei stipulam bubus gratissimam plures gentium foeno
v1	238	12	10	iJfS JTW rn rn rn ftx njrn rrjiTi
v1	244	13	10	KtBa rs oQavtg oQapa Ifj fia visio Christologie
v1	247	13	10	Armenia Musculus Rosenm ller ip Xenophon Croesus Cyropedia
v1	267	14	10	WBCS lyrt Tls ri iria ins eliget Mibi
v1	301	15	10	Rosenm ller usu ja Arnon Areopolis Rhabmathmom Rabbath
v1	336	17	10	ja jixttS fugiat QQ pfa rem volubilem im
v1	343	18	10	fifi rniK I'aa ncun knives misn ms tnn
v1	377	21	10	iafi lai'a ijjia ii'tti tnn mappik sc sc
v1	388	22	10	commonlyexplained ntik gayety Kennicott Tingstad pbbn fleeing MUpa
v1	397	22	10	fta fias Spx IM nVjVj nbaVo IM ina
v1	436	25	10	ia ns Rosenm ller insidiis buscades pr inixn
v1	438	26	10	ig Heil geben Mauern mici mni Vn xal
v1	442	26	10	bi ynnx Ferse vestigia iofeet ninupa obs souVs
v1	444	26	10	tm itm ifm j'nmi itm nxip Tm iunni
v1	464	27	10	meantime wn wh ITI contend nxDXS nxo rta
v1	488	28	10	ploughman ploughman rmr ir mrri niiiis Waizen Reihen
v1	495	29	10	Bn ft levibus ventis volucrique simillima somno spes
v1	512	30	10	ttp Verschmitztheit Querwege bsb nson Waldstrom bsi ys
v1	532	31	10	tt DTK' tflix ft fcia fortitudo transibit fugit
v1	637	38	10	seeii ovou vae PP cs Vm Hn ibn
v2	35	41,later-introduction	10	ao'p Nt pn usus loquendi co xsin Croesus
v2	41	41,later-introduction	10	fiQti oiltree box nx praestantissima tf'ha WSJ BCJ
v2	54	42	10	ihc xn consolida JTVKXXX spj crp ji's pluralis
v2	113	45	10	iin ajhn rx Ctf Ecc MB intosfi Ecc
v2	147	47	10	Tfnss chethibh oP o'j'o rov OVQKVOV augures coeli
v2	148	47	10	cto px nbns SBH esnb nbra csnb nrn
v2	160	48	10	quam meditationem hoc urgeo neque refello nnea taregmas
v2	171	49	10	Pindar's Eupolis jMoVot TOOV QUIOQ xt'vTQov xaTtlfine TDK
v2	309	55	10	Virgil ipsi laetitia monies psss im' iajsee pp
v2	331	57	10	contend caligine obvolvitur Rosenm ller respirationes ventulum faciam
v2	344	58	10	TK Unterjochung Persius infamis rideto digitum porrigito intende
v2	382	60	10	innB VTI Rosenm ller exercilus copia Rosenm ller
v2	428	63	10	ze Wtfsnn ntf oi deine grosse herzliche Barmherzigkeit
v2	439	64	10	fc rjft Ttojsri tw nss issjmn aia sitti
v2	457	65	10	Shicksal schicke Verh'dngniss verhdnge Bestimmung bestimme S'nn ftM
v1	101	7	10	Elath ib Remaliah bs becausethe bbj sfcaj notexcepted
v1	112	7	10	Pliischke ribxia VOV EIS nVxia nbsalj nbsttJ jjttS
v1	137	8	10	hisgname tmmanuelj Makershalal Raubebald Eilebeute Schnellraub Tertullian CEcolampadius
v1	149	8	10	iss ft snaa pertransibit Schroeder fta tijps Sj
v1	157	9	10	paid ogether aaia Jezreel Zebulon ag iiab baO
v1	173	9	10	mit vollem pleine nxt iy stt bx bs
v1	5	1	9	percutiemini Euripides Ovid vix habet nobis hbnb abiit
v1	185	10	9	Rosenm ller inba nbn sns TW ftf nn
v1	202	10	9	Brentius iftsa Hagg tpDV pergat fortfahren aufhoren bx
v1	235	11	9	nnn nnnLev S'nnn Rosenm ller Suez HeroopoKtanut Elaniticus
v1	276	14	9	ludibria loquentur CEcolampadius einander reden vociferabuntur uraa bs
v1	383	21	9	asb Bauer Rosemmjller ixttj ttj tvirnj rn tne
v1	409	23	9	traffickers BSa coronatam Corsica nxan nxt dese bpn
v1	434	25	9	hjj Rosenm ller Karenodi ftdvaros nxo aV nxo
v1	435	25	9	likeminded ttito nns nraiB Madmenahj jai Iceri laa
v1	443	26	9	rn IITKS pafove embold ened rrinb zu erfiabenen
v1	448	26	9	bi nl VGTSQOV TiQOTeQov nprn iisp terrae ja
v1	513	30	9	sherd aliquis franget comminuetur rn xb rvirs Sherd
v1	519	30	9	finssa rosn cntn Rosenm ller Virgil fruges cultu
v1	563	34	9	ei dT ov diu Virgil Volney Seetzen Burckhardt
v1	592	36	9	Joah majordomo Joah GrandMonarque tHBX SHBK Ti'iaK Isay
v2	12	40,later-introduction	9	fcetas fV ovaa rvhii Melek pirw br pre
v2	21	40	9	bx Deumfortem tthn srfn argcnteae aurifabri Ys rj
v2	32	41,later-introduction	9	BBttSa inj nnn fyxam'Sea tthn xcog Wr Wc
v2	51	42	9	wn accipiet personam efferet Ein dabit operam audiatur
v2	60	42	9	xn efferat desertum oppida pagos habitetur Kedarena rns
v2	145	47	9	nsn nnia nescis ortum ifitiJ inttj inta Wfi
v2	193	49	9	ms co fc sn jxn Rosenm ller rrn
v2	225	51	9	uisx rw IEJO i's rvrrrn nnd Hdlle zu
v2	251	52	9	thoitgh ty rnida ncs linx'TO ins Comm Rosenm
v2	288	54	9	wiH rvu px rrij bsna sjnto bequemer passender
v2	289	54	9	dwdidaxTot Antiochus Epipbanes Tj Rosenm ller Virgil's florentes
v2	310	55,56	9	ff bequem angenehm pre co lyting EQ ia
v2	321	57	9	nsis Rosenm ller nVis onena nstw Mjit Gousset
v2	322	57	9	srri Persius Livy txa paid bn torrentibus Libanus
v2	325	57	9	ct Lares fina rrcn psra nsrrn rnrrin VsuJn
v2	332	57	9	teaa ssa scortatio exor bitant gingen Narrandi nullus
v2	340	58	9	ns ranEivbv crives hang ns ss Ahab des
v2	353	59	9	i'Bs rnsit rnit nsb confotum fnwi schlange sb
v1	88	6	9	flics Abulwalid Lightfoot Jii Arg natur lly Origen
v2	398	61	9	superbietis nsxn'i Scheid remarkaable Macedonia Achaia JnE nn
v2	402	61	9	acquitted jsn rns ins rj rvpqttov ieQarevopevw vreqavy
v2	415	63	9	trtK jiD'abB njr Hagg contend Croesus Hyrcanus nsa
v2	474	66	9	nn nsj nbria sj tt pvypoavvov Horace px
v1	131	7	9	tfii fijft fl Boswell Dr Johnson Hebrides klingen
v1	175	9	9	jpt Kiiua fcODS oa istj Musculus Menochius thfffnrt
v1	198	10	8	II'K ofjlre itf vsb igne Qyog iix visvip
v1	219	11	8	srjrn JtEsn jvwae evGsfisias scientiae pietatis forti tude
v1	348	19	8	sn xtea vopoe Inl vofiov Sethos Psammetichus resemb
v1	361	19	8	rrni tvzz FPiii irjfi salvalorem principem srn Psammetichus
v1	364	19	8	Q'yixo tfnsx tn rx ns ins ins huldigen
v1	366	19	8	ia XTiJ baniu mbiB Graeco fl rj ies
v1	391	22	8	armour aafc rnirn isirt rvo piw ns Jaffa
v1	394	22	8	forgiven forgiven fto frin msiaj IB forgiven' forgiven
v1	403	23	8	mainland Tyriorum Palaetyrus Menander mainland mainland Rosenm ller
v1	406	23	8	nnb ihtti liK Melo inttS Rosenm ller JL
v1	431	25	8	sp fisn jr Zornhauch Schnauben tnt ip Macpherson's
v1	449	26	8	asnb Beschworung Hannah ppx ttjnb pova IOVO ttinb
v1	457	27	8	Orjf adog rns irna HS fleeing psn nttijD
v1	498	29	8	Weissagung Bt Schrift IDG iaaa prn rnsha wxa
v1	518	30	8	iwv nlavri jdvTwv flocffiC dextraveritis sinistraveritis xn jax
v1	530	31	8	rtin pknitudinc oj bs cn acs rvixast ifi
v1	542	33	8	cr Spain pptts Heuschrecken giert darnach etre magnifie
v1	546	33	8	scdratos firel exerlasting devouringJirel suo commorabitur ignis dcvorat
v1	559	34	8	niai Idumean ivie zum voraus Herods Idumean BBtBfcb
v1	599	37	8	Joah iltcsten Priestern Zedekiah Ahab Micaiah D'V'iJ pis
v1	604	37	8	Libnah Lachish Lachish Libnah Lachish Libnah Lachish Pelusium
v1	624	37	8	rnxrs Virgil Panduntur portae juvat Dorica desertosque videre
v1	625	37	8	Sn avraamrjpbt naBipi bx nbbb balista fia isx
v1	633	38	8	ond Petavius Salmasius EEttJa fcOSti fcsn rvibsa rnbsan
v2	27	40,later-introduction	8	Zwingle nba pas ttss ib petitio principii co
v2	55	42	8	feeep identical'with rn'ia covenantpeople Bundesvolk Mittelsvolk counsellor cs
v2	133	46,47	8	ighteousness downfal Cowper xm Cowper Pizarro downfal downfal
v2	149	47	8	Tt negociators trafficking pedlers gipsy TjT bs tt
v1	80	5	8	Joash Amaziah nrn nt mutilum succisum rriD viarum
v1	81	5	8	ft Umbr vovg Ptopaiovg dia rovrcav i'i Hieroz
v2	205	50	8	vellere barbam Horace Persius Tirshatha contended buf rviaVs
v2	232	52	8	auf auf Macht prisongarments tpoi KBB Antiochus Epiphanes
v2	233	52	8	rvati n'lJ wp sinnsnn nnann Rosenm ller Tnus
v2	239	52	8	nsn MQaioi QK iiw decorus iteaa svog Vtsaa
v2	245	52	8	ji'Tsn Sl Xtt Schuster etwas Zeitraubcndes Judaismus historico
v2	308	55	8	jn rn nnbtt IIBX rbv jna rr sirj
v2	315	56	8	alterna tions Rosenm ller commendabilis hac aetate ecclesiae
v2	319	57	8	sti Tertullian nulla probabilem mjeans denn denn BB
v2	328	57	8	nj Zwingle Thenius Tj ss Sf bsrj rni
v2	338	58	8	aiss morti fying yno Qiovg subjectos fiis Naboth
v2	357	59	8	atea pito whoso nss WB bVa wurde selteii
v2	390	60	8	istji yvldaucw ttb il pp WBO soa ixarn
v2	411	62	8	asjn Jn Rosenm ller dieselben Worte eadem legimus
v2	435	64	8	rrij Rosenm ller Cp aquae effervescunt igne itini
v2	444	65	8	ttJ tti tyevtj qv Moshe Haccohen pffenbar np
v2	447	65	8	Rosenm ller sed redeamus vatis explicando versamnr trt
v2	461	65	8	iitfx Rosenm ller negligentius ittjx KX yixn fTpt
v2	485	66	8	it'rj rr ri isx sr Zorncsgluth ttjrt ttitt
v1	174	9	8	Comm fiss paax fyepcov pfyav pixoov incurvantem refraenantem
v1	178	9	8	fc'nain int tsrso sxa iVorr iirx Rosenm ller
v1	7	1	7	sicut vastitate hostili a'pt nasna nt c'nt
v1	217	10	7	counsellors p'nxa Rosenm ller nx Vna oso
v1	239	12	7	Jcnoivn nrm hs rvixa rsTia stpa ns'nia
v1	329	17	7	bx sp isp sj sKs TT Erntezeit
v1	345	19	7	Psammetichus Sethos Onias Leontopolis Diodorus Manetho Psammetichus
v1	350	19	7	lixia SB Angstland iis ns nsts Pp
v1	379	21	7	assriders pib ttS Xenophon Xenophon slg dvo
v1	380	21	7	allnight sHs sS rvnK aprefatory roareih rrj'iK
v1	401	22	7	hang XXXS msss nrssand desio maax SD
v1	423	24	7	xa rs Rem Rosenm ller Rosenm ller
v1	477	28	7	tixis fc MNS fcs tellement que plein
v1	502	29	7	isn ws oia isipia sx bx iirT
v1	506	30	7	agravation Tjbib snoifoare svv ag fundendum fusile
v1	531	31	7	m'B nis sn ri xb ittJ oj
v1	534	32	7	izrs Hs rttSp fistii srti nsai atfl
v1	536	32	7	nsflj bs ivomeii maJce ttjta nphn ft
v1	594	36	7	ifthou ansrn bs Joah Aramean Aramean intelli
v1	597	36	7	jS ja bx isaizjn Tiandl Sipphara Ivvah
v1	610	37	7	xrr Bahr aip ygvnsg shechinah ipse bs
v1	623	37	7	ofitsdf rrso trrnu urno avTo avtoyvrj bisx
v1	627	37	7	Cicero's Catiline's abiit excessit evasit erupit Cilicia
v1	630	38	7	Ahab JL Moslirn isx xsx bx ttx
v2	1	40	7	sp fcific popuh ht ins cxa dicet
v2	7	40	7	rrn unpoetical IDS esn crn vayyeliG tv
v2	40	41,later-introduction	7	pE'n m'sB threshingwain vielspitzig vielschneidig sectioncs anaerisis
v2	92	44	7	Witt riri wvn pn Jarch dMsre px
v2	118	45	7	Tp bx rns ns rr nn itfsa
v2	124	45	7	tjx njr xir ot ss ms ina
v2	128	46	7	potuerunt salvare portantem sto nrrwn Diodorus downfal
v2	131	46	7	oofs n'nnx tsn thejfar counsellor personae nss
v2	142	47	7	stt'i iriterpunction XE immediatelydependent nvsy Diodorus Siculus
v2	155	48	7	nirtfsn Ikneiv sb nujp ir nirj Gousset
v2	173	49	7	brino Rosenm ller asitib ib fr Tb
v2	177	49	7	ifcxb cijrhb ri freedmen Rosenm ller bna
v1	67	5,introduction	7	ns Hamburg Leipzig followedby Erlangen Erlangen Hierozoicon
v2	207	50	7	undertaken contend kt kt causemaster bsa contend
v2	229	51	7	ixfi Hirsch awrhor jjpieqs ov oQvya rns
v2	231	51	7	Tp niin rian Lactantius Sesostris Diodorus valour
v2	290	54	7	Rosenm ller fxso calumniam piB ntnna ptf
v2	301	55	7	Mai ft rns nta QI ag nyt
v2	314	56	7	rV fl sn itthi ri co Mai
v2	327	57	7	mightcst csi cb cbira quidem imao l'sa
v2	355	59	7	tentious arfcasTea irpr nnn itli Vitiinga's Croesus
v2	367	59	7	yi zb trtxsv uv icor befcr exampie
v2	370	60	7	is'contrasted Newman England pomtoi rnt Shechinah unbiassed
v2	386	60	7	ofage nnn nwato ste px rn cbis
v2	401	61	7	ftbw rv rV iia I'BIZJ biia trr
v2	429	63	7	Rosenm ller Rosenm ller pre Hitzio pre
v1	102	7	7	ftni Steudel Tiglathpileser nns Va Rosenm ller
v1	105	7	7	tection Remaliah Remaliah apoleon Nalways Buonaparte Remaliah's
v1	119	7	7	oth dudum deserta erit saw'to renewea Tsaiah
v1	122	7	7	ciently Calovius iite'ibis TTQIV yvtivai Shearjashub Immanuelrthe
v1	124	7	7	waJj Mai izna as'f Joash blosses Drohwort
v1	141	8	7	qbn ias acsi dixisset terra nihitominus erit
v1	142	8	7	nsn ssn seyd ihr Volker isn TBtn
v1	59	introduction	7	Michlal Jophi Melech Abendana Zwingli Oecolainpadius Fagius
v1	2	1	6	rttn ptn potiori denominatio ggnffiaj gg
v1	6	1	6	paftcoi tumour ventum Eng thn bloxJujQia
v1	10	1,preface	6	ic advenitis appareatis conspectu fs manycases
v1	12	1	6	jSazzoAoy fi'W caedibus plenae Fabricius Theol
v1	13	1,preface	6	causa causa Vsa totfi rr rst's
v1	21	1	6	Res butm jbn ibsfe theTme versa
v1	230	11	6	ior merismus parallage elliptica HezeJciah Kbs
v1	236	11	6	intepretations nh munita rp SPSS Ktst
v1	237	12	6	piac iti siiaj sttjy stt xb
v1	248	13	6	Michlol Jophi co nacav irtv uxovftbtp
v1	265	13	6	wohes Dn fyeen Milton rnaabx niiais
v1	268	14	6	Stamme ibnanrj Constantius pre buWith TW
v1	271	14	6	Tia rvna rni rvna rn iftba
v1	299	14	6	xVa lotg ii'a oxb sxba ns
v1	314	16	6	cn fiWs nxs laran harbour Tiglath
v1	322	16	6	Kirhares lafv totus commovebor haoa ftao
v1	370	20	6	Maimonides Staudlin Suetonius pto Lightfoot rn
v1	371	20	6	MJi'a facie attJ ttjbia irbu Ashdod
v1	373	20	6	ns ttSw rnasfi Ashdod Ashdod Ashdod
v1	378	21	6	appals Xenophon nsst MQ rv Bx
v1	425	24	6	inft formido ipa bip ins Milton
v1	462	27	6	niaflj tfl xxvn Schnurrer takehold ftasi
v1	480	28	6	ftSW sb ittiit nnwa Kto fisjj
v1	493	29	6	moeror ac moestitia heroes zxv irmi
v1	500	29	6	oaSBfi ttfie seyd ihr verkehrtl bs
v1	545	33	6	hrix ishable rrn rrn com municated
v1	554	33	6	pn laxati adjeclive tx bVr ir
v1	608	37	6	Ivvah Ivvah Anammelech Musculus levah PX
v1	634	38	6	CMC rifiD Tnb nxwb aegrotasset convaluisset
v1	642	38	6	ivn fc dh nn isin IB
v2	43	41	6	nsniSJs nx pNia BS fis Melek
v2	44	41,later-introduction	6	nx Cyaxares pi'nst apostacy sixtysixth dieth
v2	67	42	6	m'jn nps salce ysn ip iB
v2	70	43	6	downfal Menochius nnx attah Rosenm ller
v2	93	44	6	illorum ipsi vident puncta extraordinaria ri
v2	135	47	6	nb ns rs filk Chasdim Rosen
v2	136	47	6	miiller Chasdim bs tnito Chasdim fcafc
v2	156	48	6	TW vaticinium eventum fn Jsb Imcw
v2	157	48	6	Iknew riaapi quando Egypto liberatus ventre
v1	65	5,introduction	6	kindied Esop's Heidelberg eventu Konigsberg candour
v2	201	50	6	Artaxerxes Longimanus irr fyQav faovrai pxa
v2	230	51	6	inx Michlal Jophi Antiochus Epiphanes I'B
v2	241	52	6	ftS nss nss nss praeteritum propheticum
v2	297	55	6	wohlan aufl heu xas omne sitiens
v2	312	56	6	csn ja Fremde Hensler's fc nb
v2	358	59	6	Rosenm ller desole ft ft amonothemselves
v2	360	59	6	habenda scopi singularum vocum nst rw
v1	90	6	6	Qsn niax superliminaria cardinum voce clamante
v2	385	60	6	bef adorabunf vestigia tuoruni pta ttStipj
v2	388	60	6	QtiJ Jifertn ylv occupabit fiib fiabb
v2	406	62	6	Suetonius's athletae Rosenm ller Brentius diadtm
v2	414	63	6	Croesus overthrown Sardis pisn fiin nrs
v2	427	63	6	m'Enfi straucheln anstossen Frana isnan Hagg
v2	433	63	6	fcbisa tabtea Rosenm ller xib fc
v1	134	7	6	xn rx Kiaft FX Rosenm ller
v1	139	8	6	Remaliah Steudel exa toitoa Remaliah pp
v1	36	introduction	6	pra ctical candour Stat ratiom voluntas
v1	62	introduction	6	Jsai Dr London Poesi Hebraeorura Gottingen
v2	20	later-introduction	6	totidem verbis Xenophon Pasargada Neriglassar Sardis
v1	216	10	5	Hii soa rnse nxQ nx
v1	315	16	5	tr Stfta n'ns sxfa xn
v1	356	19	5	ofJudah xsn rra'nx ins mincj
v1	432	25	5	nasn osn nss Bauer TPS
v1	437	25	5	imsa iBn ixao amutt Tpnfch
v1	465	27	5	Ashtoreth IBS' ns iasfiaa afflic
v1	492	29	5	bx heroes nj rt xxvin
v1	45	3	5	nbizJaa adinventiones conata downfal Zedekiah
v1	535	32	5	bss hfes bss Taugenichts Windbeutel
v1	537	32	5	sb XOTTTGO plango i'isb bsi
v1	553	33	5	cipa Memphis c'lj Qto propelled
v1	574	34	5	nunquam restituetur respublica Judaeorum terra
v1	575	35	5	xn xin nstn sb nnm
v1	578	35	5	vestras Menochius Gurtlerus vGoi EIQ
v1	591	36	5	Lachish Lachish Lachish Lachish Lachish
v1	609	37	5	Ludolf DIIBD literae Thibet imms
v1	620	37	5	pimsb TJPSI Vtrr shouldt'st p'mnV
v1	621	37	5	ns rr iia riaita t'ley
v1	622	37	5	psffi nxft JXTB ia buffaloes
v1	639	38	5	Ty ttj ia pres ent
v2	2	40	5	ss natti pr terita prophetica
v2	28	40,later-introduction	5	epicu rean pp esta blishing
v2	29	40	5	ov ntivuGti inscru fortiori inb
v2	72	43	5	tlwu sn thysclj Meroe IBS
v2	75	43	5	arxin educ xrin npa ln
v2	100	44	5	ots frr irt ja sbn
v2	104	44	5	hP httx avrov trtis madmen
v2	115	45	5	tTreQ' WECJ ibxiy xiiS rwst
v2	139	47	5	saidst ft rras segholate nMlbizJ
v2	146	47	5	Diodorus Siculus tny Rosenm ller
v2	152	48	5	onlysafe pre fivesixths downfal fiWpa
v2	166	48	5	nisa rvira ovde vvv ajrofocrai
v2	174	49	5	rvirn rj T'sa Antioch Pisidia
v2	189	49	5	Rosenm ller OtheTTgive stj sfca
v2	194	49	5	thry Hindostan TrafSayooyoV rfcSTa ns'iK
v2	196	49	5	oai p'ls Urabreit c'a ttJ
v1	74	5,introduction	5	tc prese tth D'isj Galatia
v1	77	5	5	JiKiaia EC nigrum Candida vertunt
v1	78	5	5	fallax sapientiae hardi heroes heroes
v2	208	50	5	wie ein Gewand verzehrt anexdvcdftwoi
v2	279	54	5	wornaii ris nsQ rraa'raj nbws
v2	293	54	5	uJx regimine armourer ninizSa bao
v2	294	54	5	co spu wn jus of'Jehovah's
v2	300	55	5	rvna rns fcs rns oai
v2	311	56	5	remem brancer xz rxi pp
v2	317	56	5	Icnow nsn tesa inat omnes
v2	329	57	5	IBsi iax vox sni ftbinri
v2	335	57	5	purchas vpaTa ayQia vatjg Ovid
v2	349	59	5	Hanc veniam petimusque damusque vicissim
v2	391	60	5	ipse subito faciam semijudaei Procopius
v2	396	61	5	vv feian fvia fej majores
v2	397	61	5	ploughmen vinedressers laymen Procopius vinedressers
v2	403	61	5	ttmas rrssp rrr germinat germinabit
v2	408	62	5	srt iTjstx Tertullian Deo grata
v2	410	62	5	xas ibpo jasTa br bx
v2	436	64	5	rijjM praeterite rviaix Rosenm ller
v2	446	65	5	nisa ttiaa rvi Rosenm ller
v2	452	65	5	ittsxs irx ttSrrn grapejuice tt
v2	454	65	5	ofAchor Jericho Joppa Cesarea guaranteeing
v2	473	66	5	oitn tanv Ijaiyinr TXT ciiing
v2	478	66	5	ternpJe jixcj liu versebefore Antiochus
v2	491	66	5	Mxa ystf obK nss rixa
v2	495	66	5	counes Thevenot rinsa wz rmao
v1	138	8	5	xia srjrp Rosenm ller Tiglath
v1	154	9	5	Mai rst MaVs msba jba
v2	14	later-introduction	5	Sweden Spain downfal pre downfal
v2	9	later-preface	5	Cyro jesaianischen Weissagungen Leipzig Dr
v1	327	17	4	Rabbah Chrysorroas Arnon ns
v1	328	17	4	isn xia itts quidem
v1	29	2	4	Hn Kn Hn Hk
v1	374	20	4	fortiori hs mainland Nt
v1	421	24	4	itbx oax fibnx nbsx
v1	481	28	4	SD ibitis faj aaJM
v1	485	28	4	CEIE shouTCrfill ns rumour
v1	490	28	4	ttj'isp cnb IB uns
v1	529	31	4	Thebes Diodorus Thebes Memphis
v1	557	34	4	praeteritum prophcticum olentcs agros
v1	588	36	4	xvm xxxn historiogra phers
v1	595	36	4	bs nbiu bx pis
v1	600	37	4	fvix oveidifffjiov nsxa Verwerfung
v1	606	37	4	naia iven hyperbolical fiB'nnnb
v1	616	37	4	bs rr rbira nx
v1	631	38	4	urbs qor ijsri eventu
v1	638	38	4	Tto Schleiermacher Fte'nw offaiishing
v2	38	41,later-introduction	4	werenot seelc OSN foreknew
v2	52	42	4	uiclc clamour rx clamour
v2	65	42	4	the'last videndo intuemini intuemini
v2	68	42	4	tcrgo zuruckwarts MS rnin
v2	69	42	4	I'BX excanu'cscentid excandescentid iram
v2	76	43	4	Rosenm ller ipw fcjo
v2	83	43	4	ranj olah zebahi lebonah
v2	129	46	4	jn ISE these'relations Florus
v2	158	48	4	BK pwtQO vpos longanimis
v2	191	49	4	clamour clamour Vv sj
v2	206	50	4	stedfastly TTQOGWTZOV avrov lariJQi
v2	217	51	4	Rosenm ller sich erbarmen
v2	220	51	4	KXJ nsi downfal Croesus
v2	226	51	4	MS'S nnu nnu Tia
v2	227	51	4	siH rviaai Rosenm ller
v2	243	52	4	armourbearers fixri ia rxaa
v2	280	54	4	cia pfi ttJ hisatiji
v2	281	54	4	finpa pluralis majestaticus ri
v2	284	54	4	wie Wassern rttix itfx
v2	305	55	4	der der Missethat ttiarw
v2	318	56	4	revellers rra crastinus biia
v2	320	57	4	tfl inba incedit reguicscat
v2	326	57	4	ns ttSsos dcsperatum nbn
v1	91	6	4	quia tacui xarcmVt Tflaii
v2	400	61	4	Rosenm ller tjjsbn conferred
v2	405	62	4	justum tuurn inclytum tuum
v2	413	62	4	Derushah Ir neezabah ploughmen
v2	423	63	4	repreted seni ft rjtl
v2	442	64	4	ianp rnn Antiochus Epiphanes
v2	455	65	4	aftxi Zeltner ia Menij
v2	481	66	4	nx btrn mln rfcn
v1	107	7	4	ttS wp frfi Remaliah's
v1	113	7	4	Chrysostom nixbrr Ms le
v1	128	7	4	Assyrian's'and ri ajinoying mosquitoes
v1	140	8	4	nsrt Arrian Adtivgiav iTbs
v1	146	8	4	inp nsis nst xb
v1	28	introduction	4	Nabonassar twentyeight Jehoiada Joash
v2	23	later-introduction	4	nauseam petitesse versa Comm
v1	3	1	3	fiV iiraBii fy
v1	9	1,preface	3	rrni'ti ac quirements
v1	19	1	3	msfcJ tf reducentur
v1	300	15	3	Tirhaka Tiglath Esarhaddon
v1	355	19	3	Siissjia rs Onias
v1	375	21	3	ariaa facto vrtiv
v1	376	21	3	Abydenus Cpbn Jaa
v1	385	21	3	jsoJs heroes nttJp
v1	390	22	3	mst aiffl iBn
v1	392	22	3	tothe rtjj nbh
v1	399	22	3	Azariah pm datt
v1	419	24	3	psfn aut aut
v1	426	24	3	ris fca Niebuhr
v1	441	26	3	nsiKaa aaiaa ftDbiBtt
v1	463	27	3	siatfja biniz Kb
v1	497	29	3	cas ethe cntri
v1	503	29	3	iinp heiligen mb
v1	533	32	3	fc itt nio
v1	538	32	3	mss trirstt ob
v1	539	32	3	hageln verhagelt Chardin
v1	540	33	3	Antiochus Epiphanes Ferdinand
v1	590	36	3	oi ol Lachish
v1	598	36	3	Joah confer Joah
v1	614	37	3	izifn ihern Sennache
v1	644	38	3	im signl volumi
v1	648	39	3	Hezc Jciah ah's
v1	649	39	3	nnsax Ahijah Zedekiah
v2	3	40	3	ycovt poavroe ntion
v2	57	42	3	II'K rvis cs
v2	90	44	3	FT nsa Procopius
v2	99	44	3	psnofv ofC Wjp
v2	109	45	3	delumbo dumbis Xenophon
v2	110	45	3	analo gous Abydenus
v2	111	45	3	Croesus Brerewood's fcnpK
v2	121	45	3	WFI Ob fleeing
v2	138	47	3	Chasdim Xenophon ijrt
v2	161	48	3	Gobryas Gadates Cyropaedia
v2	164	48	3	tibi consulere goest
v2	167	48	3	Chasdim fnx Ti'S
v2	169	48	3	thqTge nuine confers
v2	185	49	3	WSQ ins SIHSB
v2	186	49	3	IB jaa oa
v1	82	5	3	dormitat multo dormit
v2	228	51	3	rszp bi Ob
v2	246	52	3	sizr avvfoei intelliget
v2	316	56	3	imma terial fiYn
v2	348	58	3	iornn rn rvina
v2	368	59	3	JXoah rvns neverfailing
v1	86	6	3	facie facto nanx
v2	371	60	3	toTjttin tbepast meantime
v2	372	60	3	pirnn Chardin latere
v2	387	60	3	ia rvrj srfejab
v2	440	64	3	ftns finx ifora
v2	465	65	3	ipt rrrp ald
v2	482	66	3	undertaken nefl betne
v2	496	66	3	taJce Rosenm ller
v1	133	7	3	tjlbxa Johannisberg Burckhardt
v1	168	9	3	rem mittet falsity
v1	57	introduction	3	Uzziel Ephrem Syrus
v2	34	later-introduction	3	unbiassed Antiochus Epiphanes
v1	234	11	2	Rosenm ller
v1	324	16	2	Tirhakah Esarhaddon
v1	342	18	2	sn pnK
v1	22	2,introduction	2	Hn officio
v1	387	22	2	sttsa Lightfoot
v1	393	22	2	revellers bbx
v1	404	23	2	ft assD
v1	416	23	2	Johovah PTIS
v1	461	27	2	wb pnb
v1	487	28	2	applic kn
v1	494	29	2	necro mancer
v1	499	29	2	tp bi
v1	541	33	2	ipm fugiant
v1	544	33	2	Clerictis Niphates
v1	552	33	2	JST Pellican
v1	555	33,34	2	forgiven Haccohen
v1	596	36	2	rs Tpa
v1	643	38	2	loth ru
v2	53	42	2	nro isn
v2	58	42	2	wn paid
v2	59	42	2	foreseen foresaw
v2	64	42	2	Rosenm ller
v2	78	43	2	Vx tsa
v2	81	43	2	ts Stiari
v2	102	44	2	ff fr
v2	105	44	2	lEJtrj nuin
v2	120	45	2	frjste xfi
v2	122	45	2	itl Tsa
v2	132	46	2	Stiere Vernunft
v2	159	48	2	wana Aramean
v2	172	49	2	cb BBEE
v2	187	49	2	rn ahD
v2	238	52	2	sn issn
v2	286	54	2	pacificum foedus
v2	304	55	2	Rosenm ller
v2	313	56	2	vialls cippi
v2	333	57	2	quiescere Ferdinand
v2	337	58	2	iGyv'i contend
v2	343	58	2	rereward talte
v1	92	6	2	forgiven shechinah
v2	381	60	2	wiedcr Eicbhorn
v2	384	60	2	thcc box
v2	409	62	2	Rosenm ller
v2	419	63	2	rnsn Tipur
v2	426	63	2	Spbl'o yfcia
v2	441	64	2	JXE NJ
v2	453	65	2	nt onr
v2	460	65	2	rnrn rncrvi
v2	469	66	2	of'the cnmal
v1	104	7	2	isjspoj jr
v1	147	8	2	Rosenm ller
v1	50	introduction	2	ot Medo
v1	182	10	1	Oreb
v1	189	10	1	anglice
v1	203	10	1	hd
v1	257	13	1	fiten
v1	325	17	1	Tiglath
v1	363	19	1	s'li'a
v1	368	20	1	Ashdod
v1	384	21	1	niasiBj
v1	386	22	1	Esarhaddon
v1	400	22	1	hang
v1	415	23	1	nssrx
v1	428	24	1	risab
v1	468	27	1	Gese'nius
v1	484	28	1	IPD
v1	55	3	1	bx
v1	511	30	1	mdetis
v1	547	33	1	won't
v1	593	36	1	niixa
v1	613	37	1	pianx
v1	641	38	1	Ahab
v2	4	40	1	rrrn
v2	73	43	1	xis
v2	74	43	1	wellfounded
v2	80	43	1	IJehovah
v2	82	43	1	fwor
v2	86	43	1	pattah
v2	116	45	1	Cyropaedia
v2	204	50	1	foresaw
v2	296	55	1	recognis
v2	334	57	1	an'ia
v2	354	59	1	MtiAe
v1	85	6	1	aggra
v2	369	60	1	pre
v2	404	62	1	salvator
v2	417	63	1	SUJK
v2	434	64	1	His'favour
v2	443	64	1	pre
v2	459	65	1	bidden
v2	463	65	1	tYhsn
v2	486	66	1	ns
v2	498	66	1	pre
v2	499	66	1	newmoon
v1	100	7	1	measure'of
v1	111	7	1	Je
v1	171	9	1	qibna
v2	11	later-introduction	1	Ashtoreth
v2	31	later-introduction	1	Haggai
