0	2	"a	'a
1	4	of"	of
2	4	2"	2
3	5	uttered,"	OK
4	5	"enders	enders
5	6	bod}"	body,
6	7	"While	While
7	10	thoughts."	?
8	12	answer"	answer
9	12	translated, "	OK
10	12	him,"	OK
11	12	him,"— "	him,"—"
12	12	puff"	puff,"
13	12	puff","	puff,"
14	12	puff","—"	puff,"—"
15	12	away,"	OK
16	14	"well	well
17	16	"their	“ their
18	16	hasten,"	OK
19	16	mouth."	OK
20	16	verse. "	OK
21	16	destroyer."	OK
22	17	me."	OK
23	17	"from	OK
24	17	world."	OK
25	17	world." "	OK
26	18	"it	?
27	18	word (!"	word (רַב)
28	18	"wished	wished
29	18	emphatic. "	emphatic. “
30	18	candle."	?
31	20	acts. "	?
32	20	7^"	דֶּגֶל
33	20	translation, "	translation, “
34	20	banner."	OK
35	22	part. "	part. "
36	22	deserted? "	deserted ? ”
37	22	strength.* "	strength. "
38	22	extremity?"	OK
39	22	constructions. "	OK
40	22	roaring,"	roaring,"
41	22	roaring?"	roaring ?"
42	22	affirmation: "	affirmation : "
43	22	help,"	?
44	22	sentence. "	?
45	22	roaring? "	?
46	22	clause. "	OK
47	22	Israel,"	OK
48	22	Israel," "	Israel,"
49	22	thereof "	thereof
50	22	off"	off
51	25	"1	ר,
52	25	the"	the
53	28	"not	not
54	32	the "	the
55	32	experience. "	OK
56	32	delivered."	OK
57	34	being "	being ו.
58	35	chaff"	chaff
59	37	"1	יְקַר
60	37	Israel. "	Israel. “
61	37	Israel. "•"	Israel. "
62	37	rule."	OK
63	38	"While	While
64	38	he "	he "
65	38	peace"	OK
66	38	answer"	OK
67	39	"ers	suffers
68	41	mean "	mean "
69	41	mean ""	mean "
70	41	health."	OK
71	41	malice. "	malice. '
72	43	"1	כנור
73	45	and"	and
74	45	8), "	OK
75	45	wisdom."	OK
76	45	whom "	OK
77	45	mouth"	OK
78	51	confession, "	?
79	51	settled"	settled)
80	53	"ID	סר
81	57	"saints	'saints
82	58	off"	off,
83	58	off"	off,
84	59	night"	OK
85	59	"though	OK
86	59	night."	OK
87	69	said, "	OK
88	69	"is	is
89	69	nevertheless,"	OK
90	72	"earth	earth.
91	74	"Why	Why
92	74	clause. "	OK
93	74	smoking? "	smoking ? "
94	74	staff"	staff,
95	74	"liii	liii
96	77	himself"	himself,
97	78	"Wonder	Wonder
98	78	off"	off
99	81	feast, \*"	feast, i
100	81	"people	people
101	84	Hi)"	רִנָּה
102	87	me, "	?
103	88	"st	first
104	89	"e	Com-pare
106	89	suffering? "	suffering ? "
107	89	Or, "	OK
108	89	"What	What
109	90	"7	עַד
110	90	"t	not
111	90	object. "	object. "
112	90	"Who	" Who
113	90	anger?"	?
114	90	anger?" "	?
115	90	anger)."	OK
116	90	"In	" In
117	90	mortality."	OK
118	90	suppose, "	OK
119	90	wisdom,"	OK
120	90	"we	" we
121	90	wisdom,"	OK
122	99	"viii	viii
123	105	live."	OK
124	107	"ly	עַד
125	107	time, "	time, *i.*
126	110	priestly"	priestly
127	110	a "	a “
128	110	priests "	OK
129	118	off"	off
130	119	verb ("	verb (
131	120	The"	The
132	120	"What	What
133	126	when "	OK
134	126	joy "	?
135	126	16), "	16), "
136	126	Israel "	?
137	128	conjunction ("	conjunction (
138	132	7/"	If
139	134	"We	We
140	134	last "	OK
141	134	ascents."	OK
142	138	"With	With
143	139	"1111	שַׁחַר
144	141	"When	When
145	148	"Not	Not
