10	preface.md	著者本意	著者的本意	页内1处 贴合=0.95 方向=+0.03 领先=1.95 …若误导读者离开原[著者本意→著者的本意]那就有违初衷僭越…
12	preface.md	上帝的	上帝的话	页内3处 贴合=0.94 方向=+0.02 领先=0.60 …恭敬的态度来处理[上帝的→上帝的话]绝不应当本着不同…
12	preface.md	你的交道	你我的交谊	页内1处 贴合=0.96 方向=+0.07 领先=1.96 …因为学者们都知道[你的交道→你我的交谊]所以你的评论反而…
14	preface.md	法律	律法	页内3处 贴合=0.97 方向=+0.05 领先=0.76 …因良心对他们就是[法律→律法]故此他们应深感有…
14	preface.md	反过来	反过来说	页内1处 贴合=0.98 方向=+0.02 领先=1.98 …主张其他称义之法[反过来→反过来说]他指示我们不应再…
16	preface.md	睛	瞎	页内1处 贴合=0.84 方向=+0.06 领先=1.84 …要除去由他们的眼[睛→瞎]而生出的罪他把亚…
17	preface.md	顽梗化	顽梗不化	页内1处 贴合=0.89 方向=+0.03 领先=1.89 …的劝勉因当时有些[顽梗化→顽梗不化]的人坚守摩西的律…
17	preface.md	愿意	顾念	页内1处 贴合=0.81 方向=+0.12 领先=1.81 …徒的自由保罗特别[愿意→顾念]信心软弱的人禁止…
21	1.md	令我们悔罪过的时候	令我们悔罪改过的时候	页内1处 贴合=1.00 方向=+0.02 领先=2.00 …灵在我们内心作工[令我们悔罪过的时候→令我们悔罪改过的时候]方能理解这能力其…
23	1.md	归于	归诸于	页内1处 贴合=0.98 方向=+0.02 领先=1.98 …绝不将救恩的称赞[归于→归诸于]人自身救恩乃完全…
23	1.md	可列于	可被列于	页内1处 贴合=0.77 方向=+0.03 领先=1.77 …一项真理没有一人[可列于→可被列于]信徒的数目中除非…
26	1.md	法律	律法	页内3处 贴合=0.96 方向=+0.08 领先=0.64 …反之乃是唤起人对[法律→律法]遵守的注意誓约是…
26	1.md	法律	律法	页内2处 贴合=0.80 方向=+0.08 领先=0.48 …遵守的注意誓约是[法律→律法]所许可的但虚伪的…
26	1.md	法律	律法	页内1处 贴合=0.83 方向=+0.08 领先=1.83 …与不必须的起誓乃[法律→律法]所禁止如果我们要…
27	1.md	也等同于	也就等于	页内1处 贴合=0.71 方向=+0.00 领先=1.71 …就是说保罗传福音[也等同于→也就等于]他服侍上帝可是他…
27	1.md	所指的	所说的	页内1处 贴合=0.80 方向=+0.00 领先=1.80 …提到你们他在这里[所指的→所说的]并不是指一般求告…
27	1.md	致力	致志	页内1处 贴合=0.86 方向=+0.00 领先=1.86 …的挂虑排除而专心[致力→致志]于上帝工作的祈祷…
27	1.md	祈祷	祈求	页内8处 贴合=0.81 方向=+0.00 领先=0.69 …致志于上帝工作的[祈祷→祈求]当罗马人不在他心…
29	1.md	梦幻	幻梦	页内1处 贴合=1.00 方向=+0.05 领先=2.00 …想去罗马的事变为[梦幻→幻梦]所以他不断地祈求…
29	1.md	分	本分	页内3处 贴合=0.94 方向=+0.03 领先=0.72 …们也不企图做自己[分→本分]以外的事或去反对…
30	1.md	监督	基督	页内2处 贴合=0.80 方向=+0.00 领先=0.72 …谦卑在他们的教师[监督→基督]之下共同受训练与…
30	1.md	监督	基督	页内1处 贴合=0.76 方向=+0.00 领先=1.76 …学问的人绝不当从[监督→基督]的学校中被驱逐有…
30	1.md	使	债	页内1处 贴合=0.84 方向=+0.00 领先=1.84 …保罗欠他们的福音[使→债]他当然要偿还所欠…
30	1.md	服待	服侍	页内1处 贴合=0.83 方向=+0.00 领先=1.83 …就必须享受保罗的[服待→服侍]所有的教师也都有…
30	1.md	要求	追求	页内1处 贴合=0.90 方向=-0.07 领先=1.90 …出来再者如果我们[要求→追求]或爱慕上帝的仁慈…
31	1.md	那里	这里	页内1处 贴合=0.88 方向=+0.05 领先=1.88 …帝的话语因为他在[那里→这里]并不是说到什么秘…
32	1.md	论到上帝的意思	论到上帝的义的意思	页内1处 贴合=0.94 方向=+0.05 领先=1.94 …己的义传递给我们[论到上帝的意思→论到上帝的义的意思]我要这样解释这个…
32	1.md	惟有信才得享永久的生命	惟有信才能得享永久的生命	页内1处 贴合=0.77 方向=+0.03 领先=1.77 …幻影是只存片时的[惟有信才得享永久的生命→惟有信才能得享永久的生命]除了把我们领到上…
34	1.md	有些人不在不虔与不义之间	有些人在不虔与不义之间	页内1处 贴合=0.81 方向=-0.03 领先=1.81 …白本节经文的意义[有些人不在不虔与不义之间→有些人在不虔与不义之间]划一不同的界限以…
35	1.md	上帝的确证	有上帝的确证	页内1处 贴合=0.90 方向=+0.03 领先=1.90 …就清楚证明人从此[上帝的确证→有上帝的确证]能得到什么那就是…
35	1.md	存並非	存在并非	页内1处 贴合=0.74 方向=+0.18 领先=1.74 …位上帝因为世界的[存並非→存在并非]出于偶然亦非由其…
36	1.md	书	节	页内1处 贴合=0.94 方向=+0.06 领先=1.94 …明有的解经家从本[书→节]经文推测说保罗在…
36	1.md	为平等	列为平等	页内1处 贴合=0.94 方向=+0.03 领先=1.94 …与自己卑贱的地位[为平等→列为平等]其实他们应当自己…
37	1.md	离开了真上帝	离弃了真上帝	页内1处 贴合=0.95 方向=+0.05 领先=1.95 …耀改变了所以他们[离开了真上帝→离弃了真上帝]他们也不能以此虚…
37	1.md	都疯狂地	都在疯狂地	页内1处 贴合=0.93 方向=+0.02 领先=1.93 …值得注意的是他们[都疯狂地→都在疯狂地]为自己造作上帝的…
37	1.md	降低至兽	降低至走兽	页内1处 贴合=0.93 方向=+0.02 领先=1.93 …足他们甚至把上帝[降低至兽→降低至走兽]以及最丑恶最污秽…
38	1.md	误解	曲解	页内1处 贴合=0.97 方向=+0.05 领先=1.97 …两个字的意思被人[误解→曲解]他们以为我们由于…
38	1.md	从事肉体幻想	从肉体幻想	页内1处 贴合=0.92 方向=+0.02 领先=1.92 …就不是真上帝乃是[从事肉体幻想→从肉体幻想]中虚构出来的上帝…
40	1.md	惜	借	页内2处 贴合=0.94 方向=-0.06 领先=0.76 …己毫无约束而犯罪[惜→借]消除善恶之间的区…
42	2.md	无人能在上帝面前算为公正	无一人能在上帝面前算为公正	页内1处 贴合=0.98 方向=+0.03 领先=1.98 …些大罪之后就证明[无人能在上帝面前算为公正→无一人能在上帝面前算为公正]于是抨击那些所谓…
44	2.md	灵感感动	灵感动	页内1处 贴合=0.77 方向=+0.02 领先=1.77 …为有罪乃受上帝的[灵感感动→灵感动]这不过是稍微类似…
44	2.md	井非没有重要意义	并非没有重要意义	页内1处 贴合=0.70 方向=+0.05 领先=1.70 …五次提到人这个字[井非没有重要意义→并非没有重要意义]他的目的是突出人…
44	2.md	是以心存善意	是心存善意	页内1处 贴合=0.94 方向=+0.03 领先=1.94 …通以为上帝对他们[是以心存善意→是心存善意]因为上帝的仁慈乃…
46	2.md	继续不断地行善的	继续不断地行善说的	页内1处 贴合=0.90 方向=+0.03 领先=1.90 …是指着人废寝忘食[继续不断地行善的→继续不断地行善说的]可是忍耐也是信徒…
46	2.md	只寻求世上其他的事	只知寻求世上其他的事	页内1处 贴合=0.92 方向=+0.02 领先=1.92 …意思并不是说他们[只寻求世上其他的事→只知寻求世上其他的事]而不以寻求主为目…
48	2.md	明文法律的知识	明文律法的知识	页内1处 贴合=0.78 方向=+0.09 领先=1.78 …人的罪不必然需要[明文法律的知识→明文律法的知识]请读者诸君看一看…
50	2.md	圈外	题外	页内1处 贴合=0.71 方向=+0.07 领先=1.71 …律法似的那乃是在[圈外→题外]的事他所说的并不…
50	2.md	你们的信心得太迟钝了	你们的心信得太迟钝了	页内1处 贴合=0.83 方向=+0.07 领先=1.83 …章节说无知的人哪[你们的信心得太迟钝了→你们的心信得太迟钝了]我们也不能下结论…
50	2.md	法律	律法	页内1处 贴合=0.88 方向=+0.08 领先=1.88 …的礼仪和形式制定[法律→律法]以惩奸淫偷盗杀人…
50	2.md	异教作家	异教徒作家	页内1处 贴合=0.93 方向=+0.04 领先=1.93 …痛苦无法形容所以[异教作家→异教徒作家]说好良心有广大的…
50	2.md	彻底明显	彻底显明	页内1处 贴合=1.00 方向=+0.07 领先=2.00 …进行中等到那时就[彻底明显→彻底显明]他说到此点是要叫…
52	2.md	广受欢迎	广被欢迎	页内1处 贴合=0.94 方向=+0.06 领先=1.94 …犹太人假如这抄本[广受欢迎→广被欢迎]就正合我的意思但…
52	2.md	但假如有人对此说不满意的人	但假如有对此说不满意的人	页内1处 贴合=0.98 方向=+0.02 领先=1.98 …个说法倒十分清楚[但假如有人对此说不满意的人→但假如有对此说不满意的人]我宁愿提出自己的…
53	2.md	主	他	页内1处 贴合=0.89 方向=+0.07 领先=1.89 …有的上帝又自称为[主→他]的子民在人前自夸…
53	2.md	充足足	充充足足	页内1处 贴合=0.92 方向=+0.05 领先=1.92 …够用的教训还能去[充足足→充充足足]地教导别人他姑且…
54	2.md	奸恶	奸淫	页内1处 贴合=0.86 方向=+0.10 领先=1.86 …意与他同伙又与行[奸恶→奸淫]的人一同有分这责…
54	2.md	因为二者	因为此二者	页内1处 贴合=0.92 方向=+0.04 领先=1.92 …与偶像崇拜作对比[因为二者→因为此二者]是同出一辙偷窃庙…
54	2.md	法律	律法	页内5处 贴合=0.86 方向=+0.10 领先=0.48 …马书罗马书你指着[法律→律法]夸口犯罪的人虽然…
57	2.md	法律	律法	页内1处 贴合=0.79 方向=+0.07 领先=1.79 …平与真实这些乃是[法律→律法]的要点罗马书罗马…
58	2.md	相互对比	互相对比	页内1处 贴合=0.95 方向=+0.05 领先=1.95 …是把律法与福音来[相互对比→互相对比]他称律法为字句这…
59	3.md	所得到的价值	所得来的价值	页内1处 贴合=0.95 方向=+0.05 领先=1.95 …乃是从上帝的圣言[所得到的价值→所得来的价值]保罗在这里问割礼…
59	3.md	解释	解明	页内1处 贴合=0.56 方向=+0.03 领先=1.56 …子孙并以后记载又[解释→解明]在律法与预言书上…
60	3.md	交付	交托	页内2处 贴合=0.97 方向=+0.07 领先=0.41 …契约如今此圣言已[交付→交托]给他们目的是要在…
60	3.md	更不必轻视	更不必言轻视	页内1处 贴合=1.00 方向=+0.03 领先=2.00 …心来接受上帝的话[更不必轻视→更不必言轻视]我们该受何等的咒…
61	3.md	反对对而论	对反而论	页内1处 贴合=0.62 方向=+0.02 领先=1.62 …我总认为这是所谓[反对对而论→对反而论]的必然立场意思是…
61	3.md	不想回	不回想	页内1处 贴合=0.59 方向=+0.00 领先=1.59 …视上帝的话假如他[不想回→不回想]上帝的真实并不取…
61	3.md	确定性	确实性	页内1处 贴合=0.74 方向=+0.00 领先=1.74 …宣告在人里面没有[确定性→确实性]从人也得不到真理…
62	3.md	罚	判断	页内1处 贴合=0.86 方向=-0.02 领先=1.86 …伯来文是这样以致[罚→判断]我的时候显为清正…
63	3.md	里	虽	页内2处 贴合=0.89 方向=+0.00 领先=0.77 …显出上帝的义来这[里→虽]离主题稍远但保罗…
63	3.md	一辩辞	一段辩辞	页内1处 贴合=0.91 方向=-0.03 领先=1.91 …上帝的职任中引出[一辩辞→一段辩辞]上帝要审判世界因…
65	3.md	信仰仰经	信仰经验	页内1处 贴合=0.86 方向=+0.04 领先=1.86 …罗所传的道在缺乏[信仰仰经→信仰经验]之人中间也受到如…
65	3.md	那里	这里	页内1处 贴合=0.73 方向=+0.05 领先=1.73 …的相冲突因为他在[那里→这里]似乎夺回他从前所…
67	3.md	真实	确实	页内1处 贴合=1.00 方向=+0.06 领先=2.00 …由圣经所证明完全[真实→确实]的教义保罗并没有…
67	3.md	描写其残暴	描写极其残暴	页内1处 贴合=0.94 方向=+0.03 领先=1.94 …震撼的一种说法是[描写其残暴→描写极其残暴]的野蛮所到之处即…
67	3.md	抢夺	掠夺	页内1处 贴合=1.00 方向=+0.07 领先=2.00 …的路他们未曾知道[抢夺→掠夺]暴力错行残虐与叛…
69	3.md	法律	律法	页内1处 贴合=0.61 方向=+0.00 领先=1.61 …自己的门徒都是对[法律→律法]以下之人说的他说…
70	3.md	我们	他们	页内16处 贴合=0.88 方向=+0.06 领先=0.38 …靠行为我们也知道[我们→他们]只以外表上的事自…
70	3.md	指导	指着	页内1处 贴合=0.88 方向=+0.08 领先=1.88 …中所说的割礼乃是[指导→指着]礼仪说的他们反对…
70	3.md	实正当	实属正当	页内1处 贴合=1.00 方向=+0.04 领先=2.00 …论的正题保罗此举[实正当→实属正当]而有智慧那些主张…
72	3.md	法律	律法	页内2处 贴合=0.76 方向=+0.04 领先=0.67 …相反的地位上因为[法律→律法]应许生命给那些遵…
72	3.md	得上荣耀	算得上荣耀	页内1处 贴合=0.98 方向=+0.02 领先=1.98 …年没有在上帝面前[得上荣耀→算得上荣耀]的行为所以他信应…
74	3.md	救免	赦免	页内1处 贴合=0.93 方向=+0.07 领先=1.93 …点都被上帝白白的[救免→赦免]之恩遮盖了加给一…
74	3.md	此没有	此外没有	页内1处 贴合=0.94 方向=+0.03 领先=1.94 …的必要那正如他说[此没有→此外没有]得称为义的方法不…
74	3.md	阳光	面光	页内1处 贴合=0.94 方向=+0.06 领先=1.94 …罪人敢来到上帝的[阳光→面光]之中就如我们在亚…
75	3.md	说	诡	页内16处 贴合=0.95 方向=+0.05 领先=0.62 …帝的恩慈这义就是[说→诡]辩家想要分割的以…
76	3.md	既然受死了人在前约之时所犯的罪过	既然受死赎了人在前约之时所犯的罪过	页内1处 贴合=0.83 方向=-0.02 领先=1.83 …他作了新约的中保[既然受死了人在前约之时所犯的罪过→既然受死赎了人在前约之时所犯的罪过]但我们绝不能以为…
77	3.md	真才显明	真相才显明	页内1处 贴合=0.83 方向=+0.03 领先=1.83 …到日期满足的时候[真才显明→真相才显明]我们再说把我们卷…
77	3.md	口头	日头	页内1处 贴合=0.85 方向=+0.06 领先=1.85 …的证据但当公义的[口头→日头]出现的时候就越发…
77	3.md	就越发光	就越发光明	页内1处 贴合=0.89 方向=+0.03 领先=1.89 …的日头出现的时候[就越发光→就越发光明]所以我们当注意旧…
77	3.md	世人皆因不义而丧失了	世人都因不义而丧失了	页内1处 贴合=0.76 方向=+0.05 领先=1.76 …上帝那里找到救法[世人皆因不义而丧失了→世人都因不义而丧失了]罗马书罗马书罗马…
78	3.md	这里所信信的律法	这里所说的律法	页内1处 贴合=0.74 方向=+0.02 领先=1.74 …钦定本译为译者按[这里所信信的律法→这里所说的律法]稍欠妥当但也无妨…
78	3.md	结束	结果	页内1处 贴合=0.85 方向=+0.00 领先=1.85 …当我们得到信心的[结束→结果]时一切行为上的夸…
79	3.md	本书	本节	页内1处 贴合=0.79 方向=+0.00 领先=1.79 …是归给爱但保罗在[本书→本节]经文中坚定确实地…
79	3.md	法律	律法	页内2处 贴合=0.72 方向=+0.00 领先=0.48 …解释相反所附加的[法律→律法]二字与功德上的行…
80	3.md	此怀疑	此项怀疑	页内1处 贴合=0.85 方向=+0.02 领先=1.85 …律法乃是要成全太[此怀疑→此项怀疑]不但关乎礼仪律也…
80	3.md	之前的的不同前置词	之前的不同前置词	页内1处 贴合=0.92 方向=+0.02 领先=1.92 …本把原文中两个信[之前的的不同前置词→之前的不同前置词]翻译出来他要因人…
81	3.md	得到法律正确的义	得到律法正确的义	页内1处 贴合=0.98 方向=+0.04 领先=1.98 …我们首先在他里面[得到法律正确的义→得到律法正确的义]而这义也就归给我…
83	4.md	指导着	指着	页内1处 贴合=0.93 方向=+0.02 领先=1.93 …无特殊的限制乃是[指导着→指着]救恩之约与被收纳…
84	4.md	圣经	本节	页内1处 贴合=0.72 方向=+0.00 领先=1.72 …得到的我已经解释[圣经→本节]经文如何与雅各书…
85	4.md	上帝称为义	上帝称人为义	页内1处 贴合=0.98 方向=+0.02 领先=1.98 …个消极方面的短句[上帝称为义→上帝称人为义]就是不把罪归给人…
87	4.md	法律	律法	页内2处 贴合=0.81 方向=+0.00 领先=0.76 …唯一问题就是借着[法律→律法]的仪式来得到义但…
87	4.md	法律	律法	页内1处 贴合=0.86 方向=+0.00 领先=1.86 …行为犹太人由于对[法律→律法]愚钝和粗野的滥用…
90	4.md	意思是说	这意思是说	页内1处 贴合=0.73 方向=+0.03 领先=1.73 …放在相反的地位上[意思是说→这意思是说]继承权是应许给亚…
91	4.md	丰盛	丰满	页内1处 贴合=0.90 方向=+0.05 领先=1.90 …亚伯拉罕也把上帝[丰盛→丰满]的祝福提供给他使…
92	4.md	激动	惹动	页内1处 贴合=0.92 方向=+0.05 领先=1.92 …由就很难看出如何[激动→惹动]上帝的忿怒来抵挡…
96	4.md	当作	解作	页内1处 贴合=0.93 方向=+0.07 领先=1.93 …不软弱这句话应当[当作→解作]毫无动摇犹如当我…
98	4.md	乃是给我们上帝的最大耻辱	乃是我们给上帝的最大耻辱	页内1处 贴合=0.67 方向=+0.00 领先=1.67 …威摒弃于千里之外[乃是给我们上帝的最大耻辱→乃是我们给上帝的最大耻辱]因此在敬拜上帝的…
98	4.md	乃是心以顺服的心来接受	乃是以顺服的心来接受	页内1处 贴合=0.70 方向=+0.02 领先=1.70 …敬拜上帝的重点上[乃是心以顺服的心来接受→乃是以顺服的心来接受]上帝的应许真实的…
98	4.md	所有的人都承认	所有的人既都承认	页内1处 贴合=0.83 方向=-0.02 领先=1.83 …所应许的必能作成[所有的人都承认→所有的人既都承认]上帝的能力所以保…
99	4.md	传递给我们的的时候	传递给我们的时候	页内1处 贴合=0.96 方向=+0.02 领先=1.96 …师但当他们把历史[传递给我们的的时候→传递给我们的时候]我们从其中并未得…
100	4.md	得称为义为吗	得称为义吗	页内1处 贴合=0.97 方向=+0.03 领先=1.97 …们要以此同一方法[得称为义为吗→得称为义吗]这意思倒很合适罗…
101	4.md	显得	显示得	页内1处 贴合=0.90 方向=+0.04 领先=1.90 …性在基督的复活中[显得→显示得]更加清楚有些人说…
103	5.md	和祂	和睦	页内2处 贴合=0.83 方向=+0.08 领先=0.42 …传达给我们福音是[和祂→和睦]的执事我们得了和…
103	5.md	和祂	和睦	页内1处 贴合=0.81 方向=+0.06 领先=1.81 …睦的执事我们得了[和祂→和睦]才得以进入上帝的…
103	5.md	进	进入	页内3处 贴合=0.79 方向=+0.04 领先=0.64 …而来的自恃保罗用[进→进入]两字使我们知道救…
103	5.md	面对见面	面对面见	页内1处 贴合=0.81 方向=+0.06 领先=1.81 …的性情有分当我们[面对见面→面对面见]上帝时我们必要像…
104	5.md	乃是可叹羡的高峰为目标	乃是以可叹羡的高峰为目标	页内1处 贴合=0.68 方向=-0.02 领先=1.68 …话保罗所用的方法[乃是可叹羡的高峰为目标→乃是以可叹羡的高峰为目标]有了可见的目标保…
105	5.md	忠难生忍耐	患难生忍耐	页内1处 贴合=0.67 方向=+0.07 领先=1.67 …了却不至死亡林后[忠难生忍耐→患难生忍耐]这不是患难所产生…
105	5.md	应当当时记得	应当时常记得	页内1处 贴合=0.88 方向=+0.08 领先=1.88 …望是出于老练我们[应当当时记得→应当时常记得]上帝的恩惠如果我…
111	5.md	法律	律法	页内3处 贴合=0.81 方向=+0.00 领先=0.54 …气因为当人类不受[法律→律法]监管时他们就容易…
111	5.md	法律	律法	页内2处 贴合=0.75 方向=+0.00 领先=0.50 …不存在因此若没有[法律→律法]的警告罪似乎是被…
112	5.md	保罗乃是以上亚当和基督作一对比	保罗乃是以亚当和基督作一对比	页内1处 贴合=0.95 方向=-0.02 领先=1.95 …们就只是榜样而已[保罗乃是以上亚当和基督作一对比→保罗乃是以亚当和基督作一对比]我们必须注意此点…
114	5.md	决定	要决定	页内1处 贴合=0.90 方向=+0.03 领先=1.90 …特殊的题目他乃是[决定→要决定]重要的中心思想他…
114	5.md	再述	再复述	页内1处 贴合=0.85 方向=+0.04 领先=1.85 …帝的慈爱保罗此处[再述→再复述]同一论点的目的乃…
114	5.md	乃是叫人宣扬	乃是要人宣扬	页内1处 贴合=0.86 方向=+0.05 领先=1.86 …述同一论点的目的[乃是叫人宣扬→乃是要人宣扬]上帝的恩惠叫人不…
114	5.md	确实	确据	页内1处 贴合=0.89 方向=+0.06 领先=1.89 …以享受完全救恩的[确实→确据]此乃是我們感恩的…
114	5.md	我们就是都是失丧的人	我们就都是失丧的人	页内1处 贴合=0.95 方向=+0.02 领先=1.95 …以公义来对待我们[我们就是都是失丧的人→我们就都是失丧的人]但是他在基督里使…
115	5.md	功用	功能	页内3处 贴合=0.96 方向=+0.04 领先=0.75 …是借着一种特殊的[功用→功能]因着父母们与上帝…
116	5.md	法律	律法	页内3处 贴合=1.00 方向=+0.06 领先=0.62 …求我们就必须顺服[法律→律法]不是部分地顺服乃…
116	5.md	法律	律法	页内2处 贴合=0.79 方向=+0.06 领先=0.48 …称义必须完全顺服[法律→律法]才能有效然而完全…
116	5.md	法律	律法	页内1处 贴合=1.00 方向=+0.07 领先=2.00 …有效然而完全遵行[法律→律法]是不可能的事我们…
117	5.md	乃是指出人类对罪的知识	乃是指人类对罪的知识	页内1处 贴合=0.92 方向=+0.02 领先=1.92 …我认为显多或增多[乃是指出人类对罪的知识→乃是指人类对罪的知识]以及人的顽梗逐渐…
117	5.md	人类轻视律法者的权威	人类轻视赐律者的权威	页内1处 贴合=0.98 方向=+0.04 领先=1.98 …律法而显多了因为[人类轻视律法者的权威→人类轻视赐律者的权威]藐视上帝的威严恩…
121	6.md	基督	基督徒	页内15处 贴合=0.94 方向=+0.03 领先=0.59 …一贯的论点在此向[基督→基督徒]讲话洗礼虽是外表…
121	6.md	基督	基督徒	页内15处 贴合=0.81 方向=+0.03 领先=0.37 …也见证说加拉太的[基督→基督徒]凡受过洗礼的都已…
121	6.md	仍会	仍应	页内1处 贴合=0.94 方向=+0.06 领先=1.94 …是外表的记号但是[仍会→仍应]产生实际的效果我…
123	6.md	分有	有分	页内1处 贴合=1.00 方向=+0.06 领先=2.00 …法是在基督的死上[分有→有分]有些解经家认为保…
123	6.md	挥	罪	页内1处 贴合=0.73 方向=+0.07 领先=1.73 …指血肉之体乃是指[挥→罪]的整体对于一个只…
123	6.md	要使我们看到	为要使我们看到	页内1处 贴合=0.93 方向=+0.03 领先=1.93 …明明地提到十字架[要使我们看到→为要使我们看到]唯一能治死旧人的…
124	6.md	效果	果效	页内2处 贴合=0.92 方向=+0.08 领先=0.58 …的本性以及死亡的[效果→果效]所推论出来的如果…
124	6.md	有所分	有分	页内1处 贴合=0.97 方向=+0.03 领先=1.97 …们若要在永生里面[有所分→有分]就当背起十字架来…
125	6.md	萎缩	畏缩	页内1处 贴合=0.88 方向=+0.06 领先=1.88 …而是我们绝对不能[萎缩→畏缩]或是不敢将肉体治…
125	6.md	借着天上来奥妙力量	借着天上来的奥妙力量	页内1处 贴合=0.90 方向=+0.03 领先=1.90 …命赐给信徒或是说[借着天上来奥妙力量→借着天上来的奥妙力量]将他自己的生命吹…
126	6.md	伊拉谟斯	伊拉斯谟	页内1处 贴合=0.67 方向=+0.08 领先=1.67 …义即在基督耶稣里[伊拉谟斯→伊拉斯谟]译为靠着基督耶稣…
129	6.md	不安	不平安	页内1处 贴合=1.00 方向=+0.03 领先=2.00 …在他们就只能行在[不安→不平安]的道路之中保罗为…
131	6.md	威惧恐	威吓恐惧	页内1处 贴合=0.82 方向=+0.08 领先=1.82 …心中成形比律法以[威惧恐→威吓恐惧]来勉强我们行善更…
131	6.md	伊拉拉斯谟	伊拉斯谟	页内1处 贴合=0.76 方向=+0.03 领先=1.76 …出圣洁善良的生活[伊拉拉斯谟→伊拉斯谟]根据拉丁文通俗译…
131	6.md	法律	律法	页内1处 贴合=1.00 方向=+0.06 领先=2.00 …们我们就不能脱离[法律→律法]的辖制同时恩惠使…
131	6.md	相待	相符	页内1处 贴合=0.89 方向=+0.06 领先=1.89 …里也与律法的准则[相待→相符]借此我们的一切生…
132	6.md	述	叙述	页内1处 贴合=0.89 方向=+0.03 领先=1.89 …热心保罗在此避免[述→叙述]他全部心意为的是…
135	6.md	因为我们所得的恩赐	因我们所得的恩赐	页内1处 贴合=0.96 方向=+0.02 领先=1.96 …也不单是只有一样[因为我们所得的恩赐→因我们所得的恩赐]乃是穿上圣子的义…
136	7.md	时间	期限	页内1处 贴合=0.86 方向=+0.00 领先=1.86 …指律法是否存在的[时间→期限]保罗在此所发的问…
136	7.md	肯要定	要肯定	页内1处 贴合=0.82 方向=+0.00 领先=1.82 …此所发的问题乃是[肯要定→要肯定]他的主题从这句问…
138	7.md	严法	律法	页内1处 贴合=0.78 方向=+0.05 领先=1.78 …了自由我们乃是从[严法→律法]严厉的要求以及因…
138	7.md	基督使	基督徒	页内1处 贴合=0.90 方向=+0.05 领先=1.90 …后永活的生命所以[基督使→基督徒]当晓得他们与基督…
142	7.md	以前提为出发点	以一般的前提为出发点	页内1处 贴合=0.96 方向=+0.06 领先=1.96 …显然地其实他乃是[以前提为出发点→以一般的前提为出发点]然后以他自己为例…
143	7.md	受到了律法的熏陶	已受到了律法的熏陶	页内1处 贴合=0.94 方向=+0.02 领先=1.94 …乃是从孩提时代就[受到了律法的熏陶→已受到了律法的熏陶]但因这不过是出于…
143	7.md	乃是指挥律法虽然	乃是指律法虽然	页内1处 贴合=0.89 方向=+0.02 领先=1.89 …里所说的没有律法[乃是指挥律法虽然→乃是指律法虽然]摆在他的眼前却并…
145	7.md	法律	律法	页内5处 贴合=0.80 方向=+0.00 领先=0.64 …死吗前面保罗已为[法律→律法]辩护免得有人会发…
145	7.md	法律	律法	页内4处 贴合=0.75 方向=+0.00 领先=0.42 …然可能会有人怀疑[法律→律法]或许是死亡的缘由…
145	7.md	法律	律法	页内3处 贴合=0.75 方向=+0.00 领先=0.42 …的败坏是我们误用[法律→律法]与走向死亡的原因…
145	7.md	法律	律法	页内2处 贴合=0.83 方向=+0.00 领先=0.49 …相反但在此他否认[法律→律法]是死亡的原因所以…
146	7.md	法律	律法	页内5处 贴合=0.94 方向=+0.06 领先=0.72 …过保罗在此乃是以[法律→律法]与人的本性作为对…
146	7.md	法律是属灵的	律法是属灵的	页内2处 贴合=0.97 方向=+0.06 领先=0.55 …立的是心灵与肉体[法律是属灵的→律法是属灵的]人是属肉体的因人…
146	7.md	法律	律法	页内3处 贴合=0.89 方向=+0.06 领先=0.72 …体的因人的本性与[法律→律法]之间根本没有相似…
146	7.md	法律	律法	页内2处 贴合=0.97 方向=+0.07 领先=0.55 …相反我们所提到的[法律→律法]是属灵的乃是说法…
146	7.md	法律	律法	页内1处 贴合=0.75 方向=+0.06 领先=1.75 …法是属灵的乃是说[法律→律法]不但约束我们外表…
146	7.md	某一定程度	某一程度	页内1处 贴合=0.77 方向=+0.03 领先=1.77 …到两者之区别又从[某一定程度→某一程度]看来属肉体的也是…
146	7.md	服从从	服从罪	页内1处 贴合=0.97 方向=+0.05 领先=1.97 …于自愿的服从我们[服从从→服从罪]是因为在我们里面…
147	7.md	才会此种冲突	才会有此种冲突	页内1处 贴合=0.88 方向=-0.03 领先=1.88 …灵重生与成圣的人[才会此种冲突→才会有此种冲突]如果一个人单是随…
147	7.md	他们也在享乐时	他们在享乐时	页内1处 贴合=0.87 方向=+0.03 领先=1.87 …也会被良心所刺痛[他们也在享乐时→他们在享乐时]也不能没有某种痛…
147	7.md	认识善与判别是非之心	认识善恶与判别是非之心	页内1处 贴合=0.79 方向=-0.02 领先=1.79 …那样不定自己的罪[认识善与判别是非之心→认识善恶与判别是非之心]并没有从罪人心中…
148	7.md	以外自己	以自己	页内1处 贴合=0.79 方向=+0.01 领先=1.79 …世人的本性他乃是[以外自己→以自己]的情形作为例子来…
148	7.md	法律	律法	页内1处 贴合=0.92 方向=+0.04 领先=1.92 …说信徒能够不违背[法律→律法]那么他就变为一个…
149	7.md	法律	律法	页内5处 贴合=0.93 方向=+0.05 领先=0.68 …他都没有完全遵守[法律→律法]而且也厌烦了自己…
149	7.md	在他的里面的肉体残余部分	在他里面的肉体残余部分	页内1处 贴合=0.89 方向=+0.02 领先=1.89 …同法律之义的但是[在他的里面的肉体残余部分→在他里面的肉体残余部分]却并不恨恶罪罗马…
149	7.md	法律	律法	页内4处 贴合=0.76 方向=+0.07 领先=0.48 …律法是对的也喜欢[法律→律法]的义因为我的内心…
149	7.md	法律	律法	页内3处 贴合=0.94 方向=+0.06 领先=0.78 …信经验也告诉我们[法律→律法]不会将邪恶归于我…
149	7.md	法律	律法	页内2处 贴合=0.83 方向=+0.06 领先=0.67 …于我们事实上假使[法律→律法]遇到了一个正直清…
149	7.md	法律	律法	页内1处 贴合=0.83 方向=+0.06 领先=1.83 …健全的心意是赞同[法律→律法]之义的但是在他里…
150	7.md	法	铭	页内1处 贴合=0.84 方向=+0.06 领先=1.84 …也证明有上帝的律[法→铭]刻在他心中罗马书…
151	7.md	就当时准备随从圣灵的引导	就当随时准备随从圣灵的引导	页内1处 贴合=0.91 方向=-0.02 领先=1.91 …作而得了重生之后[就当时准备随从圣灵的引导→就当随时准备随从圣灵的引导]因此我们可以热忱…
151	7.md	赞同法律	赞同律法	页内1处 贴合=0.73 方向=+0.00 领先=1.73 …法之义作见证也能[赞同法律→赞同律法]由此可见假使我们…
153	7.md	是指出未曾重生的人	是指未曾重生的人	页内1处 贴合=0.92 方向=+0.02 领先=1.92 …义认为保罗在此乃[是指出未曾重生的人→是指未曾重生的人]这种看法是完全错…
153	7.md	分辨我们自己本性的败坏	分辨他们自己本性的败坏	页内1处 贴合=0.98 方向=+0.05 领先=1.98 …律而得以更明智地[分辨我们自己本性的败坏→分辨他们自己本性的败坏]也看到那从败坏本…
153	7.md	似乎是美好的	似乎是最美好的	页内1处 贴合=0.98 方向=+0.03 领先=1.98 …出在肉体之中看来[似乎是美好的→似乎是最美好的]也不过是可怜的东…
157	8.md	我认为为此处用的	我认为此处用的	页内1处 贴合=0.97 方向=+0.02 领先=1.97 …们获得上帝的平安[我认为为此处用的→我认为此处用的]律字较为相宜伊拉…
158	8.md	法律	律法	页内2处 贴合=0.89 方向=+0.04 领先=0.67 …一个新的救法因此[法律→律法]有所不能行的那方…
158	8.md	法律	律法	页内1处 贴合=0.83 方向=+0.06 领先=1.83 …求救法所以若是以[法律→律法]的规条来衡量我们…
159	8.md	此处	本处	页内1处 贴合=0.88 方向=+0.06 领先=1.88 …了刑罚然而我认为[此处→本处]原文中的罪字就是…
159	8.md	但我觉这里的意义	但我觉得这里的意义	页内1处 贴合=0.94 方向=+0.03 领先=1.94 …应得的而来攻击他[但我觉这里的意义→但我觉得这里的意义]乃是指我们得救赎…
160	8.md	法律	律法	页内1处 贴合=0.88 方向=+0.04 领先=1.88 …重生的人都能完成[法律→律法]这种看法是错误的…
161	8.md	圣重生	圣灵重生	页内1处 贴合=0.91 方向=+0.03 领先=1.91 …惠属于那些已经被[圣重生→圣灵重生]并努力活出圣洁生…
162	8.md	不动摇不变的真理	不动摇不改变的真理	页内1处 贴合=0.81 方向=+0.03 领先=1.81 …猜测同时却有一个[不动摇不变的真理→不动摇不改变的真理]就是只有公义才能…
163	8.md	者	着	页内3处 贴合=0.81 方向=+0.05 领先=0.67 …真理就是所有不顺[者→着]圣灵而行的人都是…
165	8.md	提	提醒	页内5处 贴合=0.93 方向=+0.04 领先=0.43 …被除去我们早已经[提→提醒]读者这里的灵字不…
165	8.md	天	灵	页内1处 贴合=0.77 方向=+0.05 领先=1.77 …保罗说上帝以他的[天→灵]使基督复活又将他…
166	8.md	贬损	减损	页内1处 贴合=0.97 方向=+0.06 领先=1.97 …这样的说法也并不[贬损→减损]约翰福音的经文我…
166	8.md	基督是借着	基督确是借着	页内1处 贴合=0.72 方向=+0.04 领先=1.72 …也有权柄取回来约[基督是借着→基督确是借着]他自己的能力从死…
168	8.md	恐怕	惧怕	页内1处 贴合=0.94 方向=+0.06 领先=1.94 …并不是要叫我们因[恐怕→惧怕]而困扰因忧愁而痛…
170	8.md	同灵证	灵同证	页内1处 贴合=0.63 方向=+0.11 领先=1.63 …词即圣灵与我们的[同灵证→灵同证]保罗的意思是当圣…
170	8.md	谎说	臆说	页内1处 贴合=0.97 方向=+0.07 领先=1.97 …者关于道德方面的[谎说→臆说]这节经文也是最好…
171	8.md	疑惧	犹疑	页内1处 贴合=0.97 方向=+0.07 领先=1.97 …不安或是只能给人[疑惧→犹疑]与错觉当诡辩者说…
171	8.md	他们自己	他自己	页内1处 贴合=0.81 方向=+0.03 领先=1.81 …提到上帝怎样治理[他们自己→他自己]的百姓罗马书罗马…
171	8.md	现在的苦楚	以现在的苦楚	页内2处 贴合=0.88 方向=+0.04 领先=0.50 …永恒的荣耀正如他[现在的苦楚→以现在的苦楚]来指今世所受的但…
173	8.md	无章	无辜	页内1处 贴合=0.91 方向=+0.05 领先=1.91 …因为天地万物一切[无章→无辜]的受造之物也要因…
174	8.md	但不仅如此	不但如此	页内1处 贴合=0.58 方向=+0.07 领先=1.58 …马书罗马书罗马书[但不仅如此→不但如此]就是我们有些人以…
174	8.md	或说到今天	或说直到今天	页内1处 贴合=0.90 方向=+0.03 领先=1.90 …里的连词直到如今[或说到今天→或说直到今天]从这句话中可以减…
174	8.md	尊荣	尊严	页内1处 贴合=0.78 方向=+0.06 领先=1.78 …我们将来的幸福与[尊荣→尊严]因为万物不但是受…
174	8.md	热切的意愿	热切的愿望	页内1处 贴合=0.95 方向=+0.05 领先=1.95 …生了的人类也都以[热切的意愿→热切的愿望]期待将来的幸福这…
175	8.md	证此	证实此	页内1处 贴合=0.64 方向=+0.06 领先=1.64 …他以盼望的特性来[证此→证实此]点因盼望乃是关系…
178	8.md	不但因为圣灵激励自己	不但是因为圣灵谦卑自己	页内1处 贴合=0.65 方向=-0.02 领先=1.65 …灵乃是替我们祷告[不但因为圣灵激励自己→不但是因为圣灵谦卑自己]把自己放在求告者…
178	8.md	地位向上帝祈求	地位上向上帝祈求	页内1处 贴合=0.82 方向=+0.03 领先=1.82 …自己放在求告者的[地位向上帝祈求→地位上向上帝祈求]而且也是因为圣灵…
178	8.md	被上帝所见的事实	被上帝听见的事实	页内1处 贴合=0.93 方向=+0.05 领先=1.93 …借着圣灵的祷告而[被上帝所见的事实→被上帝听见的事实]可以使我们有确切…
178	8.md	使我很安慰的事实	使我得安慰的事实	页内1处 贴合=0.90 方向=+0.05 领先=1.90 …给我们看到另一个[使我很安慰的事实→使我得安慰的事实]我们按照他心意所…
182	8.md	刑罚	责罚	页内1处 贴合=0.89 方向=+0.06 领先=1.89 …误的我承认上帝的[刑罚→责罚]有时是出于上帝的…
183	8.md	就有一切	就有了一切	页内1处 贴合=0.97 方向=+0.03 领先=1.97 …那些有了基督的人[就有一切→就有了一切]不再需要其他的东…
185	8.md	可得	可靠	页内1处 贴合=0.97 方向=+0.06 领先=1.97 …使他们的救恩永远[可得→可靠]由此也可以知道假…
186	8.md	以致上帝来垂听	以致使上帝来垂听	页内1处 贴合=0.91 方向=+0.03 领先=1.91 …使我们与上帝复和[以致上帝来垂听→以致使上帝来垂听]我们的祈祷罗马书…
187	8.md	因苦	困苦	页内1处 贴合=0.86 方向=+0.00 领先=1.86 …的特性是患难吗是[因苦→困苦]吗是逼迫吗保罗所…
187	8.md	他的妻子	他妻子	页内1处 贴合=0.95 方向=+0.05 领先=1.95 …罗得的情形一个是[他的妻子→他妻子]叫他纳妾一个是他…
187	8.md	他的女儿	他女儿	页内1处 贴合=0.95 方向=+0.05 领先=1.95 …子叫他纳妾一个是[他的女儿→他女儿]与他同房这种难处…
190	9.md	法律	律法	页内1处 贴合=0.79 方向=+0.06 领先=1.79 …地这样想如果这是[法律→律法]与先知的教训那么…
197	9.md	前言	预言	页内1处 贴合=0.85 方向=+0.06 领先=1.85 …的儿女保罗在此从[前言→预言]的话中推断出一个…
198	9.md	为首	开首	页内1处 贴合=0.94 方向=+0.06 领先=1.94 …文在原文中以不但[为首→开首]的片语省略了代名…
199	9.md	乃在乎乎人的主	乃在乎召人的主	页内2处 贴合=0.93 方向=+0.04 领先=0.37 …即不在乎人的行为[乃在乎乎人的主→乃在乎召人的主]因此将一切的疑难…
199	9.md	乃在乎乎人的主	乃在乎召人的主	页内1处 贴合=1.00 方向=+0.04 领先=2.00 …上不在乎人的行为[乃在乎乎人的主→乃在乎召人的主]更是显出不靠人的…
199	9.md	从这句中	从这句话中	页内1处 贴合=0.98 方向=+0.02 领先=1.98 …明上帝拣选的旨意[从这句中→从这句话中]他使读者看到上帝…
200	9.md	忠恩	忘恩	页内1处 贴合=0.95 方向=+0.05 领先=1.95 …而你们比以东人更[忠恩→忘恩]我赏赐了你们极大…
202	9.md	默然	默想	页内1处 贴合=0.83 方向=+0.07 领先=1.83 …拣选的人他要我们[默然→默想]上帝的怜悯然而关…
202	9.md	蒙拣的	蒙拣选的	页内1处 贴合=0.80 方向=+0.03 领先=1.80 …他又指出上帝对于[蒙拣的→蒙拣选的]或被弃的都没有不…
203	9.md	我若一定定向某人	我若一次定意向某人	页内1处 贴合=0.61 方向=-0.02 领先=1.61 …话真正的意义如下[我若一定定向某人→我若一次定意向某人]显出我的怜悯我就…
204	9.md	指导奋斗努力	指奋斗努力	页内1处 贴合=0.89 方向=+0.03 领先=1.89 …里所说的奔跑乃是[指导奋斗努力→指奋斗努力]蒙拣选完全是出于…
205	9.md	命定你	我命定你	页内1处 贴合=0.98 方向=+0.02 领先=1.98 …我将你兴起来乃是[命定你→我命定你]上帝在此给我们看…
205	9.md	预遭	霸道	页内1处 贴合=0.95 方向=+0.09 领先=1.95 …预先看到了法老的[预遭→霸道]并且早已已有方法…
205	9.md	早已已有方法	早已有方法	页内1处 贴合=0.75 方向=+0.02 领先=1.75 …了法老的霸道并且[早已已有方法→早已有方法]限制他而且他命定…
205	9.md	计画	预计	页内1处 贴合=0.92 方向=+0.05 领先=1.92 …为的是要按照他的[计画→预计]明显地彰显他的权…
205	9.md	明显地	明明地	页内1处 贴合=1.00 方向=+0.07 领先=2.00 …是要按照他的预计[明显地→明明地]彰显他的权能如同…
205	9.md	從开始	从他一开始	页内1处 贴合=0.85 方向=+0.11 领先=1.85 …在此所讨论的乃是[從开始→从他一开始]就是如此有时意外…
205	9.md	由此他安排的	由他安排的	页内1处 贴合=0.87 方向=+0.02 领先=1.87 …处上帝说法老乃是[由此他安排的→由他安排的]法老的性格也是上…
206	9.md	口吻	口气	页内1处 贴合=0.94 方向=+0.06 领先=1.94 …的人一定会用各种[口吻→口气]来攻击上帝的公义…
207	9.md	接受他们的噩运	来接受他们的噩运	页内1处 贴合=0.97 方向=+0.03 领先=1.97 …其愤慨他们被勉强[接受他们的噩运→来接受他们的噩运]事实上是对的却又…
207	9.md	论辩的人也是如此	论辩派的人也是如此	页内1处 贴合=0.95 方向=+0.03 领先=1.95 …们但又称他为暴君[论辩的人也是如此→论辩派的人也是如此]他们所称的上帝绝…
207	9.md	看来似乎是有的其他的论点	看来似乎是有其他的论点	页内1处 贴合=0.93 方向=+0.02 领先=1.93 …因要解答这个难题[看来似乎是有的其他的论点→看来似乎是有其他的论点]为根据的为什么他…
207	9.md	只要有了上帝的旨意	因只要有了上帝的旨意	页内1处 贴合=0.88 方向=+0.03 领先=1.88 …放在最高的地位上[只要有了上帝的旨意→因只要有了上帝的旨意]就足够为我们辩论…
208	9.md	眼睛	脆弱	页内1处 贴合=0.94 方向=+0.11 领先=1.94 …慧为了怜恤我们的[眼睛→脆弱]他只要我们振作起…
210	9.md	命运已经定好了	命运已经先定好了	页内1处 贴合=0.72 方向=+0.04 领先=1.72 …们出生之前他们的[命运已经定好了→命运已经先定好了]罗马书罗马书罗马…
212	9.md	份	有份	页内1处 贴合=0.94 方向=+0.03 领先=1.94 …止外邦人在救恩上[份→有份]的阻挡也存在于犹…
213	9.md	说	话	页内12处 贴合=0.77 方向=+0.08 领先=0.46 …更大的注意先知的[说→话]明明是要阻止犹太…
213	9.md	说明	说	页内1处 贴合=0.86 方向=+0.03 领先=1.86 …经文中我们也可以[说明→说]上帝向他们显出忿…
214	9.md	乃是指出人被仇人屠杀	乃是指人被仇人屠杀	页内1处 贴合=0.92 方向=-0.02 领先=1.92 …张法他所说的结局[乃是指出人被仇人屠杀→乃是指人被仇人屠杀]之后数目因此而减…
215	9.md	法律的义	律法的义	页内1处 贴合=0.89 方向=+0.00 领先=1.89 …书但以色列人追求[法律的义→律法的义]保罗在此坦然地说…
215	9.md	乃是高举	乃是要高举	页内1处 贴合=0.83 方向=-0.02 领先=1.83 …前半句保罗的目的[乃是高举→乃是要高举]上帝的恩惠因为外…
216	9.md	思	切	页内3处 贴合=0.95 方向=+0.05 领先=0.84 …人的例子可以作一[思→切]想靠行为进上帝帝…
216	9.md	上帝帝国	上帝国	页内1处 贴合=0.93 方向=+0.03 领先=1.93 …作一切想靠行为进[上帝帝国→上帝国]的前车之鉴保罗所…
217	9.md	要作为敬虔者的安慰	为要作为敬虔者的安慰	页内1处 贴合=1.00 方向=+0.03 领先=2.00 …赛亚书另一处的话[要作为敬虔者的安慰→为要作为敬虔者的安慰]他似乎是说我们不…
219	10.md	法律的总结就是基督	律法的总结就是基督	页内1处 贴合=0.78 方向=+0.00 领先=1.78 …马书罗马书罗马书[法律的总结就是基督→律法的总结就是基督]总结如同伊拉斯谟…
219	10.md	追求法律的义	追求律法的义	页内1处 贴合=0.83 方向=+0.00 领先=1.83 …为犹太人乃是通过[追求法律的义→追求律法的义]因而看来似乎是行…
219	10.md	为法律的假教师	为律法的假教师	页内1处 贴合=0.74 方向=+0.00 领先=1.74 …求靠行为称义的人[为法律的假教师→为律法的假教师]因为法律乃是上帝…
219	10.md	因为法律乃是上帝赐下来	因为律法乃是上帝赐下来	页内1处 贴合=0.81 方向=+0.00 领先=1.81 …人为律法的假教师[因为法律乃是上帝赐下来→因为律法乃是上帝赐下来]引导我们认识上帝…
219	10.md	一切法律的教训	一切律法的教训	页内1处 贴合=0.84 方向=+0.00 领先=1.84 …识上帝的义事实上[一切法律的教训→一切律法的教训]一切诫命一切应许…
219	10.md	大大地滥用法律	大大地滥用了律法	页内1处 贴合=0.84 方向=-0.03 领先=1.84 …临到我们因为他们[大大地滥用法律→大大地滥用了律法]犹太人使那原是来…
219	10.md	耍除上帝的轭	要除掉上帝的轭	页内1处 贴合=0.57 方向=-0.02 领先=1.57 …当他说到他们乃是[耍除上帝的轭→要除掉上帝的轭]时就是说他们都是…
219	10.md	不行在上帝的道中	不行在上帝的道路中	页内1处 贴合=0.85 方向=-0.02 领先=1.85 …光照而明知故犯地[不行在上帝的道中→不行在上帝的道路中]就必死有余辜罗马…
220	10.md	敬畏	敬虔	页内1处 贴合=0.89 方向=+0.06 领先=1.89 …职责乃是教导百姓[敬畏→敬虔]的真规范如果这个…
221	10.md	考察	要考虑	页内1处 贴合=0.95 方向=+0.07 领先=1.95 …所当行的本分乃是[考察→要考虑]他们所行的有多少…
221	10.md	法律	律法	页内3处 贴合=0.97 方向=+0.05 领先=0.70 …既然没有人能达到[法律→律法]所指定的义也没有…
221	10.md	法律	律法	页内2处 贴合=0.97 方向=+0.06 领先=0.85 …以以色列人想获得[法律→律法]的义是全然错误的…
222	10.md	来	要	页内81处 贴合=0.84 方向=+0.04 领先=0.56 …之义的人下面我们[来→要]解释保罗所用的字…
222	10.md	推送	推荐	页内1处 贴合=0.81 方向=+0.05 领先=1.81 …将上帝的大恩大爱[推送→推荐]给他的百姓因为上…
224	10.md	对于神有坚固的基础	对于救恩有坚固的基础	页内1处 贴合=0.97 方向=+0.10 领先=1.97 …可以注意到使我们[对于神有坚固的基础→对于救恩有坚固的基础]的道乃是从事摩西…
224	10.md	乃是从事摩西的话而来的	乃是从摩西的话而来的	页内1处 贴合=0.85 方向=+0.03 领先=1.85 …有坚固的基础的道[乃是从事摩西的话而来的→乃是从摩西的话而来的]就是我们所传信主…
224	10.md	全是从上帝的恩惠	全是出于上帝的恩惠	页内1处 贴合=0.83 方向=+0.11 领先=1.83 …是认为我们的幸福[全是从上帝的恩惠→全是出于上帝的恩惠]罗马书罗马书罗马…
224	10.md	以外部代表整体	以局部代表整体	页内1处 贴合=0.93 方向=+0.07 领先=1.93 …提到口的时候乃是[以外部代表整体→以局部代表整体]以口指脸面但使使…
224	10.md	但使使用到	但使徒使用到	页内1处 贴合=0.93 方向=+0.04 领先=1.93 …表整体以口指脸面[但使使用到→但使徒使用到]口字的时候乃是有…
224	10.md	乃是有的用意	乃是另有用意	页内1处 贴合=1.00 方向=+0.06 领先=2.00 …使用到口字的时候[乃是有的用意→乃是另有用意]当我们的主将他的…
227	10.md	女儿	儿女	页内1处 贴合=0.83 方向=+0.05 领先=1.83 …狗而不给予上帝的[女儿→儿女]因此保罗同时提出…
228	10.md	福	祝福	页内4处 贴合=1.00 方向=+0.03 领先=0.85 …敢于来盼望他所赐[福→祝福]的人才会得到这一…
228	10.md	认	认为	页内3处 贴合=0.97 方向=+0.03 领先=0.72 …保罗并不如此因他[认→认为]我们的祷告若不确…
228	10.md	盲目信心	盲目的信心	页内1处 贴合=0.98 方向=+0.03 领先=1.98 …的他在此并不是指[盲目信心→盲目的信心]乃是我们的心确知…
229	10.md	比喻	换喻法	页内1处 贴合=0.89 方向=+0.07 领先=1.89 …值是无比的脚踪以[比喻→换喻法]来讲乃是指临到罗…
231	10.md	诗人是在说话	诗人在说话	页内1处 贴合=0.97 方向=+0.03 领先=1.97 …徒的信息中并不是[诗人是在说话→诗人在说话]却是上帝的工作是…
233	10.md	从事新的创造	从新的创造	页内1处 贴合=0.94 方向=+0.03 领先=1.94 …此属灵的生命乃是[从事新的创造→从新的创造]涌流出来的保罗视…
234	10.md	表示希伯来文一个字的观念	表示希伯来文中一个字的观念	页内1处 贴合=0.81 方向=-0.02 领先=1.81 …本乃是以两个字来[表示希伯来文一个字的观念→表示希伯来文中一个字的观念]首先乃是指他们不…
236	11.md	此主题	以上问题	页内1处 贴合=0.90 方向=+0.17 领先=1.90 …他的百姓保罗对于[此主题→以上问题]的回答是否定的但…
236	11.md	一般选	一般特选	页内1处 贴合=0.77 方向=+0.03 领先=1.77 …是很公正的上帝在[一般选→一般特选]的子民之间显出上…
237	11.md	在内之地	在地	页内1处 贴合=0.85 方向=+0.06 领先=1.85 …属他的人他就不会[在内之地→在地]吸引他们来归向他…
240	11.md	有人的人以为	有的人以为	页内1处 贴合=0.86 方向=+0.02 领先=1.86 …人的意义不太明显[有人的人以为→有的人以为]是指一切蒙拣选的…
240	11.md	行义	义行	页内1处 贴合=0.69 方向=+0.06 领先=1.69 …为上帝的拣选即是[行义→义行]并不是由于人的功…
241	11.md	是因为	是因	页内1处 贴合=0.82 方向=+0.02 领先=1.82 …的根源我们必须说[是因为→是因]他们已先受了上帝…
242	11.md	标	极	页内1处 贴合=0.91 方向=+0.06 领先=1.91 …到本节经文乃是指[标→极]多数的人不是少数…
242	11.md	以外他们	以他们	页内1处 贴合=0.83 方向=+0.03 领先=1.83 …蒙来描写后者乃是[以外他们→以他们]弯腰曲背来描写这…
243	11.md	难逃伤痛的光景	难逃过伤痛的光景	页内1处 贴合=0.90 方向=+0.03 领先=1.90 …过我们时我们心中[难逃伤痛的光景→难逃过伤痛的光景]假如按照主的旨意…
246	11.md	法律	律法	页内1处 贴合=0.97 方向=+0.05 领先=1.97 …两个比喻一是取自[法律→律法]的条例一是取自自…
247	11.md	真实性	确实性	页内1处 贴合=0.60 方向=+0.07 领先=1.60 …他没有减少信心的[真实性→确实性]我们必须特别注意…
250	11.md	在某一种程度来讲	在某一程度来讲	页内1处 贴合=0.93 方向=+0.02 领先=1.93 …罗在此所给的警告[在某一种程度来讲→在某一程度来讲]是关于信徒的免得…
252	11.md	乃是指标极大多数的人	乃是指极大多数的人	页内1处 贴合=0.96 方向=+0.02 领先=1.96 …外邦人的数目添满[乃是指标极大多数的人→乃是指极大多数的人]当时归信基督的人…
260	12.md	保罗在此的话	保罗在此所说的话	页内1处 贴合=0.76 方向=+0.08 领先=1.76 …成圣的生命世俗化[保罗在此的话→保罗在此所说的话]都是很合宜的他说…
261	12.md	礼祭	祭礼	页内1处 贴合=0.85 方向=+0.03 领先=1.85 …是引述摩西所定的[礼祭→祭礼]是在祭坛上献给上…
262	12.md	但在此乃是指标的人的性格与动作	但在此乃是指人的性格与动作	页内1处 贴合=0.81 方向=+0.04 领先=1.81 …界此字有许多意义[但在此乃是指标的人的性格与动作→但在此乃是指人的性格与动作]保罗叫我们不要效…
262	12.md	完全是与上帝的隔绝的	完全是与上帝的义隔绝的	页内1处 贴合=0.75 方向=-0.02 领先=1.75 …人整个心灵与身体[完全是与上帝的隔绝的→完全是与上帝的义隔绝的]叫你们察验这里给…
262	12.md	世界想要要求得全德	世界想要求得全德	页内1处 贴合=0.98 方向=+0.02 领先=1.98 …才能得上帝的喜悦[世界想要要求得全德→世界想要求得全德]常发明新的东西而…
263	12.md	标明	指明	页内1处 贴合=0.84 方向=+0.04 领先=1.84 …是没有意义的乃是[标明→指明]本节经文是与前面…
263	12.md	讲过	说过	页内1处 贴合=0.94 方向=+0.06 领先=1.94 …惠如同他在前面所[讲过→说过]的为的是要称颂上…
265	12.md	全体	全身体	页内1处 贴合=0.93 方向=+0.04 领先=1.93 …兄上帝这样行是对[全体→全身体]的救恩有利我们在…
265	12.md	地	地位	页内7处 贴合=1.00 方向=+0.04 领先=0.63 …职分或侵犯别人的[地→地位]当每一个信徒将他…
266	12.md	指导宗信仰	指宗教信仰	页内1处 贴合=0.87 方向=+0.05 领先=1.87 …说的信心二字乃是[指导宗信仰→指宗教信仰]的最高原则任何教…
267	12.md	勉励	勤勉	页内1处 贴合=0.97 方向=+0.06 领先=1.97 …之安全的责任他必[勉励→勤勉]注意因他们的本分…
271	12.md	都被定罪	都当被定罪	页内1处 贴合=0.71 方向=-0.02 领先=1.71 …野心与自大的态度[都被定罪→都当被定罪]信徒们主要的美德…
273	12.md	许诺	嘉许	页内1处 贴合=1.00 方向=+0.06 领先=2.00 …证却是单求上帝的[许诺→嘉许]这个命令的目的乃…
275	12.md	若是如果我们	若是我们	页内1处 贴合=0.89 方向=-0.07 领先=1.89 …恶待我们的人行善[若是如果我们→若是我们]没有以仁慈来对待…
278	13.md	极易实行	很易于实行	页内1处 贴合=0.93 方向=+0.06 领先=1.93 …重上帝的命定这是[极易实行→很易于实行]的只要我们不在内…
281	13.md	凡邻舍含有如爱自己的人	凡爱邻舍有如爱自己的人	页内1处 贴合=0.96 方向=+0.04 领先=1.96 …面他似乎是这样说[凡邻舍含有如爱自己的人→凡爱邻舍有如爱自己的人]已经完成了他对世…
281	13.md	没有什么理由的	没有理由的	页内1处 贴合=0.93 方向=+0.04 领先=1.93 …他将此略去似乎是[没有什么理由的→没有理由的]但使徒故意将此略…
281	13.md	我们也都必须加上	我们也必须加上	页内1处 贴合=0.94 方向=+0.03 领先=1.94 …我们生发爱人的心[我们也都必须加上→我们也必须加上]他所略去的话就是…
283	13.md	叫我们要如同同行在白昼的光中	叫我们要如同行在白昼的光中	页内1处 贴合=0.93 方向=+0.01 领先=1.93 …闲荡然而接着他就[叫我们要如同同行在白昼的光中→叫我们要如同行在白昼的光中]他在此所用的比喻…
283	13.md	他在此处提到三种邪恶的行为	他在此提到三种邪恶的行为	页内1处 贴合=0.98 方向=+0.02 领先=1.98 …马书不可荒宴醉酒[他在此处提到三种邪恶的行为→他在此提到三种邪恶的行为]而且每种都用了两…
284	13.md	交通	有交通	页内1处 贴合=0.89 方向=-0.02 领先=1.89 …为我们虽然与天上[交通→有交通]我们却仍寄居在世…
284	13.md	自已	自己	页内1处 贴合=0.71 方向=+0.00 领先=1.71 …此而叫我们忘记了[自已→自己]的天家甚至于外邦…
284	13.md	去	以	页内2处 贴合=0.73 方向=+0.00 领先=0.73 …我们所有的也不想[去→以]庄重的合法的态度…
286	14.md	这对话对两方面来讲	这话对两方面来讲	页内1处 贴合=0.93 方向=+0.02 领先=1.93 …所已经收纳的弟兄[这对话对两方面来讲→这话对两方面来讲]都是一样的罗马书…
287	14.md	上帝的旨意	圣经的语气把上帝的旨意	页内1处 贴合=0.65 方向=-0.10 领先=1.65 …作成他在此乃是以[上帝的旨意→圣经的语气把上帝的旨意]与上帝的能力连在…
289	14.md	却是讨论人所应当行事的	却是讨论人所应当行的事	页内1处 贴合=0.71 方向=+0.05 领先=1.71 …论人可以行事的事[却是讨论人所应当行事的→却是讨论人所应当行的事]我们也当注意他所…
290	14.md	总是主人的	总是主的人	页内1处 贴合=0.97 方向=+0.06 领先=1.97 …由因我们或活或死[总是主人的→总是主的人]由于这个原因他有…
295	14.md	件	样	页内2处 贴合=0.82 方向=+0.09 领先=0.55 …马书罗马书在这几[件→样]事上服侍基督的保…
295	14.md	大兴旺	大大兴旺	页内1处 贴合=0.92 方向=+0.03 领先=1.92 …定会因他的缘故而[大兴旺→大大兴旺]凡在公义里面以一…
296	14.md	随	睦	页内2处 贴合=0.72 方向=+0.05 领先=0.56 …的邻舍为要实践和[随→睦]与造就这两件事我…
297	14.md	耍	要	页内1处 贴合=1.00 方向=+0.05 领先=2.00 …的最主要之处乃是[耍→要]确实有把握并心意…
300	15.md	乃是使读者	乃是要使读者	页内1处 贴合=0.84 方向=+0.03 领先=1.84 …他的例子他的目的[乃是使读者→乃是要使读者]不会以为他对他们…
301	15.md	功慰	劝慰	页内1处 贴合=0.91 方向=+0.00 领先=1.91 …有些人将安慰译成[功慰→劝慰]我不反对此种译法…
301	15.md	我个人的讨论	个人本分的讨论	页内1处 贴合=0.76 方向=-0.03 领先=1.76 …祷他知道一切对于[我个人的讨论→个人本分的讨论]若不是上帝借着住…
302	15.md	指示	指使	页内1处 贴合=1.00 方向=+0.05 领先=2.00 …说的离了上帝乃是[指示→指使]我们离开上帝真理…
302	15.md	心都合起来称颂上帝	心都合一起来称颂上帝	页内1处 贴合=0.94 方向=+0.02 领先=1.94 …因为除非众信徒的[心都合起来称颂上帝→心都合一起来称颂上帝]或万口联合起来同…
304	15.md	本节经文中有二度得以证实	本节经文中二度得以证实	页内1处 贴合=0.86 方向=-0.03 领先=1.86 …外邦人蒙召的事在[本节经文中有二度得以证实→本节经文中二度得以证实]第一当基督兴起在…
305	15.md	乃是前面经节所说的	乃是指前面经节所说的	页内1处 贴合=0.84 方向=+0.02 领先=1.84 …人有盼望的上帝时[乃是前面经节所说的→乃是指前面经节所说的]但愿那位使我们有…
305	15.md	这里所说的信	这里所说的因信	页内1处 贴合=0.93 方向=+0.02 领先=1.93 …会将平安赐予我们[这里所说的信→这里所说的因信]可以作为以至于信…
306	15.md	外使	使徒	页内1处 贴合=0.85 方向=+0.00 领先=1.85 …宣称他自己乃是以[外使→使徒]的职分来向他们讲…
307	15.md	其	他	页内1处 贴合=0.70 方向=+0.09 领先=1.70 …要领人来归主并将[其→他]们献上的人对于福…
309	15.md	一般都是	一般人都是	页内1处 贴合=0.88 方向=+0.03 领先=1.88 …当译为充分地传扬[一般都是→一般人都是]这样译法意思是在…
309	15.md	此处特别提到	此要特别提到	页内1处 贴合=0.85 方向=+0.05 领先=1.85 …使徒职分所以他在[此处特别提到→此要特别提到]使徒职分的特性与…
310	15.md	以利古	以利哩古	页内1处 贴合=1.00 方向=+0.04 领先=2.00 …的使命自犹大直到[以利古→以利哩古]传遍了福音现在那…
312	15.md	乃是信徒们	乃是以信徒们	页内1处 贴合=0.93 方向=+0.03 领先=1.93 …确实相信保罗在此[乃是信徒们→乃是以信徒们]将他们的物质来帮…
312	15.md	帮助	帮补	页内1处 贴合=0.97 方向=+0.06 领先=1.97 …们将他们的物质来[帮助→帮补]贫苦弟兄的事看作…
312	15.md	乃是只指犹太人	乃是指犹太人	页内1处 贴合=0.97 方向=+0.03 领先=1.97 …些钱所谓善果保罗[乃是只指犹太人→乃是指犹太人]所撒的福音种子有…
314	15.md	伊拉拉斯	伊拉斯谟	页内1处 贴合=0.85 方向=+0.06 领先=1.85 …你们与我一同竭力[伊拉拉斯→伊拉斯谟]译本作在我的劳苦…
314	15.md	愿	按	页内5处 贴合=0.89 方向=+0.07 领先=0.15 …算可以但我却宁愿[愿→按]字面翻译因为保罗…
314	15.md	捐款	捐项	页内2处 贴合=0.90 方向=+0.07 领先=0.55 …为耶路撒冷所办的[捐款→捐项]可蒙圣徒收纳那些…
314	15.md	收纳	悦纳	页内1处 贴合=0.91 方向=+0.06 领先=1.91 …办的捐项可蒙圣徒[收纳→悦纳]那些诽谤保罗名誉…
317	16.md	初的果子	初结的果子	页内1处 贴合=0.96 方向=+0.02 领先=1.96 …在亚细亚是归基督[初的果子→初结的果子]保罗在此暗示律法…
321	16.md	凡上帝所所行的事	凡上帝所做所行的事	页内1处 贴合=0.91 方向=-0.02 领先=1.91 …可以衷心依靠上帝[凡上帝所所行的事→凡上帝所做所行的事]都能使他们确切相…
323	16.md	预言这事的时候	预言这些事的时候	页内1处 贴合=1.00 方向=+0.02 领先=2.00 …帝使他自己的仆人[预言这事的时候→预言这些事的时候]他并没有给他们指…
323	16.md	明澈清楚	明澄清楚	页内1处 贴合=0.64 方向=+0.04 领先=1.64 …的比起福音之光的[明澈清楚→明澄清楚]是如此含糊不明所…
